id,origin,sourceCardId,unit,domain,command,section,sectionFocus,marks,question,modelAnswer,formatSupport,retainedInWrittenExam
we-bio-state-photosynthesis-equation,curated-visual-bank,,9B,biology,state,Section A,Core knowledge,1,State the word equation for photosynthesis.,carbon dioxide + water → glucose + oxygen,curated,yes
we-bio-identify-glucose-uses,curated-visual-bank,,9B,biology,identify,Section A,Core knowledge,3,Use the glucose map. Identify three ways a plant can use glucose.,"Glucose can be used in respiration, stored as starch and used to make cellulose for cell walls. It can also be used to make lipids/oils and proteins with mineral ions.",curated,yes
we-bio-describe-photosynthesis-light-graph,curated-visual-bank,,9B,biology,describe,Section C,Data and calculations,3,Use the graph. Describe how light intensity affects the rate of photosynthesis.,"As light intensity increases, the rate of photosynthesis increases. At higher light intensity the graph levels off, so increasing light further does not increase the rate much. This is because another factor becomes limiting.",curated,yes
we-bio-explain-magnesium-deficiency,curated-visual-bank,,9B,biology,explain,Section B,Written reasoning,3,Explain why a plant may grow poorly if it does not get enough magnesium ions.,"Magnesium is needed to make chlorophyll. Chlorophyll absorbs light for photosynthesis. With less chlorophyll, the plant photosynthesises less and makes less glucose for growth.",curated,yes
we-bio-describe-natural-selection-giraffes,curated-visual-bank,,9A,biology,explain,Section B,Written reasoning,4,Use the giraffe image. Explain how natural selection could lead to longer necks becoming more common over many generations.,"There is variation in neck length in the giraffe population. Giraffes with longer necks can reach more food, so they are more likely to survive. They reproduce and pass on alleles for longer necks. Over many generations, long necks become more common in the population.",curated,yes
we-bio-describe-biodiversity-conservation,curated-visual-bank,,9A,biology,describe,Section B,Written reasoning,3,Use the biodiversity diagram. Describe two causes of extinction risk and one way biodiversity can be preserved.,"Habitat destruction and climate change can put species at risk of extinction. Biodiversity can be preserved using nature reserves, breeding programmes, hunting bans or seed/gene banks.",curated,yes
we-bio-explain-farming-method-impact,curated-visual-bank,,9B,biology,explain,Section B,Written reasoning,3,Use the farming table. Choose one farming method and explain one benefit and one environmental problem.,"Using fertilisers helps crops grow because it adds mineral ions to the soil. However, fertiliser runoff can enter rivers and cause algal growth, reducing oxygen and harming aquatic animals.",curated,yes
we-bio-describe-food-web-pesticide,curated-visual-bank,,9B,biology,describe,Section B,Written reasoning,3,Use the food web. Describe what may happen if pesticides reduce the number of insects.,"If insects decrease, animals that eat insects have less food and may decrease. Predators that feed on those animals may also decrease. This can affect the balance of the food web.",curated,yes
we-bio-explain-bioaccumulation-top-predator,curated-visual-bank,,9B,biology,explain,Section B,Written reasoning,3,Use the food-chain diagram. Explain why the top predator has the highest toxin concentration.,"Toxins build up in organisms and are passed along the food chain when organisms are eaten. Each predator eats many prey, so more toxin accumulates at each level. The top predator has the highest concentration because it is at the end of the food chain.",curated,yes
we-bio-identify-root-hair-adaptations,curated-visual-bank,,9B,biology,identify,Section A,Core knowledge,2,Use the root hair cell diagram. Identify two adaptations that help it absorb water and mineral ions.,Root hair cells have a long hair-like extension that gives a large surface area. They also have a thin cell wall/short diffusion distance for absorption.,curated,yes
we-bio-identify-leaf-transport-features,curated-visual-bank,,9B,biology,identify,Section A,Core knowledge,2,Use the plant transport diagram. Identify the tissue that carries water and the opening that lets carbon dioxide enter the leaf.,Xylem carries water through the plant. Stomata are openings that let carbon dioxide diffuse into the leaf.,curated,yes
we-chem-state-neutralisation-products,curated-visual-bank,,9F,chemistry,state,Section A,Core knowledge,1,State the products of a neutralisation reaction between an acid and an alkali.,The products are a salt and water.,curated,yes
we-chem-identify-state-symbols,curated-visual-bank,,9E,chemistry,identify,Section A,Core knowledge,2,Identify what the state symbols (s) and (aq) mean in chemical equations.,"(s) means solid. (aq) means aqueous, which means dissolved in water.",curated,yes
we-chem-describe-peer-review-process,curated-visual-bank,,9E,chemistry,describe,Section B,Written reasoning,3,Use the peer-review diagram. Describe the peer-review process in science.,"A scientist writes a paper and submits it to a scientific journal. The editor sends it to expert reviewers. The reviewers check the method, evidence, originality and conclusions before the paper is accepted, revised or rejected.",curated,yes
we-chem-identify-exothermic-endothermic,curated-visual-bank,,9E,chemistry,identify,Section A,Core knowledge,2,Use the two energy-transfer diagrams. Identify which change is exothermic and which is endothermic.,The diagram with energy transferred to the surroundings is exothermic. The diagram with energy taken in from the surroundings is endothermic.,curated,yes
we-chem-describe-displacement-reaction,curated-visual-bank,,9F,chemistry,describe,Section B,Written reasoning,3,Use the displacement reaction diagram. Describe what happens when magnesium is added to copper sulfate solution.,"Magnesium is more reactive than copper, so magnesium displaces copper from copper sulfate. Magnesium forms magnesium sulfate in solution. Copper forms as a solid deposit.",curated,yes
we-chem-explain-reactivity-extraction,curated-visual-bank,,9F,chemistry,explain,Section B,Written reasoning,3,Use the reactivity series. Explain why aluminium is extracted by electrolysis but iron can be extracted using carbon.,"Aluminium is more reactive than carbon, so carbon cannot remove oxygen from aluminium oxide. Aluminium must therefore be extracted by electrolysis. Iron is less reactive than carbon, so carbon can reduce iron oxide and extract iron.",curated,yes
we-chem-explain-thermite-redox,curated-visual-bank,,9F,chemistry,explain,Section B,Written reasoning,4,"In the thermite reaction, aluminium reacts with iron oxide to make aluminium oxide and iron. Explain which substance is oxidised and which is reduced.","Aluminium gains oxygen to form aluminium oxide, so aluminium is oxidised. Iron oxide loses oxygen to form iron, so iron oxide is reduced. Oxidation and reduction happen together in the reaction.",curated,yes
we-chem-describe-recycling-method,curated-visual-bank,,9E,chemistry,describe,Section B,Written reasoning,3,Use the recycling diagram. Describe how one material is recycled and give one benefit of recycling.,"Glass can be collected, sorted, crushed, melted and remade into new glass products. Recycling reduces landfill and reduces the need for new raw materials.",curated,yes
we-chem-identify-physical-chemical-change,curated-visual-bank,,9F,chemistry,identify,Section A,Core knowledge,2,Use the change diagrams. Identify one physical change and one chemical reaction.,"A physical change does not make a new substance. A chemical reaction makes a new substance, often shown by signs such as gas, colour change, heat/light or a precipitate.",curated,yes
we-phys-state-resultant-force,curated-visual-bank,,9I,physics,state,Section A,Core knowledge,1,State what is meant by the resultant force on an object.,The resultant force is the overall force on an object.,curated,yes
we-phys-describe-distance-time-graph,curated-visual-bank,,9I,physics,describe,Section C,Data and calculations,3,Use the distance-time graph. Describe the motion shown by the graph.,A sloping line means the object is moving at constant speed. A steeper line means a greater speed. A horizontal line means the object is stationary because the distance is not changing.,curated,yes
we-phys-describe-speed-time-graph,curated-visual-bank,,9I,physics,describe,Section C,Data and calculations,3,Use the speed-time graph. Describe the motion shown in the graph.,"The object accelerates at first because its speed increases. It then travels at constant speed when the line is horizontal above zero. If the line slopes down, the object decelerates.",curated,yes
we-phys-explain-terminal-velocity,curated-visual-bank,,9I,physics,explain,Section B,Written reasoning,4,Use the falling-object sequence. Explain why a falling object reaches terminal velocity.,"At first weight is greater than air resistance, so the object accelerates. As speed increases, air resistance increases. Eventually air resistance equals weight, so the resultant force is zero. The object then falls at constant speed, called terminal velocity.",curated,yes
we-phys-calculate-moment,curated-visual-bank,,9I,physics,calculate,Section C,Data and calculations,2,Use the balanced lever diagram. Calculate the missing distance on the right-hand side.,"Left moment = 240 × 2 = 480 N m. For balance, right moment = 480 N m. Distance = 480 ÷ 160 = 3 m.",curated,yes
we-phys-calculate-density-displacement,curated-visual-bank,,9I,physics,calculate,Section C,Data and calculations,3,Use the measuring cylinders. Calculate the density of the object in g/cm³.,"Initial volume = 35 cm³ and final volume = 60 cm³, so volume = 25 cm³. Density = 125 ÷ 25 = 5 g/cm³.",curated,yes
we-phys-explain-pressure-contact-area,curated-visual-bank,,9I,physics,explain,Section C,Data and calculations,3,Use the shoe diagrams. Explain which shoe produces the greater pressure on the ground.,"Both shoes have the same force, but shoe A has a smaller contact area. Pressure = force ÷ area, so the same force over a smaller area gives a greater pressure. Shoe A produces the greater pressure.",curated,yes
we-phys-identify-circuit-meters,curated-visual-bank,,9J,physics,identify,Section A,Core knowledge,2,Use the circuit diagram. Identify where an ammeter and a voltmeter should be connected.,"The ammeter should be connected in series, for example at position X or Z. The voltmeter should be connected in parallel across the lamp, at position Y.",curated,yes
we-phys-explain-wire-resistance-investigation,curated-visual-bank,,9J,physics,describe,Section B,Written reasoning,4,Use the practical setup. Describe how to investigate how wire length affects resistance.,"Set up the wire with an ammeter in series and a voltmeter in parallel across the test length. Change the length of the wire using the crocodile clips. Keep the wire material, thickness and temperature the same. Measure voltage and current, then calculate resistance using resistance = voltage ÷ current.",curated,yes
we-phys-compare-current-voltage-resistance,curated-visual-bank,,9J,physics,explain,Section C,Data and calculations,3,Use the current-voltage graph. Explain which component has the greater resistance.,"For the same potential difference, the component with the smaller current has the greater resistance. Line B has a smaller current than line A at the same voltage, so line B has the greater resistance.",curated,yes
we-phys-explain-static-charge-transfer,curated-visual-bank,,9J,physics,explain,Section B,Written reasoning,3,Use the static-charge diagram. Explain how one object becomes negatively charged after rubbing.,Electrons are transferred from one object to the other during rubbing. The object that gains electrons becomes negatively charged. The other object loses electrons and becomes positively charged.,curated,yes
we-phys-describe-electromagnet-strength,curated-visual-bank,,9J,physics,describe,Section B,Written reasoning,3,Use the electromagnet diagram. Describe two ways to make the electromagnet stronger and explain one of them.,"The electromagnet can be made stronger by increasing the current, adding more turns to the coil or adding an iron core. More turns or a larger current produce a stronger magnetic field, and an iron core makes the field stronger inside the coil.",curated,yes
derived-y9-093-9i-for-a-lever-the-pivot-is-also-called-the,open-answer-card,y9-093-9i-for-a-lever-the-pivot-is-also-called-the,9I,physics,identify,Section A,Core knowledge,1,"In the labelled lever diagram, what is label Y also called?",fulcrum,label-or-feature,yes
derived-y9-229-9a-describe-what-environmental-variation-is,open-answer-card,y9-229-9a-describe-what-environmental-variation-is,9A,biology,describe,Section B,Written reasoning,2,Describe what environmental variation is.,"Environmental variation is variation caused by conditions in the environment, such as light, diet, exercise, disease or climate.",linked-description,yes
derived-y9-232-9a-define-classification,open-answer-card,y9-232-9a-define-classification,9A,biology,explain,Section B,Written reasoning,3,Why do scientists classify organisms using similarities and differences?,"Classification sorts organisms into groups based on similarities and differences, so organisms can be identified and compared more clearly.",cause-effect,yes
derived-y9-233-9a-define-species,open-answer-card,y9-233-9a-define-species,9A,biology,explain,Section B,Written reasoning,3,"Two animals can mate, but their offspring are not fertile. Why would scientists not count them as the same species?",They would not count them as the same species because members of the same species must reproduce to produce fertile offspring.,cause-effect,yes
derived-y9-234-9a-explain-how-environmental-variation-can-cause-problems-with-classifica,open-answer-card,y9-234-9a-explain-how-environmental-variation-can-cause-problems-with-classifica,9A,biology,explain,Section B,Written reasoning,3,Explain how environmental variation can cause problems with classification.,"Environmental factors can make organisms of the same species look different, so appearance alone may not show true relationships.",cause-effect,yes
derived-y9-235-9a-describe-what-happens-during-fertilisation-and-what-is-formed,open-answer-card,y9-235-9a-describe-what-happens-during-fertilisation-and-what-is-formed,9A,biology,describe,Section B,Written reasoning,2,Describe what happens during fertilisation and what is formed.,A male gamete fuses with a female gamete. Their nuclei combine and a zygote is formed.,linked-description,yes
derived-y9-236-9a-describe-how-chromosomes-dna-and-genes-are-linked-together,open-answer-card,y9-236-9a-describe-how-chromosomes-dna-and-genes-are-linked-together,9A,biology,describe,Section B,Written reasoning,2,"Describe how chromosomes, DNA and genes are linked together.",Chromosomes are found in the nucleus and are made from DNA. Genes are short sections of DNA that code for characteristics.,linked-description,yes
derived-y9-237-9a-state-three-ways-we-can-preserve-biodiversity,open-answer-card,y9-237-9a-state-three-ways-we-can-preserve-biodiversity,9A,biology,state,Section A,Core knowledge,1,State three ways we can preserve biodiversity.,"Possible ways include nature reserves, captive breeding, seed/gene banks, habitat protection, and banning trade in endangered organisms.",short-fact,yes
derived-y9-239-9b-state-where-a-plant-gets-the-reactants-it-needs-for-photosynthesis,open-answer-card,y9-239-9b-state-where-a-plant-gets-the-reactants-it-needs-for-photosynthesis,9B,biology,state,Section A,Core knowledge,1,State where a plant gets the reactants it needs for photosynthesis.,Carbon dioxide enters from the air through stomata; water is absorbed by roots; light comes from the Sun or lamp.,short-fact,yes
derived-y9-240-9b-describe-what-happens-to-the-products-of-photosynthesis,open-answer-card,y9-240-9b-describe-what-happens-to-the-products-of-photosynthesis,9B,biology,describe,Section B,Written reasoning,2,Describe what happens to the products of photosynthesis.,"Oxygen may diffuse out of the leaf; glucose can be used in respiration or converted to starch, cellulose, lipids or proteins.",linked-description,yes
derived-y9-242-9b-suggest-when-photosynthesis-might-occur-in-plants,open-answer-card,y9-242-9b-suggest-when-photosynthesis-might-occur-in-plants,9B,biology,state,Section A,Core knowledge,2,Suggest when photosynthesis might occur in plants.,"Photosynthesis occurs when light is available and the plant has carbon dioxide, water and chlorophyll.",short-fact,yes
derived-y9-243-9b-describe-the-route-water-takes-from-soil-to-a-leaf,open-answer-card,y9-243-9b-describe-the-route-water-takes-from-soil-to-a-leaf,9B,biology,describe,Section B,Written reasoning,2,Describe the route water takes from soil to a leaf.,"Water is absorbed by root hair cells, passes into root tissues, travels up xylem vessels, and enters leaf cells.",linked-description,yes
derived-y9-248-9b-suggest-why-seeds-need-starch,open-answer-card,y9-248-9b-suggest-why-seeds-need-starch,9B,biology,explain,Section B,Written reasoning,3,Suggest why seeds need starch.,Seeds need starch as an energy store. During germination it is digested to glucose for respiration and growth.,cause-effect,yes
derived-y9-249-9e-design-poster-prompt-list-what-a-year-9-poster-on-ceramics-polymers-an,open-answer-card,y9-249-9e-design-poster-prompt-list-what-a-year-9-poster-on-ceramics-polymers-an,9E,chemistry,state,Section A,Core knowledge,1,"Design-poster prompt: list what a Year 9 poster on ceramics, polymers and composites should include.","It should include examples, properties, uses, links between properties and structure/bonding, environmental problems, and recycling/disposal options.",short-fact,yes
derived-y9-250-9e-explain-how-properties-of-ceramics-link-to-bonding-and-structure,open-answer-card,y9-250-9e-explain-how-properties-of-ceramics-link-to-bonding-and-structure,9E,chemistry,explain,Section B,Written reasoning,3,Explain how properties of ceramics link to bonding and structure.,"Strong bonds in a rigid lattice give high melting points and hardness, but the structure can be brittle when layers crack or defects spread.",cause-effect,yes
derived-y9-251-9e-explain-why-composites-often-have-better-properties-than-their-separat,open-answer-card,y9-251-9e-explain-why-composites-often-have-better-properties-than-their-separat,9E,chemistry,explain,Section B,Written reasoning,3,Explain why composites often have better properties than their separate materials.,"A composite combines materials so one provides strength or stiffness while another binds, protects or adds flexibility.",cause-effect,yes
derived-y9-252-9e-explain-one-environmental-problem-caused-by-making-materials,open-answer-card,y9-252-9e-explain-one-environmental-problem-caused-by-making-materials,9E,chemistry,explain,Section B,Written reasoning,3,Explain one environmental problem caused by making materials.,"Making materials can burn fossil fuels, releasing carbon dioxide; some processes also release toxins or sulfur dioxide.",cause-effect,yes
derived-y9-254-9f-why-is-a-metal-oxide-reduced-when-carbon-extracts-a-metal,open-answer-card,y9-254-9f-why-is-a-metal-oxide-reduced-when-carbon-extracts-a-metal,9F,chemistry,explain,Section B,Written reasoning,3,Why is a metal oxide reduced when carbon extracts a metal?,"The metal oxide loses oxygen to carbon, forming the metal and carbon dioxide or carbon monoxide.",cause-effect,yes
derived-y9-255-9f-explain-why-aluminium-is-extracted-by-electrolysis-rather-than-carbon-,open-answer-card,y9-255-9f-explain-why-aluminium-is-extracted-by-electrolysis-rather-than-carbon-,9F,chemistry,explain,Section B,Written reasoning,3,Explain why aluminium is extracted by electrolysis rather than carbon reduction.,"Aluminium is more reactive than carbon, so carbon cannot displace it from its oxide; electrolysis is needed.",cause-effect,yes
derived-y9-256-9f-explain-why-rusting-is-a-problem-and-name-two-prevention-methods,open-answer-card,y9-256-9f-explain-why-rusting-is-a-problem-and-name-two-prevention-methods,9F,chemistry,explain,Section B,Written reasoning,3,Explain why rusting is a problem and name two prevention methods.,"Rust weakens iron/steel. Prevention methods include painting, oiling/greasing, galvanising, coating with plastic, or sacrificial protection.",cause-effect,yes
derived-y9-257-9i-describe-how-to-raise-a-large-upright-stone-using-levers-moments-and-r,open-answer-card,y9-257-9i-describe-how-to-raise-a-large-upright-stone-using-levers-moments-and-r,9I,physics,describe,Section B,Written reasoning,2,"Describe how to raise a large upright stone using levers, moments and ramps.","Use levers to create a larger turning moment, move the stone gradually, and use ramps to reduce the force needed by increasing the distance moved.",linked-description,yes
derived-y9-258-9i-explain-why-a-shallow-ramp-needs-less-force-but-more-distance,open-answer-card,y9-258-9i-explain-why-a-shallow-ramp-needs-less-force-but-more-distance,9I,physics,explain,Section B,Written reasoning,3,Explain why a shallow ramp needs less force but more distance.,"The same work is spread over a longer distance, so a smaller force is needed, ignoring friction.",cause-effect,yes
derived-y9-259-9i-calculate-the-weight-of-a-54-kg-person-on-earth-where-g-10-n-kg,open-answer-card,y9-259-9i-calculate-the-weight-of-a-54-kg-person-on-earth-where-g-10-n-kg,9I,physics,calculate,Section C,Data and calculations,2,Calculate the weight of a 54 kg person on Earth where g = 10 N/kg.,Weight = mass × g = 54 × 10 = 540 N.,calculation-method,yes
derived-y9-260-9i-a-96-kg-person-is-on-a-planet-where-g-14-n-kg-calculate-weight,open-answer-card,y9-260-9i-a-96-kg-person-is-on-a-planet-where-g-14-n-kg-calculate-weight,9I,physics,calculate,Section C,Data and calculations,2,A 96 kg person is on a planet where g = 14 N/kg. Calculate weight.,Weight = mass × g = 96 × 14 = 1344 N.,calculation-method,yes
derived-y9-261-9i-a-person-weighs-1220-n-on-earth-where-g-10-n-kg-calculate-mass,open-answer-card,y9-261-9i-a-person-weighs-1220-n-on-earth-where-g-10-n-kg-calculate-mass,9I,physics,calculate,Section C,Data and calculations,2,A person weighs 1220 N on Earth where g = 10 N/kg. Calculate mass.,Mass = weight / g = 1220 / 10 = 122 kg.,calculation-method,yes
derived-y9-263-9j-how-can-the-strength-of-an-electromagnet-be-increased,open-answer-card,y9-263-9j-how-can-the-strength-of-an-electromagnet-be-increased,9J,physics,explain,Section B,Written reasoning,3,How can the strength of an electromagnet be increased?,"Increase the current, increase the number of coils, or use an iron core.",cause-effect,yes
derived-y9-265-9j-describe-the-difference-between-current-and-voltage,open-answer-card,y9-265-9j-describe-the-difference-between-current-and-voltage,9J,physics,describe,Section B,Written reasoning,2,Describe the difference between current and voltage / potential difference.,"Current is the rate of flow of charge around a circuit. Voltage, or potential difference, is the energy transferred per unit charge.",linked-description,yes
derived-y9-266-9j-explain-why-plastic-handles-are-safe-on-electrical-wires,open-answer-card,y9-266-9j-explain-why-plastic-handles-are-safe-on-electrical-wires,9J,physics,explain,Section B,Written reasoning,3,Explain why plastic handles are safe on electrical wires.,"Plastic has very high resistance and is an insulator, so current cannot easily flow through it to your body.",cause-effect,yes
derived-y9-267-9j-describe-how-to-test-whether-resistance-depends-on-wire-length,open-answer-card,y9-267-9j-describe-how-to-test-whether-resistance-depends-on-wire-length,9J,physics,describe,Section B,Written reasoning,2,Describe how to test whether resistance depends on wire length.,Use wires of the same material and thickness but different lengths; measure current and voltage for each and calculate resistance.,linked-description,yes
derived-y9-268-9j-calculate-weight-mass-34-kg-and-gravitational-field-strength-6-8-n-kg,open-answer-card,y9-268-9j-calculate-weight-mass-34-kg-and-gravitational-field-strength-6-8-n-kg,9J,physics,calculate,Section C,Data and calculations,2,Calculate weight: mass = 34 kg and gravitational field strength = 6.8 N/kg.,231.2 N,calculation-method,yes
derived-y9-269-9j-a-person-has-weight-686-n-and-mass-56-kg-calculate-gravitational-field,open-answer-card,y9-269-9j-a-person-has-weight-686-n-and-mass-56-kg-calculate-gravitational-field,9J,physics,calculate,Section C,Data and calculations,2,A person has weight 686 N and mass 56 kg. Calculate gravitational field strength.,12.25 N/kg,calculation-method,yes
derived-y9-273-9i-a-force-of-40-n-moves-a-box-3-m-calculate-work-done,open-answer-card,y9-273-9i-a-force-of-40-n-moves-a-box-3-m-calculate-work-done,9I,physics,calculate,Section C,Data and calculations,2,A force of 40 N moves a box 3 m. Calculate work done.,120 J,calculation-method,yes
derived-y9-274-9i-a-5-n-force-acts-0-4-m-from-a-pivot-calculate-the-moment,open-answer-card,y9-274-9i-a-5-n-force-acts-0-4-m-from-a-pivot-calculate-the-moment,9I,physics,calculate,Section C,Data and calculations,2,A 5 N force acts 0.4 m from a pivot. Calculate the moment.,2 N m,calculation-method,yes
derived-y9x-002-9a-outline-why-dinosaurs-became-extinct,open-answer-card,y9x-002-9a-outline-why-dinosaurs-became-extinct,9A,biology,explain,Section B,Written reasoning,3,Outline why dinosaurs became extinct.,"Dinosaurs became extinct after major environmental change, probably linked to an asteroid impact and climate change, which disrupted food chains and habitats.",cause-effect,yes
derived-y9x-003-9a-use-evidence-to-explain-how-scientists-can-infer-something-about-triceratops-suc,open-answer-card,y9x-003-9a-use-evidence-to-explain-how-scientists-can-infer-something-about-triceratops-suc,9A,biology,explain,Section B,Written reasoning,3,"Use evidence to explain how scientists can infer something about Triceratops, such as whether it was prey.","Scientists use fossil evidence such as bones, bite marks, fossil position, skull shape and defensive structures to infer how Triceratops lived and interacted with predators.",cause-effect,yes
derived-y9x-004-9a-identify-examples-of-environmental-variation,open-answer-card,y9x-004-9a-identify-examples-of-environmental-variation,9A,biology,identify,Section A,Core knowledge,1,Identify examples of environmental variation.,"Examples include suntan, scars, language spoken, fitness after training, plant height affected by light, and leaf size affected by water supply.",label-or-feature,yes
derived-y9x-005-9a-identify-examples-of-inherited-variation,open-answer-card,y9x-005-9a-identify-examples-of-inherited-variation,9A,biology,identify,Section A,Core knowledge,1,Identify examples of inherited variation.,"Examples include blood group, natural eye colour, natural hair colour, earlobe type and inherited body features controlled by genes.",label-or-feature,yes
derived-y9x-006-9a-explain-how-changes-in-an-ecosystem-can-cause-extinction,open-answer-card,y9x-006-9a-explain-how-changes-in-an-ecosystem-can-cause-extinction,9A,biology,explain,Section B,Written reasoning,3,Explain how changes in an ecosystem can cause extinction.,"If food, habitat, climate, predators, competitors or disease pressures change too much, a species may fail to survive and reproduce, causing extinction.",cause-effect,yes
derived-y9x-007-9a-identify-adaptations-of-triceratops-that-could-be-labelled-on-a-model,open-answer-card,y9x-007-9a-identify-adaptations-of-triceratops-that-could-be-labelled-on-a-model,9A,biology,identify,Section A,Core knowledge,1,Identify adaptations of Triceratops that could be labelled on a model.,"Likely adaptations include horns for defence, a frill for protection or display, a strong beak for tough plants, grinding teeth, and powerful legs.",label-or-feature,yes
derived-y9x-008-9a-explain-how-environmental-variation-is-caused,open-answer-card,y9x-008-9a-explain-how-environmental-variation-is-caused,9A,biology,explain,Section B,Written reasoning,3,Explain how environmental variation is caused.,"Environmental variation is caused by surroundings and experiences, such as diet, climate, light, water, exercise, disease or injury.",cause-effect,yes
derived-y9x-009-9a-outline-how-some-variation-is-inherited-from-parents,open-answer-card,y9x-009-9a-outline-how-some-variation-is-inherited-from-parents,9A,biology,describe,Section B,Written reasoning,2,Outline how some variation is inherited from parents.,Inherited variation is caused by genetic information passed from parents to offspring in gametes during reproduction.,linked-description,yes
derived-y9x-010-9a-explain-how-triceratops-adaptations-helped-survival,open-answer-card,y9x-010-9a-explain-how-triceratops-adaptations-helped-survival,9A,biology,explain,Section B,Written reasoning,3,Explain how Triceratops adaptations helped survival.,"Horns and frill could reduce predation risk, a beak and teeth helped feeding on tough plants, and strong legs supported a large body.",cause-effect,yes
derived-y9x-011-9a-identify-and-explain-triceratops-adaptations-beyond-the-obvious-labels,open-answer-card,y9x-011-9a-identify-and-explain-triceratops-adaptations-beyond-the-obvious-labels,9A,biology,explain,Section B,Written reasoning,3,Identify and explain Triceratops adaptations beyond the obvious labels.,"A large body could deter predators, eyes placed for awareness could help detect danger, and a strong neck could support the heavy skull and frill.",cause-effect,yes
derived-y9x-012-9a-describe-the-relationship-between-cells-nuclei-chromosomes-genes-dna-and-genetic,open-answer-card,y9x-012-9a-describe-the-relationship-between-cells-nuclei-chromosomes-genes-dna-and-genetic,9A,biology,describe,Section B,Written reasoning,2,"Describe the relationship between cells, nuclei, chromosomes, genes, DNA and genetic information.",Cells contain nuclei. Nuclei contain chromosomes. Chromosomes are made of DNA. Genes are sections of DNA that carry genetic information.,linked-description,yes
derived-y9x-013-9a-describe-how-variation-in-adaptations-affects-survival-within-a-species,open-answer-card,y9x-013-9a-describe-how-variation-in-adaptations-affects-survival-within-a-species,9A,biology,describe,Section B,Written reasoning,2,Describe how variation in adaptations affects survival within a species.,"Individuals with better-suited adaptations are more likely to survive, reproduce and pass on their genes than less well-adapted individuals.",linked-description,yes
derived-y9x-015-9a-explain-how-natural-selection-works,open-answer-card,y9x-015-9a-explain-how-natural-selection-works,9A,biology,explain,Section B,Written reasoning,3,Explain how natural selection works.,Individuals vary; some inherited variations give an advantage; those individuals survive and reproduce more; useful genes become more common over generations.,cause-effect,yes
derived-y9x-021-9b-describe-photosynthesis-in-terms-of-reactants-products-and-energy-source,open-answer-card,y9x-021-9b-describe-photosynthesis-in-terms-of-reactants-products-and-energy-source,9B,biology,describe,Section B,Written reasoning,2,"Describe photosynthesis in terms of reactants, products and energy source.",Photosynthesis uses carbon dioxide and water to make glucose and oxygen. Light energy powers the reaction and chlorophyll absorbs the light.,linked-description,yes
derived-y9x-022-9b-explain-how-leaves-roots-and-stems-help-photosynthesis,open-answer-card,y9x-022-9b-explain-how-leaves-roots-and-stems-help-photosynthesis,9B,biology,explain,Section B,Written reasoning,3,"Explain how leaves, roots and stems help photosynthesis.","Leaves absorb light and exchange gases, roots absorb water and mineral ions, and stems/xylem transport water to the leaves.",cause-effect,yes
derived-y9x-025-9b-explain-how-fertilisers-help-crop-plants-grow-well,open-answer-card,y9x-025-9b-explain-how-fertilisers-help-crop-plants-grow-well,9B,biology,explain,Section B,Written reasoning,3,Explain how fertilisers help crop plants grow well.,"Fertilisers add mineral ions such as nitrates, phosphates and potassium compounds, which plants need for growth and making useful substances.",cause-effect,yes
derived-y9x-027-9b-explain-what-happens-when-plants-lack-water-or-mineral-salts,open-answer-card,y9x-027-9b-explain-what-happens-when-plants-lack-water-or-mineral-salts,9B,biology,explain,Section B,Written reasoning,3,Explain what happens when plants lack water or mineral salts.,"Lack of water causes wilting and poor transport. Lack of mineral ions causes poor growth, yellow leaves or weak plants depending on the missing ion.",cause-effect,yes
derived-y9x-029-9b-explain-that-chlorophyll-traps-energy-transferred-by-light,open-answer-card,y9x-029-9b-explain-that-chlorophyll-traps-energy-transferred-by-light,9B,biology,explain,Section B,Written reasoning,3,Explain that chlorophyll traps energy transferred by light.,"Chlorophyll absorbs light energy, which is transferred to the chemical reactions of photosynthesis.",cause-effect,yes
derived-y9x-030-9b-explain-how-farming-can-change-the-carbon-cycle,open-answer-card,y9x-030-9b-explain-how-farming-can-change-the-carbon-cycle,9B,biology,explain,Section B,Written reasoning,3,Explain how farming can change the carbon cycle.,"Clearing land, burning fuels, livestock, soil disturbance and harvesting can release carbon dioxide or reduce carbon stored in plants and soils.",cause-effect,yes
derived-y9x-031-9b-explain-problems-caused-by-fertilisers-including-effects-on-fish-in-lakes,open-answer-card,y9x-031-9b-explain-problems-caused-by-fertilisers-including-effects-on-fish-in-lakes,9B,biology,explain,Section B,Written reasoning,3,"Explain problems caused by fertilisers, including effects on fish in lakes.","Fertilisers can wash into lakes, causing algal blooms. Decomposition uses oxygen, so fish and other animals may suffocate.",cause-effect,yes
derived-y9x-032-9b-explain-problems-caused-by-pesticides-including-persistent-insecticides,open-answer-card,y9x-032-9b-explain-problems-caused-by-pesticides-including-persistent-insecticides,9B,biology,explain,Section B,Written reasoning,3,"Explain problems caused by pesticides, including persistent insecticides.",Pesticides can kill non-target organisms. Persistent insecticides may remain in food chains and build up in predators.,cause-effect,yes
derived-y9x-033-9b-describe-how-limiting-factors-stop-photosynthesis-rate-increasing,open-answer-card,y9x-033-9b-describe-how-limiting-factors-stop-photosynthesis-rate-increasing,9B,biology,describe,Section B,Written reasoning,2,Describe how limiting factors stop photosynthesis rate increasing.,"When light, carbon dioxide, water, temperature or chlorophyll becomes limiting, increasing other factors no longer increases photosynthesis rate.",linked-description,yes
derived-y9x-034-9e-name-common-conductors-and-insulators,open-answer-card,y9x-034-9e-name-common-conductors-and-insulators,9E,chemistry,state,Section A,Core knowledge,1,Name common conductors and insulators.,"Common conductors include metals such as copper and aluminium. Common insulators include plastic, rubber, glass, ceramics and dry wood.",short-fact,yes
derived-y9x-036-9e-name-examples-of-ceramic-polymer-and-composite-materials,open-answer-card,y9x-036-9e-name-examples-of-ceramic-polymer-and-composite-materials,9E,chemistry,state,Section A,Core knowledge,1,"Name examples of ceramic, polymer and composite materials.","Ceramics: glass, brick, porcelain. Polymers: polythene, PVC, nylon. Composites: concrete, fibreglass, carbon fibre composite.",short-fact,yes
derived-y9x-038-9e-describe-the-difference-between-biodegradable-and-non-biodegradable-polymers,open-answer-card,y9x-038-9e-describe-the-difference-between-biodegradable-and-non-biodegradable-polymers,9E,chemistry,describe,Section B,Written reasoning,2,Describe the difference between biodegradable and non-biodegradable polymers.,Biodegradable polymers can be broken down by microorganisms; non-biodegradable polymers do not break down easily and persist in the environment.,linked-description,yes
derived-y9x-039-9e-describe-pollution-problems-caused-by-burning-fossil-fuels,open-answer-card,y9x-039-9e-describe-pollution-problems-caused-by-burning-fossil-fuels,9E,chemistry,describe,Section B,Written reasoning,2,Describe pollution problems caused by burning fossil fuels.,"Burning fossil fuels releases carbon dioxide, sulfur dioxide, nitrogen oxides and particulates, contributing to climate change, acid rain and poor air quality.",linked-description,yes
derived-y9x-040-9e-describe-what-a-composite-material-is,open-answer-card,y9x-040-9e-describe-what-a-composite-material-is,9E,chemistry,describe,Section B,Written reasoning,2,Describe what a composite material is.,A composite is made from two or more materials combined so the final material has useful properties from both.,linked-description,yes
derived-y9x-042-9e-explain-the-causes-and-problems-of-acid-rain-and-the-greenhouse-effect,open-answer-card,y9x-042-9e-explain-the-causes-and-problems-of-acid-rain-and-the-greenhouse-effect,9E,chemistry,explain,Section B,Written reasoning,3,Explain the causes and problems of acid rain and the greenhouse effect.,Acid rain is caused by acidic gases such as sulfur dioxide and nitrogen oxides; it damages ecosystems and buildings. The greenhouse effect is increased by greenhouse gases and can cause global warming.,cause-effect,yes
derived-y9x-043-9e-link-uses-of-ceramics-polymers-and-composites-to-their-properties,open-answer-card,y9x-043-9e-link-uses-of-ceramics-polymers-and-composites-to-their-properties,9E,chemistry,describe,Section B,Written reasoning,3,"Link uses of ceramics, polymers and composites to their properties.","Materials are chosen because their properties fit the job: ceramics are hard/heat resistant, polymers are light/flexible, and composites can be strong and light.",linked-description,yes
derived-y9x-044-9e-describe-how-polymers-are-formed-from-monomers,open-answer-card,y9x-044-9e-describe-how-polymers-are-formed-from-monomers,9E,chemistry,describe,Section B,Written reasoning,2,Describe how polymers are formed from monomers.,Many small monomer molecules join together in polymerisation to form long-chain polymer molecules.,linked-description,yes
derived-y9x-045-9e-identify-thermal-decomposition-reactions,open-answer-card,y9x-045-9e-identify-thermal-decomposition-reactions,9E,chemistry,identify,Section A,Core knowledge,1,Identify thermal decomposition reactions.,Thermal decomposition is when a compound breaks down into simpler substances when heated.,label-or-feature,yes
derived-y9x-046-9e-explain-advantages-of-recycling-with-specific-examples,open-answer-card,y9x-046-9e-explain-advantages-of-recycling-with-specific-examples,9E,chemistry,explain,Section B,Written reasoning,3,Explain advantages of recycling with specific examples.,"Recycling saves raw materials and energy, reduces landfill and can reduce pollution; for example, recycling aluminium uses less energy than extracting new aluminium.",cause-effect,yes
derived-y9x-047-9e-justify-using-a-ceramic-polymer-or-composite-for-a-particular-use,open-answer-card,y9x-047-9e-justify-using-a-ceramic-polymer-or-composite-for-a-particular-use,9E,chemistry,explain,Section B,Written reasoning,2,"Justify using a ceramic, polymer or composite for a particular use.","Choose the material by matching properties to the use, such as using concrete for compressive strength or fibreglass for light, corrosion-resistant panels.",cause-effect,yes
derived-y9x-048-9e-explain-how-crystal-size-depends-on-cooling-speed,open-answer-card,y9x-048-9e-explain-how-crystal-size-depends-on-cooling-speed,9E,chemistry,explain,Section B,Written reasoning,3,Explain how crystal size depends on cooling speed.,Slow cooling gives particles more time to form larger crystals; fast cooling produces smaller crystals.,cause-effect,yes
derived-y9x-049-9e-explain-how-properties-of-a-material-depend-on-bonding-and-structure,open-answer-card,y9x-049-9e-explain-how-properties-of-a-material-depend-on-bonding-and-structure,9E,chemistry,explain,Section B,Written reasoning,3,Explain how properties of a material depend on bonding and structure.,"Strong bonds and rigid structures often give hardness and high melting point; chain length, cross-linking, fibres and layers affect strength and flexibility.",cause-effect,yes
derived-y9x-050-9e-classify-exothermic-and-endothermic-reactions-by-temperature-change-and-energy-t,open-answer-card,y9x-050-9e-classify-exothermic-and-endothermic-reactions-by-temperature-change-and-energy-t,9E,chemistry,identify,Section A,Core knowledge,2,Classify exothermic and endothermic reactions by temperature change and energy transfer.,Exothermic reactions transfer energy to the surroundings and temperature rises. Endothermic reactions take energy from surroundings and temperature falls.,label-or-feature,yes
derived-y9x-051-9e-explain-biomagnification-of-toxins-through-food-chains,open-answer-card,y9x-051-9e-explain-biomagnification-of-toxins-through-food-chains,9E,chemistry,explain,Section B,Written reasoning,3,Explain biomagnification of toxins through food chains.,"Persistent toxins can accumulate in organisms and become more concentrated at higher trophic levels, harming top predators most.",cause-effect,yes
derived-y9x-052-9e-suggest-ways-to-reduce-global-warming-and-acid-rain-impacts,open-answer-card,y9x-052-9e-suggest-ways-to-reduce-global-warming-and-acid-rain-impacts,9E,chemistry,explain,Section B,Written reasoning,3,Suggest ways to reduce global warming and acid rain impacts.,"Use less fossil fuel, use renewable energy, remove sulfur from fuels, fit scrubbers to chimneys, improve efficiency, recycle and protect forests.",cause-effect,yes
derived-y9x-053-9f-describe-what-causes-rusting,open-answer-card,y9x-053-9f-describe-what-causes-rusting,9F,chemistry,describe,Section B,Written reasoning,2,Describe what causes rusting.,Rusting happens when iron or steel reacts with oxygen and water to form hydrated iron oxide.,linked-description,yes
derived-y9x-054-9f-describe-one-simple-method-of-preventing-rusting,open-answer-card,y9x-054-9f-describe-one-simple-method-of-preventing-rusting,9F,chemistry,describe,Section B,Written reasoning,2,Describe one simple method of preventing rusting.,"Painting, oiling, greasing or coating with plastic prevents water and oxygen from reaching the iron.",linked-description,yes
derived-y9x-055-9f-explain-why-rusting-is-a-problem,open-answer-card,y9x-055-9f-explain-why-rusting-is-a-problem,9F,chemistry,explain,Section B,Written reasoning,3,Explain why rusting is a problem.,"Rusting weakens iron and steel, damages structures, makes objects unsafe and creates repair or replacement costs.",cause-effect,yes
derived-y9x-056-9f-use-scientific-words-to-explain-how-iron-rusts,open-answer-card,y9x-056-9f-use-scientific-words-to-explain-how-iron-rusts,9F,chemistry,explain,Section B,Written reasoning,3,Use scientific words to explain how iron rusts.,"Iron atoms react with oxygen and water in an oxidation process to form hydrated iron oxide, which flakes away as rust.",cause-effect,yes
derived-y9x-057-9f-explain-why-iron-or-steel-is-used-for-a-purpose-because-of-its-properties,open-answer-card,y9x-057-9f-explain-why-iron-or-steel-is-used-for-a-purpose-because-of-its-properties,9F,chemistry,explain,Section B,Written reasoning,3,Explain why iron or steel is used for a purpose because of its properties.,"Iron and steel are strong, tough and relatively cheap, so they are useful for buildings, bridges, vehicles and machinery.",cause-effect,yes
derived-y9x-058-9f-describe-how-iron-ore-is-obtained-from-mining,open-answer-card,y9x-058-9f-describe-how-iron-ore-is-obtained-from-mining,9F,chemistry,describe,Section B,Written reasoning,2,Describe how iron ore is obtained from mining.,"Iron ore is removed from the ground by mining, crushed and processed before being transported for extraction in a blast furnace.",linked-description,yes
derived-y9x-061-9f-explain-how-metal-reactivity-determines-extraction-method,open-answer-card,y9x-061-9f-explain-how-metal-reactivity-determines-extraction-method,9F,chemistry,explain,Section B,Written reasoning,3,Explain how metal reactivity determines extraction method.,Metals less reactive than carbon can be extracted by carbon reduction; metals more reactive than carbon usually need electrolysis.,cause-effect,yes
derived-y9x-062-9f-explain-why-energy-needs-and-cost-matter-when-selecting-extraction-methods,open-answer-card,y9x-062-9f-explain-why-energy-needs-and-cost-matter-when-selecting-extraction-methods,9F,chemistry,explain,Section B,Written reasoning,3,Explain why energy needs and cost matter when selecting extraction methods.,"Extraction methods use different amounts of energy and equipment; electrolysis is expensive, so cost and energy demand affect industrial choices.",cause-effect,yes
derived-y9x-063-9f-describe-sacrificial-protection-for-preventing-rusting,open-answer-card,y9x-063-9f-describe-sacrificial-protection-for-preventing-rusting,9F,chemistry,describe,Section B,Written reasoning,2,Describe sacrificial protection for preventing rusting.,Sacrificial protection attaches a more reactive metal such as zinc or magnesium to iron so the other metal corrodes first.,linked-description,yes
derived-y9x-064-9f-explain-how-sacrificial-protection-prevents-rusting-and-link-this-to-the-reactiv,open-answer-card,y9x-064-9f-explain-how-sacrificial-protection-prevents-rusting-and-link-this-to-the-reactiv,9F,chemistry,explain,Section B,Written reasoning,3,Explain how sacrificial protection prevents rusting and link this to the reactivity series.,"A more reactive metal loses electrons more readily and corrodes instead of iron, protecting the iron because it is lower in the reactivity series.",cause-effect,yes
derived-y9x-065-9f-explain-why-certain-metals-are-used-for-sacrificial-protection,open-answer-card,y9x-065-9f-explain-why-certain-metals-are-used-for-sacrificial-protection,9F,chemistry,explain,Section B,Written reasoning,3,Explain why certain metals are used for sacrificial protection.,"Metals above iron in the reactivity series, such as zinc or magnesium, are used because they react more readily than iron.",cause-effect,yes
derived-y9x-066-9f-explain-other-reactions-taking-place-in-a-blast-furnace,open-answer-card,y9x-066-9f-explain-other-reactions-taking-place-in-a-blast-furnace,9F,chemistry,explain,Section B,Written reasoning,3,Explain other reactions taking place in a blast furnace.,"Carbon burns to carbon dioxide, carbon dioxide reacts with carbon to form carbon monoxide, and limestone decomposes then removes impurities as slag.",cause-effect,yes
derived-y9x-067-9f-use-balanced-equations-to-represent-reactions,open-answer-card,y9x-067-9f-use-balanced-equations-to-represent-reactions,9F,chemistry,explain,Section B,Written reasoning,2,Use balanced equations to represent reactions.,"Balanced equations have the same number of each type of atom on both sides, for example Fe2O3 + 3CO → 2Fe + 3CO2.",cause-effect,yes
derived-y9x-069-9i-recall-units-for-speed-and-explain-what-speed-means,open-answer-card,y9x-069-9i-recall-units-for-speed-and-explain-what-speed-means,9I,physics,explain,Section B,Written reasoning,3,Recall units for speed and explain what speed means.,Speed is distance travelled per unit time. Common units include m/s and km/h.,cause-effect,yes
derived-y9x-070-9i-explain-how-distance-and-time-affect-speed,open-answer-card,y9x-070-9i-explain-how-distance-and-time-affect-speed,9I,physics,explain,Section B,Written reasoning,3,Explain how distance and time affect speed.,"For the same time, more distance means higher speed. For the same distance, more time means lower speed.",cause-effect,yes
derived-y9x-071-9i-use-the-formula-relating-speed-distance-and-time,open-answer-card,y9x-071-9i-use-the-formula-relating-speed-distance-and-time,9I,physics,calculate,Section C,Data and calculations,2,"Use the formula relating speed, distance and time.",Speed = distance ÷ time. Rearranged: distance = speed × time; time = distance ÷ speed.,calculation-method,yes
derived-y9x-072-9i-describe-levers-ramps-and-pulleys-and-how-they-help-move-loads,open-answer-card,y9x-072-9i-describe-levers-ramps-and-pulleys-and-how-they-help-move-loads,9I,physics,describe,Section B,Written reasoning,2,"Describe levers, ramps and pulleys and how they help move loads.","Levers turn about pivots, ramps spread lifting over a longer distance, and pulleys change direction or reduce force using multiple rope sections.",linked-description,yes
derived-y9x-073-9i-explain-how-levers-ramps-or-pulleys-could-raise-or-lift-stones,open-answer-card,y9x-073-9i-explain-how-levers-ramps-or-pulleys-could-raise-or-lift-stones,9I,physics,explain,Section B,Written reasoning,3,"Explain how levers, ramps or pulleys could raise or lift stones.","They can reduce the force needed or change the direction of force, but usually require pulling or pushing over a greater distance.",cause-effect,yes
derived-y9x-075-9i-explain-why-simple-machines-do-not-mean-less-energy-is-needed,open-answer-card,y9x-075-9i-explain-why-simple-machines-do-not-mean-less-energy-is-needed,9I,physics,explain,Section B,Written reasoning,3,Explain why simple machines do not mean less energy is needed.,"Simple machines reduce force by increasing distance moved, so the work done is similar; friction can make the actual energy needed greater.",cause-effect,yes
derived-y9x-076-9i-represent-part-of-a-journey-on-a-distance-time-graph,open-answer-card,y9x-076-9i-represent-part-of-a-journey-on-a-distance-time-graph,9I,physics,graph,Section C,Data and calculations,3,Represent part of a journey on a distance-time graph.,Put time on the x-axis and distance on the y-axis. A steeper line means greater speed; a flat line means stopped.,graph-data,yes
derived-y9x-077-9i-use-the-formula-for-moment-force-and-perpendicular-distance,open-answer-card,y9x-077-9i-use-the-formula-for-moment-force-and-perpendicular-distance,9I,physics,calculate,Section C,Data and calculations,2,"Use the formula for moment, force and perpendicular distance.",Moment = force × perpendicular distance from the pivot. Rearranged: force = moment ÷ distance.,calculation-method,yes
derived-y9x-078-9i-explain-the-effect-of-friction-on-force-needed-to-move-a-load,open-answer-card,y9x-078-9i-explain-the-effect-of-friction-on-force-needed-to-move-a-load,9I,physics,explain,Section B,Written reasoning,3,Explain the effect of friction on force needed to move a load.,"Friction opposes motion, so a larger applied force is needed to start or keep the load moving.",cause-effect,yes
derived-y9x-079-9i-explain-why-friction-usually-means-more-energy-is-needed-with-a-simple-machine,open-answer-card,y9x-079-9i-explain-why-friction-usually-means-more-energy-is-needed-with-a-simple-machine,9I,physics,explain,Section B,Written reasoning,3,Explain why friction usually means more energy is needed with a simple machine.,"Friction transfers some energy to thermal energy stores, so extra work is needed compared with an ideal frictionless machine.",cause-effect,yes
derived-y9x-080-9i-explain-how-ramp-angle-affects-friction-and-required-force-using-force-component,open-answer-card,y9x-080-9i-explain-how-ramp-angle-affects-friction-and-required-force-using-force-component,9I,physics,explain,Section B,Written reasoning,3,Explain how ramp angle affects friction and required force using force components.,A shallow ramp reduces the component of weight down the slope but increases distance and contact; a steeper ramp needs more force along the slope.,cause-effect,yes
derived-y9x-081-9b-describe-what-gas-exchange-is-and-why-it-needs-to-occur-in-plants,open-answer-card,y9x-081-9b-describe-what-gas-exchange-is-and-why-it-needs-to-occur-in-plants,9B,biology,explain,Section B,Written reasoning,3,Describe what gas exchange is and why it needs to occur in plants.,Gas exchange is the movement of gases such as carbon dioxide and oxygen in and out of leaves. Plants need it for photosynthesis and respiration.,cause-effect,yes
derived-y9x-082-9b-describe-how-a-leaf-is-adapted-so-palisade-cells-get-the-resources-they-need,open-answer-card,y9x-082-9b-describe-how-a-leaf-is-adapted-so-palisade-cells-get-the-resources-they-need,9B,biology,describe,Section B,Written reasoning,2,Describe how a leaf is adapted so palisade cells get the resources they need.,"Leaves are broad and thin, have stomata for carbon dioxide, veins/xylem for water, and palisade cells near the top packed with chloroplasts.",linked-description,yes
derived-y9x-083-9b-describe-why-starch-in-chloroplasts-is-broken-down,open-answer-card,y9x-083-9b-describe-why-starch-in-chloroplasts-is-broken-down,9B,biology,explain,Section B,Written reasoning,3,Describe why starch in chloroplasts is broken down.,"Starch is broken down into smaller sugars so it can be transported around the plant and used for respiration, growth or storage elsewhere.",cause-effect,yes
derived-y9x-084-9b-suggest-when-starch-is-broken-down-in-chloroplasts-and-explain-why,open-answer-card,y9x-084-9b-suggest-when-starch-is-broken-down-in-chloroplasts-and-explain-why,9B,biology,explain,Section B,Written reasoning,3,Suggest when starch is broken down in chloroplasts and explain why.,"Starch is mainly broken down when photosynthesis stops or slows, such as at night, so stored carbohydrate can be moved and used.",cause-effect,yes
derived-y9x-085-9b-explain-why-plants-do-not-grow-well-if-the-soil-lacks-nitrates,open-answer-card,y9x-085-9b-explain-why-plants-do-not-grow-well-if-the-soil-lacks-nitrates,9B,biology,explain,Section B,Written reasoning,3,Explain why plants do not grow well if the soil lacks nitrates.,"Nitrates are needed to make amino acids and proteins. Without enough nitrates, plants cannot make enough protein for growth and enzymes.",cause-effect,yes
derived-y9x-086-9b-put-the-main-stages-of-germination-into-a-logical-order,open-answer-card,y9x-086-9b-put-the-main-stages-of-germination-into-a-logical-order,9B,biology,describe,Section B,Written reasoning,3,Put the main stages of germination into a logical order.,"Water enters the seed, reactions restart, enzymes are released/activated, starch is digested to glucose, glucose enters the embryo, and the embryo respires and grows.",linked-description,yes
derived-y9x-087-9b-list-three-substances-found-in-seeds-and-explain-their-functions,open-answer-card,y9x-087-9b-list-three-substances-found-in-seeds-and-explain-their-functions,9B,biology,explain,Section B,Written reasoning,3,List three substances found in seeds and explain their functions.,"Starch or lipids store energy, enzymes digest stores during germination, proteins provide amino acids, and cellulose forms cell walls.",cause-effect,yes
derived-y9x-091-9b-explain-why-phosphates-and-potassium-are-important-nutrients-for-plants,open-answer-card,y9x-091-9b-explain-why-phosphates-and-potassium-are-important-nutrients-for-plants,9B,biology,explain,Section B,Written reasoning,3,Explain why phosphates and potassium are important nutrients for plants.,"Phosphates are needed for DNA, energy transfer and root growth; potassium helps enzymes and healthy flower/fruit development.",cause-effect,yes
derived-y9x-092-9b-define-biodiversity,open-answer-card,y9x-092-9b-define-biodiversity,9B,biology,explain,Section B,Written reasoning,2,A pesticide reduces the number of insect species living in a field. What has happened to biodiversity in that area?,Biodiversity has decreased because there is a smaller range of different species living in the area.,cause-effect,yes
derived-y9x-093-9b-describe-how-sampling-can-estimate-biodiversity-in-a-field,open-answer-card,y9x-093-9b-describe-how-sampling-can-estimate-biodiversity-in-a-field,9B,biology,describe,Section B,Written reasoning,2,Describe how sampling can estimate biodiversity in a field.,"Use quadrats placed randomly or along a transect, count species in each quadrat, then use the sample to estimate diversity in the whole area.",linked-description,yes
derived-y9x-095-9b-label-the-main-processes-in-the-carbon-cycle,open-answer-card,y9x-095-9b-label-the-main-processes-in-the-carbon-cycle,9B,biology,identify,Section A,Core knowledge,1,Label the main processes in the carbon cycle.,Photosynthesis removes carbon dioxide; feeding transfers carbon; respiration and combustion release carbon dioxide; decomposition returns carbon from dead material.,label-or-feature,yes
derived-y9x-096-9b-explain-how-farming-affects-the-carbon-cycle,open-answer-card,y9x-096-9b-explain-how-farming-affects-the-carbon-cycle,9B,biology,explain,Section B,Written reasoning,3,Explain how farming affects the carbon cycle.,"Farming can remove trees, disturb soils, burn fuels, use crops or livestock and release carbon dioxide, reducing long-term carbon storage.",cause-effect,yes
derived-y9x-097-9b-give-advantages-and-disadvantages-of-clearing-land-for-farming,open-answer-card,y9x-097-9b-give-advantages-and-disadvantages-of-clearing-land-for-farming,9B,biology,state,Section A,Core knowledge,1,Give advantages and disadvantages of clearing land for farming.,"Advantages include more crop land and food. Disadvantages include habitat loss, reduced biodiversity, soil erosion and carbon dioxide release.",short-fact,yes
derived-y9x-098-9b-give-advantages-and-disadvantages-of-insecticides-and-herbicides,open-answer-card,y9x-098-9b-give-advantages-and-disadvantages-of-insecticides-and-herbicides,9B,biology,state,Section A,Core knowledge,1,Give advantages and disadvantages of insecticides and herbicides.,"They protect yield by killing pests or weeds, but can kill non-target species, reduce biodiversity and sometimes persist in food chains.",short-fact,yes
derived-y9x-099-9b-give-advantages-and-disadvantages-of-fertilisers,open-answer-card,y9x-099-9b-give-advantages-and-disadvantages-of-fertilisers,9B,biology,state,Section A,Core knowledge,1,Give advantages and disadvantages of fertilisers.,"Fertilisers increase growth and yield, but runoff can cause eutrophication, algal blooms and oxygen loss in lakes.",short-fact,yes
derived-y9x-101-9j-state-where-electrons-are-found-in-an-atom,open-answer-card,y9x-101-9j-state-where-electrons-are-found-in-an-atom,9J,physics,state,Section A,Core knowledge,1,State where electrons are found in an atom.,Electrons are found around the nucleus in shells or energy levels.,short-fact,yes
derived-y9x-103-9j-explain-why-only-negative-charges-transfer-onto-an-insulating-material,open-answer-card,y9x-103-9j-explain-why-only-negative-charges-transfer-onto-an-insulating-material,9J,physics,explain,Section B,Written reasoning,3,Explain why only negative charges transfer onto an insulating material.,Only electrons can move between materials; positive charges are fixed in the nuclei of atoms.,cause-effect,yes
derived-y9x-104-9j-explain-why-a-rubbed-polythene-rod-has-an-overall-negative-charge,open-answer-card,y9x-104-9j-explain-why-a-rubbed-polythene-rod-has-an-overall-negative-charge,9J,physics,explain,Section B,Written reasoning,3,Explain why a rubbed polythene rod has an overall negative charge.,"Rubbing transfers electrons onto the polythene, so it has more electrons than protons and becomes negatively charged.",cause-effect,yes
derived-y9x-105-9j-describe-how-charged-objects-attract-or-repel-each-other,open-answer-card,y9x-105-9j-describe-how-charged-objects-attract-or-repel-each-other,9J,physics,describe,Section B,Written reasoning,2,Describe how charged objects attract or repel each other.,Like charges repel; opposite charges attract. Charged objects can also attract uncharged light objects by inducing charge separation.,linked-description,yes
derived-y9x-109-9j-describe-how-to-increase-resistance-in-a-circuit,open-answer-card,y9x-109-9j-describe-how-to-increase-resistance-in-a-circuit,9J,physics,describe,Section B,Written reasoning,2,Describe how to increase resistance in a circuit.,"Use a longer wire, a thinner wire, a higher-resistance material, add resistors, or increase a variable resistor.",linked-description,yes
derived-y9x-111-9j-explain-which-wire-has-higher-resistance-a-long-thin-wire-or-a-short-thick-wire-,open-answer-card,y9x-111-9j-explain-which-wire-has-higher-resistance-a-long-thin-wire-or-a-short-thick-wire-,9J,physics,explain,Section B,Written reasoning,3,Explain which wire has higher resistance: a long thin wire or a short thick wire of the same material.,The long thin wire has higher resistance because length increases resistance and smaller thickness reduces the space for current to flow.,cause-effect,yes
derived-y9x-112-9j-explain-how-a-current-voltage-graph-shows-which-resistor-has-the-higher-resistan,open-answer-card,y9x-112-9j-explain-how-a-current-voltage-graph-shows-which-resistor-has-the-higher-resistan,9J,physics,explain,Section B,Written reasoning,3,Explain how a current–voltage graph shows which resistor has the higher resistance.,"At the same voltage / potential difference, the resistor with the lower current has the higher resistance. Equivalently, the shallower I–V line has higher resistance.",cause-effect,yes
derived-y9x-113-9j-plan-an-investigation-into-how-wire-thickness-affects-resistance,open-answer-card,y9x-113-9j-plan-an-investigation-into-how-wire-thickness-affects-resistance,9J,physics,describe,Section B,Written reasoning,4,Plan an investigation into how wire thickness affects resistance.,"Use wires of the same material and length but different thicknesses, measure voltage and current, calculate resistance, and control temperature.",linked-description,yes
derived-y9x-114-9j-explain-why-copper-is-commonly-used-for-wires-in-circuits,open-answer-card,y9x-114-9j-explain-why-copper-is-commonly-used-for-wires-in-circuits,9J,physics,explain,Section B,Written reasoning,3,Explain why copper is commonly used for wires in circuits.,"Copper is a good electrical conductor with low resistance, is ductile and is not too expensive compared with metals such as silver.",cause-effect,yes
derived-y9x-115-9j-describe-how-current-behaves-in-series-and-parallel-circuits,open-answer-card,y9x-115-9j-describe-how-current-behaves-in-series-and-parallel-circuits,9J,physics,describe,Section B,Written reasoning,2,Describe how current behaves in series and parallel circuits.,"Current is the same everywhere in a series circuit. In a parallel circuit, current splits at junctions and recombines afterwards.",linked-description,yes
derived-y9x-116-9j-describe-how-voltage-behaves-in-series-and-parallel-circuits,open-answer-card,y9x-116-9j-describe-how-voltage-behaves-in-series-and-parallel-circuits,9J,physics,describe,Section B,Written reasoning,2,Describe how voltage / potential difference behaves in series and parallel circuits.,"In series, voltages across components add to the supply voltage. In parallel, each branch has the same voltage as the supply.",linked-description,yes
derived-y9x-117-9j-explain-the-difference-between-an-electromagnet-and-a-bar-magnet,open-answer-card,y9x-117-9j-explain-the-difference-between-an-electromagnet-and-a-bar-magnet,9J,physics,explain,Section B,Written reasoning,3,Explain the difference between an electromagnet and a bar magnet.,"An electromagnet can be switched on and off and its strength can be changed by current, turns or core; a bar magnet is permanently magnetic.",cause-effect,yes
derived-y9x-118-9j-predict-how-changing-current-magnetic-field-strength-or-current-direction-affect,open-answer-card,y9x-118-9j-predict-how-changing-current-magnetic-field-strength-or-current-direction-affect,9J,physics,describe,Section B,Written reasoning,3,"Predict how changing current, magnetic field strength or current direction affects a motor.","Increasing current increases force, a weaker magnetic field reduces force, and reversing current reverses the direction of the force.",linked-description,yes
derived-y9x-122-9j-star-lord-has-mass-96-kg-on-a-planet-where-g-14-n-kg-calculate-his-weight,open-answer-card,y9x-122-9j-star-lord-has-mass-96-kg-on-a-planet-where-g-14-n-kg-calculate-his-weight,9J,physics,calculate,Section C,Data and calculations,2,Star Lord has mass 96 kg on a planet where g = 14 N/kg. Calculate his weight.,1344 N,calculation-method,yes
derived-y9x-124-9j-drax-has-mass-122-kg-on-a-planet-where-g-7-5-n-kg-calculate-his-weight,open-answer-card,y9x-124-9j-drax-has-mass-122-kg-on-a-planet-where-g-7-5-n-kg-calculate-his-weight,9J,physics,calculate,Section C,Data and calculations,2,Drax has mass 122 kg on a planet where g = 7.5 N/kg. Calculate his weight.,915 N,calculation-method,yes
derived-y9x-126-9j-rocket-has-mass-47-kg-on-a-planet-where-g-22-8-n-kg-calculate-his-weight,open-answer-card,y9x-126-9j-rocket-has-mass-47-kg-on-a-planet-where-g-22-8-n-kg-calculate-his-weight,9J,physics,calculate,Section C,Data and calculations,2,Rocket has mass 47 kg on a planet where g = 22.8 N/kg. Calculate his weight.,1071.6 N,calculation-method,yes
derived-y9x-128-9j-mantis-has-mass-56-kg-and-weight-686-n-on-a-planet-calculate-g,open-answer-card,y9x-128-9j-mantis-has-mass-56-kg-and-weight-686-n-on-a-planet-calculate-g,9J,physics,calculate,Section C,Data and calculations,2,Mantis has mass 56 kg and weight 686 N on a planet. Calculate g.,12.25 N/kg,calculation-method,yes
derived-y9x-129-9j-groot-has-mass-34-kg-on-a-planet-where-g-6-8-n-kg-calculate-his-weight,open-answer-card,y9x-129-9j-groot-has-mass-34-kg-on-a-planet-where-g-6-8-n-kg-calculate-his-weight,9J,physics,calculate,Section C,Data and calculations,2,Groot has mass 34 kg on a planet where g = 6.8 N/kg. Calculate his weight.,231.2 N,calculation-method,yes
derived-y9x-131-9j-oberon-has-about-1-3-times-the-mass-of-rhea-but-a-similar-diameter-which-moon-ha,open-answer-card,y9x-131-9j-oberon-has-about-1-3-times-the-mass-of-rhea-but-a-similar-diameter-which-moon-ha,9J,physics,identify,Section A,Core knowledge,2,Oberon has about 1.3 times the mass of Rhea but a similar diameter. Which moon has greater surface gravity?,Oberon,label-or-feature,yes
derived-y9x-139-9i-a-river-section-is-40-km-and-the-stones-move-at-3-km-h-calculate-the-time-taken,open-answer-card,y9x-139-9i-a-river-section-is-40-km-and-the-stones-move-at-3-km-h-calculate-the-time-taken,9I,physics,calculate,Section C,Data and calculations,2,A river section is 40 km and the stones move at 3 km/h. Calculate the time taken.,"13.3 h, or about 13 h 20 min",calculation-method,yes
derived-y9x-142-9i-a-moment-of-120-n-m-is-needed-using-a-lever-2-m-from-the-pivot-calculate-the-for,open-answer-card,y9x-142-9i-a-moment-of-120-n-m-is-needed-using-a-lever-2-m-from-the-pivot-calculate-the-for,9I,physics,calculate,Section C,Data and calculations,2,A moment of 120 N m is needed using a lever 2 m from the pivot. Calculate the force.,60 N,calculation-method,yes
derived-y9x-144-9i-a-ramp-requires-1500-j-of-work-over-5-m-calculate-the-average-force,open-answer-card,y9x-144-9i-a-ramp-requires-1500-j-of-work-over-5-m-calculate-the-average-force,9I,physics,calculate,Section C,Data and calculations,2,A ramp requires 1500 J of work over 5 m. Calculate the average force.,300 N,calculation-method,yes
derived-y9x-138-9j-match-common-circuit-symbols-to-their-component-names,open-answer-card,y9x-138-9j-match-common-circuit-symbols-to-their-component-names,9J,physics,identify,Section A,Core knowledge,4,"Use the circuit symbol grid. Match labels A–H to these components: cell, battery, open switch, closed switch, lamp, resistor, ammeter and voltmeter.",A = cell; B = battery; C = open switch; D = closed switch; E = lamp/bulb; F = resistor; G = ammeter; H = voltmeter.,label-or-feature,yes
derived-y9x-148-9j-compare-current-and-voltage-in-the-two-circuits,open-answer-card,y9x-148-9j-compare-current-and-voltage-in-the-two-circuits,9J,physics,describe,Section B,Written reasoning,4,Use the circuit diagrams. Compare how current and voltage behave in Circuit A and Circuit B.,Circuit A is series: current is the same everywhere and voltage is shared between components. Circuit B is parallel: current splits between branches and each branch has the same voltage as the supply.,linked-description,yes
derived-y9x-153-9j-use-the-charge-pair-diagram-identify-which-pairs-repel-and-which-attract,open-answer-card,y9x-153-9j-use-the-charge-pair-diagram-identify-which-pairs-repel-and-which-attract,9J,physics,identify,Section A,Core knowledge,1,Use the charge-pair diagram. Identify which labelled pairs repel and which labelled pairs attract.,Pairs A and C repel because they show like charges. Pairs B and D attract because they show opposite charges.,label-or-feature,yes
derived-y9x-154-9j-use-the-charge-transfer-diagram-what-particle-has-moved-and-what-charge-does-the-rod-gain,open-answer-card,y9x-154-9j-use-the-charge-transfer-diagram-what-particle-has-moved-and-what-charge-does-the-rod-gain,9J,physics,identify,Section A,Core knowledge,2,"Use the charge-transfer diagram. What particle has moved, and what overall charge does the rod gain?","Electrons have moved onto the rod, so the rod gains an overall negative charge.",label-or-feature,yes
derived-y9x-155-9j-use-the-electromagnet-diagram-match-labels-a-to-d-to-the-coil-core-cell-and-switch,open-answer-card,y9x-155-9j-use-the-electromagnet-diagram-match-labels-a-to-d-to-the-coil-core-cell-and-switch,9J,physics,identify,Section A,Core knowledge,4,"Use the electromagnet diagram. Match labels A–D to the coil of wire, iron core, cell/battery and switch.",A is the coil of wire. B is the iron core. C is the cell or battery. D is the switch.,label-or-feature,yes
derived-y9x-157-9j-use-the-relay-diagram-match-labels-a-to-d-to-control-circuit-electromagnet-switch-and-load,open-answer-card,y9x-157-9j-use-the-relay-diagram-match-labels-a-to-d-to-control-circuit-electromagnet-switch-and-load,9J,physics,identify,Section A,Core knowledge,4,"Use the relay diagram. Match labels A–D to the control circuit, electromagnet, switch contacts and load/lamp.",A is the control circuit. B is the electromagnet. C is the switch contacts. D is the load or lamp circuit component.,label-or-feature,yes
derived-y9x-158-9j-use-the-relay-diagram-explain-why-a-relay-is-useful,open-answer-card,y9x-158-9j-use-the-relay-diagram-explain-why-a-relay-is-useful,9J,physics,explain,Section B,Written reasoning,3,Use the relay diagram. Explain why a relay is useful in an electrical system.,A relay allows a small current in one circuit to switch a larger current in another circuit. The electromagnet pulls the switch contacts to complete or break the second circuit.,cause-effect,yes
derived-y9r-002-9b-why-is-land-cleared-of-hedges-and-trees-in-modern-farming,open-answer-card,y9r-002-9b-why-is-land-cleared-of-hedges-and-trees-in-modern-farming,9B,biology,state,Section A,Core knowledge,1,A farmer clears hedges and trees from a field. Give one benefit for farming and one environmental problem this can cause.,Benefit: it creates more land for crops and makes it easier for machinery to move around. Problem: it destroys habitats and can cause soil erosion because there are fewer roots.,short-fact,yes
derived-y9r-003-9b-what-problem-can-be-caused-by-clearing-hedges-and-trees,open-answer-card,y9r-003-9b-what-problem-can-be-caused-by-clearing-hedges-and-trees,9B,biology,state,Section A,Core knowledge,2,What problem can be caused by clearing hedges and trees?,Destroys habitats. Lack of roots can cause soil erosion.,short-fact,yes
derived-y9r-004-9b-why-are-pesticides-used-on-crops,open-answer-card,y9r-004-9b-why-are-pesticides-used-on-crops,9B,biology,explain,Section B,Written reasoning,3,Why are pesticides used on crops?,To kill pests that compete with or harm the crops.,cause-effect,yes
derived-y9r-005-9b-what-problem-can-pesticides-cause,open-answer-card,y9r-005-9b-what-problem-can-pesticides-cause,9B,biology,state,Section A,Core knowledge,2,What problem can pesticides cause?,Can kill useful organisms as well as pests. Damages food webs.,short-fact,yes
derived-y9r-006-9b-why-are-fertilisers-used,open-answer-card,y9r-006-9b-why-are-fertilisers-used,9B,biology,explain,Section B,Written reasoning,3,Why are fertilisers used?,They contain mineral salts that help plants to grow and increase the yield.,cause-effect,yes
derived-y9r-007-9b-what-problem-can-fertilisers-cause-if-they-wash-into-streams-and-rivers,open-answer-card,y9r-007-9b-what-problem-can-fertilisers-cause-if-they-wash-into-streams-and-rivers,9B,biology,explain,Section B,Written reasoning,2,Fertiliser washes from a field into a stream. What problem can this cause?,It can cause pollution so that organisms in the water die.,cause-effect,yes
derived-y9r-008-9b-what-is-the-problem-with-planting-huge-areas-of-a-single-variety,open-answer-card,y9r-008-9b-what-is-the-problem-with-planting-huge-areas-of-a-single-variety,9B,biology,state,Section A,Core knowledge,1,What is the problem with planting huge areas of a single variety?,The planting of huge areas of a single variety reduces biodiversity.,short-fact,yes
derived-y9r-010-9b-what-happens-to-the-energy-released-from-glucose-in-aerobic-respiration,open-answer-card,y9r-010-9b-what-happens-to-the-energy-released-from-glucose-in-aerobic-respiration,9B,biology,describe,Section B,Written reasoning,2,What happens to the energy released from glucose in aerobic respiration?,"The energy released from glucose is transferred to molecules of ATP, which store energy for a cell until it is needed.",linked-description,yes
derived-y9r-012-9b-where-does-most-photosynthesis-happen-in-leaves,open-answer-card,y9r-012-9b-where-does-most-photosynthesis-happen-in-leaves,9B,biology,identify,Section A,Core knowledge,2,Where does most photosynthesis happen in leaves?,"Most photosynthesis happens in the palisade cells, which are found near the upper surface of leaves.",label-or-feature,yes
derived-y9r-013-9e-what-do-exothermic-reactions-do-to-the-surroundings,open-answer-card,y9r-013-9e-what-do-exothermic-reactions-do-to-the-surroundings,9E,chemistry,state,Section A,Core knowledge,2,What do exothermic reactions do to the surroundings?,Exothermic reactions transfer energy into the surroundings and so increase the temperature around them.,short-fact,yes
derived-y9r-014-9e-what-do-endothermic-reactions-do-to-the-surroundings,open-answer-card,y9r-014-9e-what-do-endothermic-reactions-do-to-the-surroundings,9E,chemistry,state,Section A,Core knowledge,2,What do endothermic reactions do to the surroundings?,Endothermic reactions transfer energy from the surroundings and so decrease the temperature around them.,short-fact,yes
derived-y9r-015-9e-give-an-example-of-an-endothermic-reaction-from-the-revision-sheet,open-answer-card,y9r-015-9e-give-an-example-of-an-endothermic-reaction-from-the-revision-sheet,9E,chemistry,state,Section A,Core knowledge,1,Give an example of an endothermic reaction from the revision sheet.,Thermal decomposition reactions.,short-fact,yes
derived-y9r-016-9e-what-do-the-state-symbols-s-l-g-and-aq-mean,open-answer-card,y9r-016-9e-what-do-the-state-symbols-s-l-g-and-aq-mean,9E,chemistry,state,Section A,Core knowledge,1,"What do the state symbols s, l, g and aq mean?","s = solid, l = liquid, g = gas, aq = dissolved in water.",short-fact,yes
derived-y9r-017-9e-what-is-made-when-calcium-carbonate-thermally-decomposes,open-answer-card,y9r-017-9e-what-is-made-when-calcium-carbonate-thermally-decomposes,9E,chemistry,state,Section A,Core knowledge,1,What is made when calcium carbonate thermally decomposes?,Calcium oxide and carbon dioxide.,short-fact,yes
derived-y9r-018-9e-in-peer-review-what-do-scientists-check-in-a-paper,open-answer-card,y9r-018-9e-in-peer-review-what-do-scientists-check-in-a-paper,9E,chemistry,state,Section A,Core knowledge,3,"In peer review, what do scientists check in a paper?","They check that the paper has valid conclusions, that it is original and that the experiments work.",short-fact,yes
derived-y9r-019-9e-after-peer-review-what-can-a-paper-be-recommended-for,open-answer-card,y9r-019-9e-after-peer-review-what-can-a-paper-be-recommended-for,9E,chemistry,state,Section A,Core knowledge,3,"After peer review, what can a paper be recommended for?","Publication, amendment or rejection.",short-fact,yes
derived-y9r-020-9e-how-are-metals-recycled-according-to-the-revision-sheet,open-answer-card,y9r-020-9e-how-are-metals-recycled-according-to-the-revision-sheet,9E,chemistry,describe,Section B,Written reasoning,2,"How are metals recycled, according to the revision sheet?",By separating and melting.,linked-description,yes
derived-y9r-021-9e-how-is-glass-recycled-according-to-the-revision-sheet,open-answer-card,y9r-021-9e-how-is-glass-recycled-according-to-the-revision-sheet,9E,chemistry,describe,Section B,Written reasoning,2,"How is glass recycled, according to the revision sheet?",By separating colours and melting.,linked-description,yes
derived-y9r-022-9e-how-is-paper-recycled-according-to-the-revision-sheet,open-answer-card,y9r-022-9e-how-is-paper-recycled-according-to-the-revision-sheet,9E,chemistry,describe,Section B,Written reasoning,2,"How is paper recycled, according to the revision sheet?",By removing ink and adding water to make a pulp.,linked-description,yes
derived-y9r-023-9e-how-is-concrete-recycled-according-to-the-revision-sheet,open-answer-card,y9r-023-9e-how-is-concrete-recycled-according-to-the-revision-sheet,9E,chemistry,describe,Section B,Written reasoning,2,"How is concrete recycled, according to the revision sheet?",By crushing and grading.,linked-description,yes
derived-y9r-024-9e-give-two-reasons-why-recycling-materials-to-use-again-is-useful,open-answer-card,y9r-024-9e-give-two-reasons-why-recycling-materials-to-use-again-is-useful,9E,chemistry,explain,Section B,Written reasoning,3,Give two reasons why recycling materials to use again is useful.,It reduces our use of landfill sites and reduces the need to burn fossil fuels. It can also reduce pollution and save raw materials.,cause-effect,yes
derived-y9r-025-9e-what-is-biomagnification,open-answer-card,y9r-025-9e-what-is-biomagnification,9E,chemistry,explain,Section B,Written reasoning,3,"A toxin is eaten by small animals, and then many small animals are eaten by a predator. Why can toxin levels become highest in the predator?","Because large animals eat lots of smaller animals, toxin levels increase and can reach harmful levels. This is biomagnification.",cause-effect,yes
derived-y9r-026-9f-in-reactions-and-physical-changes-what-happens-to-the-number-of-atoms,open-answer-card,y9r-026-9f-in-reactions-and-physical-changes-what-happens-to-the-number-of-atoms,9F,chemistry,explain,Section B,Written reasoning,3,Why is there no overall change in mass in a reaction or physical change?,"The number of atoms does not change, so there is no overall change in mass.",cause-effect,yes
derived-y9r-027-9f-what-do-the-large-numbers-in-an-equation-show,open-answer-card,y9r-027-9f-what-do-the-large-numbers-in-an-equation-show,9F,chemistry,identify,Section A,Core knowledge,1,What do the large numbers in an equation show?,The large numbers show the number of molecules.,label-or-feature,yes
derived-y9r-028-9f-what-do-the-letters-in-brackets-in-an-equation-show,open-answer-card,y9r-028-9f-what-do-the-letters-in-brackets-in-an-equation-show,9F,chemistry,identify,Section A,Core knowledge,2,What do the letters in brackets in an equation show?,"The letters in brackets are state symbols (g = gas, l = liquid, s = solid, aq = dissolved in water).",label-or-feature,yes
derived-y9r-029-9f-what-does-an-atom-contain,open-answer-card,y9r-029-9f-what-does-an-atom-contain,9F,chemistry,state,Section A,Core knowledge,1,What does an atom contain?,Atoms contain neutrons and protons in a central nucleus and electrons around the outside of the nucleus.,short-fact,yes
derived-y9r-030-9f-what-is-the-atomic-number-or-proton-number,open-answer-card,y9r-030-9f-what-is-the-atomic-number-or-proton-number,9F,chemistry,state,Section A,Core knowledge,1,What is the atomic number or proton number?,The number of protons is the atomic number or proton number.,short-fact,yes
derived-y9r-031-9f-how-are-elements-arranged-in-the-periodic-table,open-answer-card,y9r-031-9f-how-are-elements-arranged-in-the-periodic-table,9F,chemistry,describe,Section B,Written reasoning,2,How are elements arranged in the periodic table?,Elements are arranged in order of atomic number in the periodic table.,linked-description,yes
derived-y9r-032-9f-what-is-the-mass-number-of-an-atom,open-answer-card,y9r-032-9f-what-is-the-mass-number-of-an-atom,9F,chemistry,state,Section A,Core knowledge,1,What is the mass number of an atom?,The number of neutrons and the number of protons in an atom is its mass number.,short-fact,yes
derived-y9r-033-9f-what-are-groups-and-periods-in-the-periodic-table,open-answer-card,y9r-033-9f-what-are-groups-and-periods-in-the-periodic-table,9F,chemistry,state,Section A,Core knowledge,1,What are groups and periods in the periodic table?,The vertical columns in the periodic table are groups and the rows are periods.,short-fact,yes
derived-y9r-034-9f-what-do-metals-that-react-with-water-produce,open-answer-card,y9r-034-9f-what-do-metals-that-react-with-water-produce,9F,chemistry,state,Section A,Core knowledge,2,What do metals that react with water produce?,The metals that react with water produce a metal hydroxide and hydrogen.,short-fact,yes
derived-y9r-035-9f-what-do-metals-that-react-with-dilute-acids-produce,open-answer-card,y9r-035-9f-what-do-metals-that-react-with-dilute-acids-produce,9F,chemistry,state,Section A,Core knowledge,2,What do metals that react with dilute acids produce?,The metals that react with dilute acids produce a salt and hydrogen.,short-fact,yes
derived-y9r-036-9f-what-is-an-oxidation-reaction-in-the-reactivity-series-section,open-answer-card,y9r-036-9f-what-is-an-oxidation-reaction-in-the-reactivity-series-section,9F,chemistry,state,Section A,Core knowledge,1,What is an oxidation reaction in the reactivity-series section?,Most metals react with oxygen from the air to form metal oxides. This is an oxidation reaction.,short-fact,yes
derived-y9r-037-9f-what-is-a-hydrocarbon,open-answer-card,y9r-037-9f-what-is-a-hydrocarbon,9F,chemistry,state,Section A,Core knowledge,1,What is a hydrocarbon?,A hydrocarbon contains hydrogen and carbon only.,short-fact,yes
derived-y9r-038-9f-what-is-the-word-equation-for-complete-combustion-of-a-hydrocarbon,open-answer-card,y9r-038-9f-what-is-the-word-equation-for-complete-combustion-of-a-hydrocarbon,9F,chemistry,state,Section A,Core knowledge,1,What is the word equation for complete combustion of a hydrocarbon?,hydrocarbon + oxygen → carbon dioxide + water,short-fact,yes
derived-y9r-039-9f-what-is-the-test-for-oxygen,open-answer-card,y9r-039-9f-what-is-the-test-for-oxygen,9F,chemistry,state,Section A,Core knowledge,1,What is the test for oxygen?,The test for oxygen is that it relights a glowing splint.,short-fact,yes
derived-y9r-040-9f-why-is-an-input-of-energy-from-a-flame-or-spark-needed-to-start-combustion,open-answer-card,y9r-040-9f-why-is-an-input-of-energy-from-a-flame-or-spark-needed-to-start-combustion,9F,chemistry,explain,Section B,Written reasoning,3,Why is an input of energy from a flame or spark needed to start combustion?,It is needed to start the combustion reaction by breaking some bonds in the reactants.,cause-effect,yes
derived-y9r-041-9f-what-increases-the-rate-of-reaction-according-to-the-revision-sheet,open-answer-card,y9r-041-9f-what-increases-the-rate-of-reaction-according-to-the-revision-sheet,9F,chemistry,state,Section A,Core knowledge,1,A student wants a reaction to happen faster. Give three changes from the revision sheet that could increase the rate.,"Increase the temperature, increase the concentration of a reactant, and increase the surface area of a solid reactant.",short-fact,yes
derived-y9r-043-9f-where-do-most-metals-occur,open-answer-card,y9r-043-9f-where-do-most-metals-occur,9F,chemistry,state,Section A,Core knowledge,2,Where do most metals occur?,"Most metals occur as compounds called minerals, which are found in rocks called ores in the Earth’s crust.",short-fact,yes
derived-y9r-044-9f-which-metals-can-be-extracted-from-their-ores-by-heating-with-carbon,open-answer-card,y9r-044-9f-which-metals-can-be-extracted-from-their-ores-by-heating-with-carbon,9F,chemistry,identify,Section A,Core knowledge,1,A metal is zinc or below zinc in the reactivity series. Which extraction method can be used?,It can be extracted from its ore by heating with carbon.,label-or-feature,yes
derived-y9r-045-9f-which-metals-need-electrolysis-to-extract-them-from-their-ores,open-answer-card,y9r-045-9f-which-metals-need-electrolysis-to-extract-them-from-their-ores,9F,chemistry,explain,Section B,Written reasoning,3,A metal is above zinc in the reactivity series. Why is electrolysis needed to extract it from its ore?,"It is too reactive to be extracted by heating with carbon, so electrolysis is needed.",cause-effect,yes
derived-y9r-047-9i-what-can-forces-make-objects-do,open-answer-card,y9r-047-9i-what-can-forces-make-objects-do,9I,physics,state,Section A,Core knowledge,3,What can forces make objects do?,"Forces can make objects speed up, slow down or change direction.",short-fact,yes
derived-y9r-049-9i-what-happens-to-air-resistance-as-a-falling-object-gets-faster,open-answer-card,y9r-049-9i-what-happens-to-air-resistance-as-a-falling-object-gets-faster,9I,physics,describe,Section B,Written reasoning,2,What happens to air resistance as a falling object gets faster?,As it gets faster the air resistance increases.,linked-description,yes
derived-y9r-050-9i-what-has-happened-when-a-falling-object-reaches-terminal-velocity,open-answer-card,y9r-050-9i-what-has-happened-when-a-falling-object-reaches-terminal-velocity,9I,physics,explain,Section B,Written reasoning,2,A falling object is moving at terminal velocity. What has happened to air resistance and weight?,"The air resistance balances the weight, so the object cannot fall any faster.",cause-effect,yes
derived-y9r-051-9i-how-do-you-convert-a-speed-in-m-s-to-km-h,open-answer-card,y9r-051-9i-how-do-you-convert-a-speed-in-m-s-to-km-h,9I,physics,explain,Section B,Written reasoning,3,How do you convert a speed in m/s to km/h?,Divide by 1000 then multiply by 3600.,cause-effect,yes
derived-y9r-052-9i-how-do-you-convert-a-speed-in-km-h-to-m-s,open-answer-card,y9r-052-9i-how-do-you-convert-a-speed-in-km-h-to-m-s,9I,physics,explain,Section B,Written reasoning,3,How do you convert a speed in km/h to m/s?,Multiply by 1000 then divide by 3600.,cause-effect,yes
derived-y9r-053-9i-what-is-mean-speed,open-answer-card,y9r-053-9i-what-is-mean-speed,9I,physics,state,Section A,Core knowledge,1,What is mean speed?,The mean (average) speed is the total distance travelled divided by the total time taken.,short-fact,yes
derived-y9r-054-9i-what-is-the-relative-speed-of-a-car-travelling-at-50-km-h-compared-to-one-t,open-answer-card,y9r-054-9i-what-is-the-relative-speed-of-a-car-travelling-at-50-km-h-compared-to-one-t,9I,physics,calculate,Section C,Data and calculations,2,One car travels at 50 km/h and another travels at 30 km/h in the same direction. What is the relative speed?,20 km/h.,calculation-method,yes
derived-y9r-055-9i-what-does-a-speed-time-graph-show,open-answer-card,y9r-055-9i-what-does-a-speed-time-graph-show,9I,physics,graph,Section C,Data and calculations,3,What does a speed-time graph show?,A speed-time graph shows how fast something is travelling at different times during a journey.,graph-data,yes
derived-y9r-056-9i-what-do-horizontal-lines-show-on-a-speed-time-graph,open-answer-card,y9r-056-9i-what-do-horizontal-lines-show-on-a-speed-time-graph,9I,physics,graph,Section C,Data and calculations,3,What do horizontal lines show on a speed-time graph?,Horizontal lines show a constant speed.,graph-data,yes
derived-y9r-057-9i-what-do-sloping-lines-show-on-a-speed-time-graph,open-answer-card,y9r-057-9i-what-do-sloping-lines-show-on-a-speed-time-graph,9I,physics,graph,Section C,Data and calculations,3,What do sloping lines show on a speed-time graph?,Sloping lines show changes in speed (acceleration or deceleration).,graph-data,yes
derived-y9r-058-9i-on-a-distance-time-graph-what-does-the-gradient-of-a-line-give,open-answer-card,y9r-058-9i-on-a-distance-time-graph-what-does-the-gradient-of-a-line-give,9I,physics,graph,Section C,Data and calculations,3,"On a distance-time graph, what does the gradient of a line give?",The gradient of a line gives the speed that the object is moving.,graph-data,yes
derived-y9r-062-9i-what-is-true-when-an-object-is-balanced,open-answer-card,y9r-062-9i-what-is-true-when-an-object-is-balanced,9I,physics,state,Section A,Core knowledge,1,What is true when an object is balanced?,The anticlockwise moment is equal to the clockwise moment.,short-fact,yes
derived-y9r-064-9i-what-is-the-formula-for-work-done,open-answer-card,y9r-064-9i-what-is-the-formula-for-work-done,9I,physics,state,Section A,Core knowledge,1,What is the formula for work done?,work = force × distance moved in the direction of the force.,short-fact,yes
derived-y9r-065-9j-what-is-a-force-field,open-answer-card,y9r-065-9j-what-is-a-force-field,9J,physics,state,Section A,Core knowledge,1,What is a force field?,A force field is a space where a non-contact force has an effect.,short-fact,yes
derived-y9r-067-9j-what-formula-is-used-to-calculate-weight,open-answer-card,y9r-067-9j-what-formula-is-used-to-calculate-weight,9J,physics,calculate,Section C,Data and calculations,2,What formula is used to calculate weight?,weight (N) = mass (kg) × g (N/kg),calculation-method,yes
derived-y9r-068-9j-in-an-electric-field-diagram-what-do-the-arrows-show,open-answer-card,y9r-068-9j-in-an-electric-field-diagram-what-do-the-arrows-show,9J,physics,identify,Section A,Core knowledge,1,"In an electric field diagram, what do the arrows show?",The arrows show the direction a positive charge would move.,label-or-feature,yes
derived-y9r-069-9j-what-is-current,open-answer-card,y9r-069-9j-what-is-current,9J,physics,state,Section A,Core knowledge,1,What is current?,Current is a flow of electrons.,short-fact,yes
derived-y9r-070-9j-how-do-we-measure-current,open-answer-card,y9r-070-9j-how-do-we-measure-current,9J,physics,explain,Section B,Written reasoning,3,How do we measure current?,We measure current using an ammeter connected in series.,cause-effect,yes
derived-y9r-073-9j-if-resistance-stays-the-same-what-happens-when-voltage-is-higher,open-answer-card,y9r-073-9j-if-resistance-stays-the-same-what-happens-when-voltage-is-higher,9J,physics,explain,Section B,Written reasoning,2,"A component has the same resistance, but the voltage across it is increased. What happens to the current?",The current increases.,cause-effect,yes
derived-y9r-074-9j-if-voltage-stays-the-same-what-happens-when-resistance-is-higher,open-answer-card,y9r-074-9j-if-voltage-stays-the-same-what-happens-when-resistance-is-higher,9J,physics,explain,Section B,Written reasoning,2,"A circuit has the same voltage, but the resistance is increased. What happens to the current?",The current decreases.,cause-effect,yes
derived-y9r-075-9j-what-three-things-does-the-resistance-of-a-wire-depend-on,open-answer-card,y9r-075-9j-what-three-things-does-the-resistance-of-a-wire-depend-on,9J,physics,state,Section A,Core knowledge,3,What three things does the resistance of a wire depend on?,"The material from which it is made, its length and its thickness.",short-fact,yes
derived-y9r-076-9j-how-does-wire-length-affect-resistance,open-answer-card,y9r-076-9j-how-does-wire-length-affect-resistance,9J,physics,explain,Section B,Written reasoning,3,How does wire length affect resistance?,Shorter wires have lower resistances.,cause-effect,yes
derived-y9r-077-9j-how-does-wire-thickness-affect-resistance,open-answer-card,y9r-077-9j-how-does-wire-thickness-affect-resistance,9J,physics,explain,Section B,Written reasoning,3,How does wire thickness affect resistance?,Thicker wires have lower resistances.,cause-effect,yes
derived-y9r-078-9j-what-is-the-formula-for-calculating-resistance-from-voltage-and-current,open-answer-card,y9r-078-9j-what-is-the-formula-for-calculating-resistance-from-voltage-and-current,9J,physics,state,Section A,Core knowledge,1,What is the formula for calculating resistance from voltage and current?,resistance = voltage ÷ current,short-fact,yes
derived-y9r-080-9j-when-is-an-electromagnet-magnetic,open-answer-card,y9r-080-9j-when-is-an-electromagnet-magnetic,9J,physics,state,Section A,Core knowledge,1,When is an electromagnet magnetic?,It is only magnetic while the current is flowing.,short-fact,yes
derived-y9r-081-9j-give-three-ways-to-make-an-electromagnet-stronger,open-answer-card,y9r-081-9j-give-three-ways-to-make-an-electromagnet-stronger,9J,physics,state,Section A,Core knowledge,1,Give three ways to make an electromagnet stronger.,"Increase the number of coils of wire, increase the size of the current, and use an iron core.",short-fact,yes
derived-y9r-084-9j-what-makes-the-coil-in-an-electric-motor-turn,open-answer-card,y9r-084-9j-what-makes-the-coil-in-an-electric-motor-turn,9J,physics,explain,Section B,Written reasoning,2,What makes the coil in an electric motor turn?,"When there is a current in the coil, there is a force on each side of the coil that makes it turn.",cause-effect,yes
derived-y9r-085-9j-how-can-the-speed-of-the-motor-or-the-force-it-provides-be-increased,open-answer-card,y9r-085-9j-how-can-the-speed-of-the-motor-or-the-force-it-provides-be-increased,9J,physics,explain,Section B,Written reasoning,3,"How can the speed of the motor, or the force it provides, be increased?","By increasing the size of the current, increasing the strength of the magnetic field, or increasing the number of turns of wire on the coil.",cause-effect,yes
derived-y9p-003-9a-give-three-examples-of-living-or-biotic-factors-from-the-revision-sheet,open-answer-card,y9p-003-9a-give-three-examples-of-living-or-biotic-factors-from-the-revision-sheet,9A,biology,state,Section A,Core knowledge,1,Give three examples of living or biotic factors from the revision sheet.,"Competition, predation and disease.",short-fact,yes
derived-y9p-005-9a-what-forms-an-ecosystem,open-answer-card,y9p-005-9a-what-forms-an-ecosystem,9A,biology,state,Section A,Core knowledge,2,What forms an ecosystem?,All the organisms and physical environmental factors in an area form an ecosystem.,short-fact,yes
derived-y9p-006-9a-how-can-probabilities-be-shown-in-inheritance-questions,open-answer-card,y9p-006-9a-how-can-probabilities-be-shown-in-inheritance-questions,9A,biology,explain,Section B,Written reasoning,3,How can probabilities be shown in inheritance questions?,"Probabilities are shown as percentages, decimals or fractions.",cause-effect,yes
derived-y9p-009-9f-what-is-neutralisation,open-answer-card,y9p-009-9f-what-is-neutralisation,9F,chemistry,state,Section A,Core knowledge,1,What is neutralisation?,A reaction in which an acid reacts with an alkali or a base to produce a salt and water.,short-fact,yes
derived-y9p-010-9f-what-is-a-thermite-reaction,open-answer-card,y9p-010-9f-what-is-a-thermite-reaction,9F,chemistry,state,Section A,Core knowledge,1,What is a thermite reaction?,A highly exothermic displacement reaction between aluminium and iron oxide that produces molten iron.,short-fact,yes
derived-y9p-012-9f-in-the-thermite-reaction-which-metal-displaces-iron,open-answer-card,y9p-012-9f-in-the-thermite-reaction-which-metal-displaces-iron,9F,chemistry,identify,Section A,Core knowledge,1,"In the thermite reaction, which metal displaces iron?",Aluminium.,label-or-feature,yes
derived-y9p-014-9f-what-energy-supply-do-thermal-decomposition-reactions-need-to-keep-going,open-answer-card,y9p-014-9f-what-energy-supply-do-thermal-decomposition-reactions-need-to-keep-going,9F,chemistry,state,Section A,Core knowledge,1,What energy supply do thermal decomposition reactions need to keep going?,A constant supply of energy.,short-fact,yes
derived-y9p-019-9f-what-is-oxidation,open-answer-card,y9p-019-9f-what-is-oxidation,9F,chemistry,state,Section A,Core knowledge,1,What is oxidation?,Reaction in which a substance gains oxygen.,short-fact,yes
derived-y9p-022-9j-how-do-you-find-the-number-of-decimal-places-in-a-number,open-answer-card,y9p-022-9j-how-do-you-find-the-number-of-decimal-places-in-a-number,9J,physics,explain,Section B,Written reasoning,3,How do you find the number of decimal places in a number?,The number of decimal places in a number is the number of digits after the decimal point.,cause-effect,yes
derived-y9p-023-9j-what-is-the-first-significant-figure-in-a-number,open-answer-card,y9p-023-9j-what-is-the-first-significant-figure-in-a-number,9J,physics,state,Section A,Core knowledge,1,What is the first significant figure in a number?,The digit with the highest place value.,short-fact,yes
derived-y9p-025-9j-in-the-number-3-407-how-many-decimal-places-are-there,open-answer-card,y9p-025-9j-in-the-number-3-407-how-many-decimal-places-are-there,9J,physics,calculate,Section C,Data and calculations,1,"In the number 3.407, how many decimal places are there?",Three decimal places.,calculation-method,yes
derived-y9p-026-9j-in-the-number-0-0632-what-is-the-first-significant-figure,open-answer-card,y9p-026-9j-in-the-number-0-0632-what-is-the-first-significant-figure,9J,physics,identify,Section A,Core knowledge,1,"In the number 0.0632, what is the first significant figure?",6.,label-or-feature,yes
derived-y9p-027-9j-round-42-786-to-one-decimal-place,open-answer-card,y9p-027-9j-round-42-786-to-one-decimal-place,9J,physics,calculate,Section C,Data and calculations,1,Round 42.786 to one decimal place.,42.8.,calculation-method,yes
derived-y9p-028-9j-round-42-786-to-two-decimal-places,open-answer-card,y9p-028-9j-round-42-786-to-two-decimal-places,9J,physics,calculate,Section C,Data and calculations,1,Round 42.786 to two decimal places.,42.79.,calculation-method,yes
derived-y9p-029-9j-round-0-0632-to-one-significant-figure,open-answer-card,y9p-029-9j-round-0-0632-to-one-significant-figure,9J,physics,calculate,Section C,Data and calculations,1,Round 0.0632 to one significant figure.,0.06.,calculation-method,yes
derived-y9p-030-9j-round-0-0632-to-two-significant-figures,open-answer-card,y9p-030-9j-round-0-0632-to-two-significant-figures,9J,physics,calculate,Section C,Data and calculations,1,Round 0.0632 to two significant figures.,0.063.,calculation-method,yes
derived-y9qb-001-9b-farming-benefit-problem-compare,open-answer-card,y9qb-001-9b-farming-benefit-problem-compare,9B,biology,explain,Section B,Written reasoning,3,A farmer uses fertilisers and pesticides to increase crop yield. Explain one benefit and one possible problem for each method.,"Fertilisers contain mineral salts that help plants grow and increase yield, but if they wash into streams and rivers they can cause pollution so organisms die. Pesticides kill pests that compete with or harm crops, but they can kill useful organisms and damage food webs.",cause-effect,yes
derived-y9qb-002-9e-thermal-decomposition-state-symbols,open-answer-card,y9qb-002-9e-thermal-decomposition-state-symbols,9E,chemistry,state,Section A,Core knowledge,1,Calcium carbonate thermally decomposes. Name the two products and give the state symbol meaning for gas.,The products are calcium oxide and carbon dioxide. The state symbol g means gas.,short-fact,yes
derived-y9qb-003-9f-redox-thermite-application,open-answer-card,y9qb-003-9f-redox-thermite-application,9F,chemistry,explain,Section B,Written reasoning,3,"In the thermite reaction, aluminium reacts with iron oxide to form aluminium oxide and iron. Which substance is reduced, and why?",Iron oxide is reduced because it loses oxygen to form iron.,cause-effect,yes
derived-y9qb-004-9i-moments-balanced-application,open-answer-card,y9qb-004-9i-moments-balanced-application,9I,physics,calculate,Section C,Data and calculations,2,"A 20 N force acts 0.5 m from a pivot. What moment does it produce, and what equal opposite moment is needed for balance?","The moment is 10 N m. For balance, an equal 10 N m moment is needed in the opposite direction.",calculation-method,yes
derived-y9qb-005-9j-wire-resistance-investigation-variables,open-answer-card,y9qb-005-9j-wire-resistance-investigation-variables,9J,physics,identify,Section A,Core knowledge,1,"In a wire-resistance investigation, which variables should be controlled if you are testing how length affects resistance?","The material and thickness of the wire should be controlled, while the length is changed.",label-or-feature,yes
derived-y9cgp-006-I-pressure-describe-how-liquid-pressure-changes-with-depth,open-answer-card,y9cgp-006-I-pressure-describe-how-liquid-pressure-changes-with-depth,9I,physics,describe,Section B,Written reasoning,2,Describe how liquid pressure changes with depth.,Liquid pressure increases with depth because there is more liquid above pushing down.,linked-description,yes
derived-y9cgp-007-I-pressure-why-does-a-dam-wall-need-to-be-stronger-near-the-bottom,open-answer-card,y9cgp-007-I-pressure-why-does-a-dam-wall-need-to-be-stronger-near-the-bottom,9I,physics,explain,Section B,Written reasoning,3,Why does a dam wall need to be stronger near the bottom?,"The pressure is greater at greater depth, so the bottom of the dam must resist a larger force from the water.",cause-effect,yes
derived-y9cgp-010-I-pressure-why-can-a-large-ship-float-even-though-it-is-made-from-dense,open-answer-card,y9cgp-010-I-pressure-why-can-a-large-ship-float-even-though-it-is-made-from-dense,9I,physics,explain,Section B,Written reasoning,3,Why can a large ship float even though it is made from dense metal?,"Its hollow shape displaces a large volume of water, so the upthrust can balance the ship’s weight.",cause-effect,yes
derived-y9cgp-011-I-pressure-what-does-it-mean-if-an-object-floats,open-answer-card,y9cgp-011-I-pressure-what-does-it-mean-if-an-object-floats,9I,physics,state,Section A,Core knowledge,1,What does it mean if an object floats?,"The upthrust on the object balances its weight, so there is no resultant vertical force.",short-fact,yes
derived-y9cgp-013-I-pressure-why-do-snowshoes-help-a-person-walk-on-soft-snow,open-answer-card,y9cgp-013-I-pressure-why-do-snowshoes-help-a-person-walk-on-soft-snow,9I,physics,explain,Section B,Written reasoning,3,Why do snowshoes help a person walk on soft snow?,"Snowshoes spread the person’s weight over a larger area, so the pressure on the snow is lower.",cause-effect,yes
derived-y9cgp-014-I-pressure-a-block-underwater-has-equal-sized-top-and-bottom-faces-expl,open-answer-card,y9cgp-014-I-pressure-a-block-underwater-has-equal-sized-top-and-bottom-faces-expl,9I,physics,explain,Section B,Written reasoning,3,A block underwater has equal-sized top and bottom faces. Explain why water can produce an upward resultant force on it.,"The bottom face is deeper, so the pressure on the bottom is greater than the pressure on the top. This produces a larger upward force than downward force, giving upthrust.",cause-effect,yes
derived-y9cgp-015-I-pressure-correct-the-misconception-liquid-pressure-at-the-bottom-depe,open-answer-card,y9cgp-015-I-pressure-correct-the-misconception-liquid-pressure-at-the-bottom-depe,9I,physics,explain,Section B,Written reasoning,2,Correct the misconception: “Liquid pressure at the bottom depends mainly on container width.”,"At the same depth in the same liquid, pressure is the same. Pressure depends mainly on depth and the liquid, not just container width.",cause-effect,yes
derived-y9cgp-048-E-heating-cooling-what-happens-to-particles-in-a-solid-when-it-is-heated,open-answer-card,y9cgp-048-E-heating-cooling-what-happens-to-particles-in-a-solid-when-it-is-heated,9E,chemistry,describe,Section B,Written reasoning,2,What happens to particles in a solid when it is heated?,The particles vibrate more quickly because energy is transferred to them.,linked-description,yes
derived-y9cgp-049-E-heating-cooling-what-happens-to-particles-in-a-hot-object-as-it-cools,open-answer-card,y9cgp-049-E-heating-cooling-what-happens-to-particles-in-a-hot-object-as-it-cools,9E,chemistry,describe,Section B,Written reasoning,2,What happens to particles in a hot object as it cools?,The particles move or vibrate less quickly as energy is transferred to the surroundings.,linked-description,yes
derived-y9cgp-053-E-heating-cooling-why-does-a-metal-spoon-in-hot-soup-become-hot-quickly,open-answer-card,y9cgp-053-E-heating-cooling-why-does-a-metal-spoon-in-hot-soup-become-hot-quickly,9E,chemistry,explain,Section B,Written reasoning,3,Why does a metal spoon in hot soup become hot quickly?,"Metal is a good thermal conductor, so energy is transferred quickly through the spoon by conduction.",cause-effect,yes
derived-y9cgp-054-E-heating-cooling-why-does-a-plastic-handle-help-protect-your-hand-from-a-hot-,open-answer-card,y9cgp-054-E-heating-cooling-why-does-a-plastic-handle-help-protect-your-hand-from-a-hot-,9E,chemistry,explain,Section B,Written reasoning,3,Why does a plastic handle help protect your hand from a hot pan?,"Plastic is a thermal insulator, so it transfers thermal energy slowly from the hot pan to your hand.",cause-effect,yes
derived-y9cgp-055-E-heating-cooling-what-does-a-cooling-curve-show,open-answer-card,y9cgp-055-E-heating-cooling-what-does-a-cooling-curve-show,9E,chemistry,state,Section A,Core knowledge,1,What does a cooling curve show?,A cooling curve shows how the temperature of an object changes with time as it cools.,short-fact,yes
derived-y9cgp-056-E-heating-cooling-why-does-a-very-hot-drink-cool-faster-at-first-than-later,open-answer-card,y9cgp-056-E-heating-cooling-why-does-a-very-hot-drink-cool-faster-at-first-than-later,9E,chemistry,explain,Section B,Written reasoning,3,Why does a very hot drink cool faster at first than later?,"At first the temperature difference between the drink and surroundings is larger, so energy is transferred faster.",cause-effect,yes
derived-y9cgp-057-E-heating-cooling-correct-the-misconception-energy-disappears-when-an-object-c,open-answer-card,y9cgp-057-E-heating-cooling-correct-the-misconception-energy-disappears-when-an-object-c,9E,chemistry,explain,Section B,Written reasoning,2,Correct the misconception: “Energy disappears when an object cools.”,Energy is transferred from the hot object to the surroundings; it is not destroyed.,cause-effect,yes
derived-y9cgp-059-E-heating-cooling-explain-why-insulation-does-not-make-heat-it-helps-keep-some,open-answer-card,y9cgp-059-E-heating-cooling-explain-why-insulation-does-not-make-heat-it-helps-keep-some,9E,chemistry,explain,Section B,Written reasoning,3,Explain why insulation does not “make heat”; it helps keep something warm.,Insulation slows thermal energy transfer from the warm object to colder surroundings. It reduces energy loss but does not create energy.,cause-effect,yes
derived-y9cgp-061-F-periodic-table-bridge-what-does-an-atom-contain,open-answer-card,y9cgp-061-F-periodic-table-bridge-what-does-an-atom-contain,9F,chemistry,state,Section A,Core knowledge,1,What does an atom contain?,Atoms contain neutrons and protons in a central nucleus and electrons around the outside of the nucleus.,short-fact,yes
derived-y9cgp-062-F-periodic-table-bridge-what-is-the-atomic-number-or-proton-number,open-answer-card,y9cgp-062-F-periodic-table-bridge-what-is-the-atomic-number-or-proton-number,9F,chemistry,state,Section A,Core knowledge,1,What is the atomic number or proton number?,The number of protons is the atomic number or proton number.,short-fact,yes
derived-y9cgp-063-F-periodic-table-bridge-what-is-the-mass-number-of-an-atom,open-answer-card,y9cgp-063-F-periodic-table-bridge-what-is-the-mass-number-of-an-atom,9F,chemistry,state,Section A,Core knowledge,1,What is the mass number of an atom?,The number of neutrons and the number of protons in an atom is its mass number.,short-fact,yes
derived-y9cgp-064-F-periodic-table-bridge-what-are-groups-and-periods-in-the-periodic-table,open-answer-card,y9cgp-064-F-periodic-table-bridge-what-are-groups-and-periods-in-the-periodic-table,9F,chemistry,state,Section A,Core knowledge,1,What are groups and periods in the periodic table?,The vertical columns in the periodic table are groups and the rows are periods.,short-fact,yes
derived-y9cgp-067-F-periodic-table-bridge-where-are-metals-usually-found-in-the-periodic-table,open-answer-card,y9cgp-067-F-periodic-table-bridge-where-are-metals-usually-found-in-the-periodic-table,9F,chemistry,identify,Section A,Core knowledge,1,Where are metals usually found in the periodic table?,Metals are usually found on the left and in the middle of the periodic table.,label-or-feature,yes
derived-y9cgp-069-F-periodic-table-bridge-give-two-general-properties-of-non-metals,open-answer-card,y9cgp-069-F-periodic-table-bridge-give-two-general-properties-of-non-metals,9F,chemistry,state,Section A,Core knowledge,1,Give two general properties of non-metals.,Non-metals are usually poor conductors and are often dull or brittle when solid.,short-fact,yes
derived-y9cgp-071-F-periodic-table-bridge-describe-the-reactivity-trend-down-group-1,open-answer-card,y9cgp-071-F-periodic-table-bridge-describe-the-reactivity-trend-down-group-1,9F,chemistry,describe,Section B,Written reasoning,2,Describe the reactivity trend down Group 1.,Group 1 metals become more reactive down the group.,linked-description,yes
derived-y9cgp-073-F-periodic-table-bridge-describe-the-reactivity-trend-down-group-7,open-answer-card,y9cgp-073-F-periodic-table-bridge-describe-the-reactivity-trend-down-group-7,9F,chemistry,describe,Section B,Written reasoning,2,Describe the reactivity trend down Group 7.,Group 7 non-metals become less reactive down the group.,linked-description,yes
derived-y9cgp-076-E-climate-bridge-what-causes-the-natural-greenhouse-effect,open-answer-card,y9cgp-076-E-climate-bridge-what-causes-the-natural-greenhouse-effect,9E,chemistry,explain,Section B,Written reasoning,2,What causes the natural greenhouse effect?,"Greenhouse gases in Earth’s atmosphere absorb and re-emit thermal radiation, keeping Earth warmer than it would otherwise be.",cause-effect,yes
derived-y9cgp-077-E-climate-bridge-why-can-extra-greenhouse-gases-increase-global-temperature,open-answer-card,y9cgp-077-E-climate-bridge-why-can-extra-greenhouse-gases-increase-global-temperature,9E,chemistry,explain,Section B,Written reasoning,3,Why can extra greenhouse gases increase global temperature?,"Extra greenhouse gases strengthen the greenhouse effect, so more thermal energy is retained in the atmosphere and average temperature rises.",cause-effect,yes
derived-y9cgp-079-E-climate-bridge-give-two-examples-of-evidence-used-for-global-warming,open-answer-card,y9cgp-079-E-climate-bridge-give-two-examples-of-evidence-used-for-global-warming,9E,chemistry,state,Section A,Core knowledge,1,Give two examples of evidence used for global warming.,"Examples include temperature measurements, ice-core data, tree-ring data, glacier changes and sea-level measurements.",short-fact,yes
derived-y9cgp-081-E-climate-bridge-explain-one-environmental-problem-caused-by-making-materials,open-answer-card,y9cgp-081-E-climate-bridge-explain-one-environmental-problem-caused-by-making-materials,9E,chemistry,explain,Section B,Written reasoning,3,Explain one environmental problem caused by making materials.,"Making materials can burn fossil fuels, releasing carbon dioxide; some processes also release toxins or sulfur dioxide.",cause-effect,yes
derived-y9cgp-084-E-climate-bridge-why-do-scientists-compare-modern-temperatures-with-long-term,open-answer-card,y9cgp-084-E-climate-bridge-why-do-scientists-compare-modern-temperatures-with-long-term,9E,chemistry,explain,Section B,Written reasoning,3,Why do scientists compare modern temperatures with long-term averages?,Long-term averages help show whether recent temperatures are unusual compared with normal variation.,cause-effect,yes
derived-y9cgp-085-E-climate-bridge-explain-why-a-correlation-between-greenhouse-gas-emissions-a,open-answer-card,y9cgp-085-E-climate-bridge-explain-why-a-correlation-between-greenhouse-gas-emissions-a,9E,chemistry,explain,Section B,Written reasoning,3,Explain why a correlation between greenhouse gas emissions and temperature is important but not the only evidence needed.,"A correlation shows the two have changed together, but scientists also need mechanisms and other evidence to explain why increased greenhouse gases cause warming.",cause-effect,yes
derived-y9cgp-098-F-chemical-energy-bridge-what-do-exothermic-reactions-do-to-the-surroundings,open-answer-card,y9cgp-098-F-chemical-energy-bridge-what-do-exothermic-reactions-do-to-the-surroundings,9F,chemistry,state,Section A,Core knowledge,2,What do exothermic reactions do to the surroundings?,Exothermic reactions transfer energy into the surroundings and so increase the temperature around them.,short-fact,yes
derived-y9cgp-099-F-chemical-energy-bridge-what-do-endothermic-reactions-do-to-the-surroundings,open-answer-card,y9cgp-099-F-chemical-energy-bridge-what-do-endothermic-reactions-do-to-the-surroundings,9F,chemistry,state,Section A,Core knowledge,2,What do endothermic reactions do to the surroundings?,Endothermic reactions transfer energy from the surroundings and so decrease the temperature around them.,short-fact,yes
derived-y9cgp-102-F-chemical-energy-bridge-why-should-temperature-be-measured-before-and-after-a-reacti,open-answer-card,y9cgp-102-F-chemical-energy-bridge-why-should-temperature-be-measured-before-and-after-a-reacti,9F,chemistry,explain,Section B,Written reasoning,3,Why should temperature be measured before and after a reaction?,The temperature change shows whether the reaction transferred energy to the surroundings or took energy from the surroundings.,cause-effect,yes
derived-y9cgp-103-F-chemical-energy-bridge-give-one-example-of-an-endothermic-reaction-from-the-revisio,open-answer-card,y9cgp-103-F-chemical-energy-bridge-give-one-example-of-an-endothermic-reaction-from-the-revisio,9F,chemistry,state,Section A,Core knowledge,1,Give one example of an endothermic reaction from the revision sheet.,Thermal decomposition reactions.,short-fact,yes
derived-y9cgp-104-F-chemical-energy-bridge-why-is-combustion-usually-described-as-exothermic,open-answer-card,y9cgp-104-F-chemical-energy-bridge-why-is-combustion-usually-described-as-exothermic,9F,chemistry,explain,Section B,Written reasoning,3,Why is combustion usually described as exothermic?,"Combustion transfers energy to the surroundings, usually heating the surroundings and often producing light.",cause-effect,yes
derived-y9cgp-105-F-chemical-energy-bridge-correct-the-misconception-a-cold-reaction-makes-cold-energy,open-answer-card,y9cgp-105-F-chemical-energy-bridge-correct-the-misconception-a-cold-reaction-makes-cold-energy,9F,chemistry,explain,Section B,Written reasoning,2,Correct the misconception: “A cold reaction makes cold energy.”,"There is no cold energy. In an endothermic reaction, energy is transferred from the surroundings to the reaction, so the surroundings get colder.",cause-effect,yes
derived-y9img-001-9i-density-water-displacement-calculate-density,open-answer-card,y9img-001-9i-density-water-displacement-calculate-density,9I,physics,calculate,Section C,Data and calculations,2,Use the measuring cylinders. Calculate the density of the object. Give your answer in g/cm³.,Initial volume = 35 cm³. Final volume = 60 cm³. Volume of object = 25 cm³. Density = 125 ÷ 25 = 5 g/cm³.,calculation-method,yes
derived-y9img-002-9i-density-cuboid-calculate-density,open-answer-card,y9img-002-9i-density-cuboid-calculate-density,9I,physics,calculate,Section C,Data and calculations,2,Use the cuboid diagram. Calculate the density of the object in g/cm³.,Volume = length × width × height = 10 × 4 × 5 = 200 cm³. Density = 800 ÷ 200 = 4 g/cm³.,calculation-method,yes
derived-y9img-003-9i-pressure-solid-block-calculate-pressure,open-answer-card,y9img-003-9i-pressure-solid-block-calculate-pressure,9I,physics,calculate,Section C,Data and calculations,2,Use the block diagram. Calculate the pressure on the surface in N/cm².,Pressure = force ÷ area = 180 N ÷ 30 cm² = 6 N/cm².,calculation-method,yes
derived-y9img-005-9i-moment-balanced-missing-distance,open-answer-card,y9img-005-9i-moment-balanced-missing-distance,9I,physics,calculate,Section C,Data and calculations,2,Use the balanced lever diagram. Calculate the missing distance on the right-hand side.,"Left moment = 240 N × 2 m = 480 N m. For balance, right moment = 480 N m. Distance = 480 ÷ 160 = 3 m.",calculation-method,yes
derived-y9r6-004-9j-current-voltage-resistance-calculate,open-answer-card,y9r6-004-9j-current-voltage-resistance-calculate,9J,physics,calculate,Section C,Data and calculations,2,Use the current-voltage graph. Calculate the resistance of line B at 6 V.,"At 6 V, line B has a current of 1.5 A. Resistance = potential difference ÷ current = 6 ÷ 1.5 = 4 Ω.",calculation-method,yes
