id,unit,domain,type,examCommand,examMarks,examPool,question,answer,source,sourceFidelity,mediaCount
y9-093-9i-for-a-lever-the-pivot-is-also-called-the,9I,physics,Quick quiz,identify,1,written-main,"In the labelled lever diagram, what is label Y also called?",fulcrum,9I quick quiz 9Id Q1 - source-style diagram redraw,source-style-redraw,1
y9-229-9a-describe-what-environmental-variation-is,9A,biology,Progress check,describe,2,written-main,Describe what environmental variation is.,"Environmental variation is variation caused by conditions in the environment, such as light, diet, exercise, disease or climate.",9A revision worksheet,progress-check-derived,0
y9-230-9a-give-three-examples-of-environmental-variation-in-plants,9A,biology,Progress check,state,1,written-recall,Give three examples of environmental variation in plants.,"Examples include height affected by light, leaf size affected by water, and growth affected by mineral supply.",9A revision worksheet,progress-check-derived,0
y9-231-9a-give-three-examples-of-environmental-variation-in-humans,9A,biology,Progress check,state,1,written-recall,Give three examples of environmental variation in humans.,"Examples include suntan, scars, language spoken, or fitness affected by training.",9A revision worksheet,progress-check-derived,0
y9-232-9a-define-classification,9A,biology,Assess check,explain,3,written-main,Why do scientists classify organisms using similarities and differences?,"Classification sorts organisms into groups based on similarities and differences, so organisms can be identified and compared more clearly.",9A revision worksheet,progress-check-derived,0
y9-233-9a-define-species,9A,biology,Apply check,explain,3,written-main,"Two animals can mate, but their offspring are not fertile. Why would scientists not count them as the same species?",They would not count them as the same species because members of the same species must reproduce to produce fertile offspring.,9A revision worksheet,progress-check-derived,0
y9-234-9a-explain-how-environmental-variation-can-cause-problems-with-classifica,9A,biology,Progress check,explain,3,written-main,Explain how environmental variation can cause problems with classification.,"Environmental factors can make organisms of the same species look different, so appearance alone may not show true relationships.",9A revision worksheet,progress-check-derived,0
y9-235-9a-describe-what-happens-during-fertilisation-and-what-is-formed,9A,biology,Progress check,describe,2,written-main,Describe what happens during fertilisation and what is formed.,A male gamete fuses with a female gamete. Their nuclei combine and a zygote is formed.,9A revision worksheet,progress-check-derived,0
y9-236-9a-describe-how-chromosomes-dna-and-genes-are-linked-together,9A,biology,Progress check,describe,2,written-main,"Describe how chromosomes, DNA and genes are linked together.",Chromosomes are found in the nucleus and are made from DNA. Genes are short sections of DNA that code for characteristics.,9A revision worksheet,progress-check-derived,1
y9-237-9a-state-three-ways-we-can-preserve-biodiversity,9A,biology,Progress check,state,1,written-recall,State three ways we can preserve biodiversity.,"Possible ways include nature reserves, captive breeding, seed/gene banks, habitat protection, and banning trade in endangered organisms.",9A revision worksheet,progress-check-derived,0
y9-238-9a-describe-natural-selection,9A,biology,Progress check,describe,2,written-main,Describe natural selection.,"Individuals vary genetically; those with useful adaptations survive and reproduce more, passing useful genes to offspring.",9A revision worksheet,progress-check-derived,0
y9-239-9b-state-where-a-plant-gets-the-reactants-it-needs-for-photosynthesis,9B,biology,Progress check,state,1,written-recall,State where a plant gets the reactants it needs for photosynthesis.,Carbon dioxide enters from the air through stomata; water is absorbed by roots; light comes from the Sun or lamp.,9B Plant Growth PPT progress check slide 14,progress-check-derived,0
y9-240-9b-describe-what-happens-to-the-products-of-photosynthesis,9B,biology,Progress check,describe,2,written-main,Describe what happens to the products of photosynthesis.,"Oxygen may diffuse out of the leaf; glucose can be used in respiration or converted to starch, cellulose, lipids or proteins.",9B Plant Growth PPT progress check slide 14,progress-check-derived,0
y9-241-9b-describe-what-a-limiting-factor-is,9B,biology,Progress check,describe,2,written-main,Describe what a limiting factor is.,A limiting factor is a factor that slows the rate of a reaction when there is not enough of it.,9B Plant Growth PPT progress check slide 14,progress-check-derived,0
y9-242-9b-suggest-when-photosynthesis-might-occur-in-plants,9B,biology,Progress check,state,2,written-main,Suggest when photosynthesis might occur in plants.,"Photosynthesis occurs when light is available and the plant has carbon dioxide, water and chlorophyll.",9B Plant Growth PPT progress check slide 14,progress-check-derived,0
y9-243-9b-describe-the-route-water-takes-from-soil-to-a-leaf,9B,biology,Progress check,describe,2,written-main,Describe the route water takes from soil to a leaf.,"Water is absorbed by root hair cells, passes into root tissues, travels up xylem vessels, and enters leaf cells.",9B Plant Growth PPT progress check slide 43,progress-check-derived,1
y9-244-9b-explain-the-structure-of-xylem-vessels,9B,biology,Progress check,explain,3,written-main,Explain the structure of xylem vessels.,"Xylem vessels are hollow tubes made from dead cells, strengthened to carry water and mineral ions up the plant.",9B Plant Growth PPT progress check slide 43,progress-check-derived,0
y9-245-9b-state-the-cells-that-control-gas-exchange-in-leaves,9B,biology,Progress check,state,1,written-recall,State the cells that control gas exchange in leaves.,Guard cells control the opening and closing of stomata.,9B Plant Growth PPT progress check slide 48,progress-check-derived,0
y9-246-9b-suggest-why-stomata-shut-at-night,9B,biology,Progress check,explain,3,written-main,Suggest why stomata shut at night.,"At night photosynthesis stops, so stomata can close to reduce water loss while gas exchange demand is lower.",9B Plant Growth PPT progress check slide 48,progress-check-derived,0
y9-247-9b-draw-or-describe-the-relationship-between-glucose-and-starch,9B,biology,Progress check,describe,2,written-main,Draw or describe the relationship between glucose and starch.,"Many glucose molecules join together to form starch, a storage carbohydrate. Starch can be broken back down into smaller sugars.",9B Plant Growth PPT progress check slide 62,progress-check-derived,0
y9-248-9b-suggest-why-seeds-need-starch,9B,biology,Progress check,explain,3,written-main,Suggest why seeds need starch.,Seeds need starch as an energy store. During germination it is digested to glucose for respiration and growth.,9B Plant Growth PPT progress check slide 62,progress-check-derived,1
y9-249-9e-design-poster-prompt-list-what-a-year-9-poster-on-ceramics-polymers-an,9E,chemistry,Progress check,state,1,written-recall,"Design-poster prompt: list what a Year 9 poster on ceramics, polymers and composites should include.","It should include examples, properties, uses, links between properties and structure/bonding, environmental problems, and recycling/disposal options.",9E assess yourself,progress-check-derived,0
y9-250-9e-explain-how-properties-of-ceramics-link-to-bonding-and-structure,9E,chemistry,Progress check,explain,3,written-main,Explain how properties of ceramics link to bonding and structure.,"Strong bonds in a rigid lattice give high melting points and hardness, but the structure can be brittle when layers crack or defects spread.",9E assess yourself,progress-check-derived,0
y9-251-9e-explain-why-composites-often-have-better-properties-than-their-separat,9E,chemistry,Progress check,explain,3,written-main,Explain why composites often have better properties than their separate materials.,"A composite combines materials so one provides strength or stiffness while another binds, protects or adds flexibility.",9E assess yourself,progress-check-derived,1
y9-252-9e-explain-one-environmental-problem-caused-by-making-materials,9E,chemistry,Progress check,explain,3,written-main,Explain one environmental problem caused by making materials.,"Making materials can burn fossil fuels, releasing carbon dioxide; some processes also release toxins or sulfur dioxide.",9E summary sheet / assess yourself,progress-check-derived,0
y9-253-9f-prepare-a-talk-what-should-be-included-on-extracting-iron-and-preventi,9F,chemistry,Progress check,describe,5,written-main,Prepare a talk: what should be included on extracting iron and preventing rusting?,"Include mining iron ore, blast furnace extraction, why carbon is used, properties/uses of iron and steel, rusting conditions, and rust-prevention methods.",9F assess yourself,progress-check-derived,0
y9-254-9f-why-is-a-metal-oxide-reduced-when-carbon-extracts-a-metal,9F,chemistry,Progress check,explain,3,written-main,Why is a metal oxide reduced when carbon extracts a metal?,"The metal oxide loses oxygen to carbon, forming the metal and carbon dioxide or carbon monoxide.",9F summary sheet / assess yourself,progress-check-derived,0
y9-255-9f-explain-why-aluminium-is-extracted-by-electrolysis-rather-than-carbon-,9F,chemistry,Progress check,explain,3,written-main,Explain why aluminium is extracted by electrolysis rather than carbon reduction.,"Aluminium is more reactive than carbon, so carbon cannot displace it from its oxide; electrolysis is needed.",9F quick quiz / summary sheet,progress-check-derived,0
y9-256-9f-explain-why-rusting-is-a-problem-and-name-two-prevention-methods,9F,chemistry,Progress check,explain,3,written-main,Explain why rusting is a problem and name two prevention methods.,"Rust weakens iron/steel. Prevention methods include painting, oiling/greasing, galvanising, coating with plastic, or sacrificial protection.",9F assess yourself,progress-check-derived,1
y9-257-9i-describe-how-to-raise-a-large-upright-stone-using-levers-moments-and-r,9I,physics,Progress check,describe,2,written-main,"Describe how to raise a large upright stone using levers, moments and ramps.","Use levers to create a larger turning moment, move the stone gradually, and use ramps to reduce the force needed by increasing the distance moved.",9I assess yourself,progress-check-derived,0
y9-258-9i-explain-why-a-shallow-ramp-needs-less-force-but-more-distance,9I,physics,Progress check,explain,3,written-main,Explain why a shallow ramp needs less force but more distance.,"The same work is spread over a longer distance, so a smaller force is needed, ignoring friction.",9I assess yourself / simple machines,progress-check-derived,0
y9-259-9i-calculate-the-weight-of-a-54-kg-person-on-earth-where-g-10-n-kg,9I,physics,Progress check,calculate,2,written-main,Calculate the weight of a 54 kg person on Earth where g = 10 N/kg.,Weight = mass × g = 54 × 10 = 540 N.,9Ja Force Fields PPT Guardians calculation,progress-check-derived,0
y9-260-9i-a-96-kg-person-is-on-a-planet-where-g-14-n-kg-calculate-weight,9I,physics,Progress check,calculate,2,written-main,A 96 kg person is on a planet where g = 14 N/kg. Calculate weight.,Weight = mass × g = 96 × 14 = 1344 N.,9Ja Force Fields PPT Guardians calculation,progress-check-derived,0
y9-261-9i-a-person-weighs-1220-n-on-earth-where-g-10-n-kg-calculate-mass,9I,physics,Progress check,calculate,2,written-main,A person weighs 1220 N on Earth where g = 10 N/kg. Calculate mass.,Mass = weight / g = 1220 / 10 = 122 kg.,9Ja Force Fields PPT Guardians calculation,progress-check-derived,0
y9-262-9j-describe-what-an-electromagnet-is-and-how-its-magnetic-field-is-shaped,9J,physics,Progress check,describe,2,written-main,Describe what an electromagnet is and how its magnetic field is shaped.,"An electromagnet is a coil of wire with current flowing. Its field is like a bar magnet, with north and south poles.",9Je Electromagnets PPT,progress-check-derived,0
y9-263-9j-how-can-the-strength-of-an-electromagnet-be-increased,9J,physics,Progress check,explain,3,written-main,How can the strength of an electromagnet be increased?,"Increase the current, increase the number of coils, or use an iron core.",9Je Electromagnets PPT,progress-check-derived,1
y9-264-9j-explain-how-a-relay-works,9J,physics,Progress check,explain,3,written-main,Explain how a relay works.,"A small current switches on an electromagnet. The electromagnet pulls contacts together to switch on a separate circuit, often with a larger current.",9Je Electromagnets PPT / word sheet,progress-check-derived,0
y9-265-9j-describe-the-difference-between-current-and-voltage,9J,physics,Progress check,describe,2,written-main,Describe the difference between current and voltage / potential difference.,"Current is the rate of flow of charge around a circuit. Voltage, or potential difference, is the energy transferred per unit charge.",9Jc Current Electricity PPT,progress-check-derived,1
y9-266-9j-explain-why-plastic-handles-are-safe-on-electrical-wires,9J,physics,Progress check,explain,3,written-main,Explain why plastic handles are safe on electrical wires.,"Plastic has very high resistance and is an insulator, so current cannot easily flow through it to your body.",9Jd Resistance PPT progress check,progress-check-derived,0
y9-267-9j-describe-how-to-test-whether-resistance-depends-on-wire-length,9J,physics,Progress check,describe,2,written-main,Describe how to test whether resistance depends on wire length.,Use wires of the same material and thickness but different lengths; measure current and voltage for each and calculate resistance.,9Jd Resistance PPT exam-style question,progress-check-derived,1
y9-268-9j-calculate-weight-mass-34-kg-and-gravitational-field-strength-6-8-n-kg,9J,physics,Calculation,calculate,2,written-main,Calculate weight: mass = 34 kg and gravitational field strength = 6.8 N/kg.,231.2 N,9Ja Force Fields PPT Guardians calculation,calculation-practice-derived,0
y9-269-9j-a-person-has-weight-686-n-and-mass-56-kg-calculate-gravitational-field,9J,physics,Calculation,calculate,2,written-main,A person has weight 686 N and mass 56 kg. Calculate gravitational field strength.,12.25 N/kg,9Ja Force Fields PPT Guardians calculation,calculation-practice-derived,0
y9-270-9j-a-component-has-voltage-10-v-and-current-0-5-a-calculate-resistance,9J,physics,Calculation,calculate,2,written-main,A component has voltage 10 V and current 0.5 A. Calculate resistance.,20 Ω,9Jd Resistance PPT modelled answer,calculation-practice-derived,0
y9-271-9j-a-resistor-has-voltage-6-v-and-current-0-2-a-calculate-resistance,9J,physics,Calculation,calculate,2,written-main,A resistor has voltage 6 V and current 0.2 A. Calculate resistance.,30 Ω,9Jd Resistance formula practice,calculation-practice-derived,0
y9-272-9i-a-cyclist-travels-12-km-in-0-5-h-calculate-mean-speed,9I,physics,Calculation,calculate,2,written-main,A cyclist travels 12 km in 0.5 h. Calculate mean speed.,24 km/h,9I speed summary / quick quiz style,calculation-practice-derived,0
y9-273-9i-a-force-of-40-n-moves-a-box-3-m-calculate-work-done,9I,physics,Calculation,calculate,2,written-main,A force of 40 N moves a box 3 m. Calculate work done.,120 J,9I simple machines / work done,calculation-practice-derived,0
y9-274-9i-a-5-n-force-acts-0-4-m-from-a-pivot-calculate-the-moment,9I,physics,Calculation,calculate,2,written-main,A 5 N force acts 0.4 m from a pivot. Calculate the moment.,2 N m,9I moments quick quiz style,calculation-practice-derived,0
y9x-001-9a-state-what-variation-is,9A,biology,Assess check,state,1,written-recall,State what variation is.,"Variation means differences in characteristics between organisms, such as height, mass, colour, shape or behaviour.",9A assess-yourself success criterion 01,success-criterion-derived,0
y9x-002-9a-outline-why-dinosaurs-became-extinct,9A,biology,Assess check,explain,3,written-main,Outline why dinosaurs became extinct.,"Dinosaurs became extinct after major environmental change, probably linked to an asteroid impact and climate change, which disrupted food chains and habitats.",9A assess-yourself success criterion 02,success-criterion-derived,0
y9x-003-9a-use-evidence-to-explain-how-scientists-can-infer-something-about-triceratops-suc,9A,biology,Assess check,explain,3,written-main,"Use evidence to explain how scientists can infer something about Triceratops, such as whether it was prey.","Scientists use fossil evidence such as bones, bite marks, fossil position, skull shape and defensive structures to infer how Triceratops lived and interacted with predators.",9A assess-yourself success criterion 03,success-criterion-derived,0
y9x-004-9a-identify-examples-of-environmental-variation,9A,biology,Assess check,identify,1,written-main,Identify examples of environmental variation.,"Examples include suntan, scars, language spoken, fitness after training, plant height affected by light, and leaf size affected by water supply.",9A assess-yourself success criterion 04,success-criterion-derived,0
y9x-005-9a-identify-examples-of-inherited-variation,9A,biology,Assess check,identify,1,written-main,Identify examples of inherited variation.,"Examples include blood group, natural eye colour, natural hair colour, earlobe type and inherited body features controlled by genes.",9A assess-yourself success criterion 05,success-criterion-derived,0
y9x-006-9a-explain-how-changes-in-an-ecosystem-can-cause-extinction,9A,biology,Assess check,explain,3,written-main,Explain how changes in an ecosystem can cause extinction.,"If food, habitat, climate, predators, competitors or disease pressures change too much, a species may fail to survive and reproduce, causing extinction.",9A assess-yourself success criterion 06,success-criterion-derived,0
y9x-007-9a-identify-adaptations-of-triceratops-that-could-be-labelled-on-a-model,9A,biology,Assess check,identify,1,written-main,Identify adaptations of Triceratops that could be labelled on a model.,"Likely adaptations include horns for defence, a frill for protection or display, a strong beak for tough plants, grinding teeth, and powerful legs.",9A assess-yourself success criterion 07,success-criterion-derived,1
y9x-008-9a-explain-how-environmental-variation-is-caused,9A,biology,Assess check,explain,3,written-main,Explain how environmental variation is caused.,"Environmental variation is caused by surroundings and experiences, such as diet, climate, light, water, exercise, disease or injury.",9A assess-yourself success criterion 08,success-criterion-derived,0
y9x-009-9a-outline-how-some-variation-is-inherited-from-parents,9A,biology,Assess check,describe,2,written-main,Outline how some variation is inherited from parents.,Inherited variation is caused by genetic information passed from parents to offspring in gametes during reproduction.,9A assess-yourself success criterion 09,success-criterion-derived,0
y9x-010-9a-explain-how-triceratops-adaptations-helped-survival,9A,biology,Assess check,explain,3,written-main,Explain how Triceratops adaptations helped survival.,"Horns and frill could reduce predation risk, a beak and teeth helped feeding on tough plants, and strong legs supported a large body.",9A assess-yourself success criterion 10,success-criterion-derived,0
y9x-011-9a-identify-and-explain-triceratops-adaptations-beyond-the-obvious-labels,9A,biology,Assess check,explain,3,written-main,Identify and explain Triceratops adaptations beyond the obvious labels.,"A large body could deter predators, eyes placed for awareness could help detect danger, and a strong neck could support the heavy skull and frill.",9A assess-yourself success criterion 11,success-criterion-derived,1
y9x-012-9a-describe-the-relationship-between-cells-nuclei-chromosomes-genes-dna-and-genetic,9A,biology,Assess check,describe,2,written-main,"Describe the relationship between cells, nuclei, chromosomes, genes, DNA and genetic information.",Cells contain nuclei. Nuclei contain chromosomes. Chromosomes are made of DNA. Genes are sections of DNA that carry genetic information.,9A assess-yourself success criterion 12,success-criterion-derived,1
y9x-013-9a-describe-how-variation-in-adaptations-affects-survival-within-a-species,9A,biology,Assess check,describe,2,written-main,Describe how variation in adaptations affects survival within a species.,"Individuals with better-suited adaptations are more likely to survive, reproduce and pass on their genes than less well-adapted individuals.",9A assess-yourself success criterion 13,success-criterion-derived,0
y9x-014-9a-state-what-evolution-is,9A,biology,Assess check,state,1,written-recall,State what evolution is.,Evolution is the gradual change in inherited characteristics of a population over many generations.,9A assess-yourself success criterion 14,success-criterion-derived,0
y9x-015-9a-explain-how-natural-selection-works,9A,biology,Assess check,explain,3,written-main,Explain how natural selection works.,Individuals vary; some inherited variations give an advantage; those individuals survive and reproduce more; useful genes become more common over generations.,9A assess-yourself success criterion 15,success-criterion-derived,0
y9x-016-9b-name-some-common-crop-plants,9B,biology,Assess check,state,1,written-recall,Name some common crop plants.,"Examples include wheat, lettuce, potatoes, maize, rice, barley, peas, beans, tomatoes and rapeseed.",9B assess-yourself success criterion 01,success-criterion-derived,0
y9x-017-9b-explain-why-it-is-important-to-look-after-crop-plants,9B,biology,Assess check,explain,3,written-main,Explain why it is important to look after crop plants.,"Healthy crops grow better and produce a higher yield, which provides more food and more income for the farmer.",9B assess-yourself success criterion 02,success-criterion-derived,0
y9x-018-9b-state-that-plants-make-their-own-food,9B,biology,Assess check,state,1,written-recall,State that plants make their own food.,"Plants make their own food by photosynthesis, producing glucose from carbon dioxide and water using light energy.",9B assess-yourself success criterion 03,success-criterion-derived,0
y9x-019-9b-recall-the-resources-plants-need-to-grow-well,9B,biology,Assess check,state,1,written-recall,Recall the resources plants need to grow well.,"Plants need light, carbon dioxide, oxygen for respiration, water, warmth and mineral ions such as nitrates.",9B assess-yourself success criterion 04,success-criterion-derived,0
y9x-020-9b-list-chemical-substances-farmers-may-apply-to-crops,9B,biology,Assess check,state,1,written-recall,List chemical substances farmers may apply to crops.,"Farmers may apply fertilisers, herbicides, insecticides, fungicides and other pesticides.",9B assess-yourself success criterion 05,success-criterion-derived,0
y9x-021-9b-describe-photosynthesis-in-terms-of-reactants-products-and-energy-source,9B,biology,Assess check,describe,2,written-main,"Describe photosynthesis in terms of reactants, products and energy source.",Photosynthesis uses carbon dioxide and water to make glucose and oxygen. Light energy powers the reaction and chlorophyll absorbs the light.,9B assess-yourself success criterion 06,success-criterion-derived,0
y9x-022-9b-explain-how-leaves-roots-and-stems-help-photosynthesis,9B,biology,Assess check,explain,3,written-main,"Explain how leaves, roots and stems help photosynthesis.","Leaves absorb light and exchange gases, roots absorb water and mineral ions, and stems/xylem transport water to the leaves.",9B assess-yourself success criterion 07,success-criterion-derived,1
y9x-023-9b-explain-why-insecticides-and-fungicides-are-used-on-crop-plants,9B,biology,Assess check,explain,3,written-main,Explain why insecticides and fungicides are used on crop plants.,"Insecticides kill insect pests and fungicides kill fungal diseases, reducing damage and helping maintain crop yield.",9B assess-yourself success criterion 08,success-criterion-derived,0
y9x-024-9b-explain-why-herbicides-or-weedkillers-are-used-on-crop-plants,9B,biology,Assess check,explain,3,written-main,Explain why herbicides or weedkillers are used on crop plants.,"Herbicides kill weeds that compete with crops for light, water, mineral ions and space.",9B assess-yourself success criterion 09,success-criterion-derived,0
y9x-025-9b-explain-how-fertilisers-help-crop-plants-grow-well,9B,biology,Assess check,explain,3,written-main,Explain how fertilisers help crop plants grow well.,"Fertilisers add mineral ions such as nitrates, phosphates and potassium compounds, which plants need for growth and making useful substances.",9B assess-yourself success criterion 10,success-criterion-derived,1
y9x-026-9b-use-word-equations-for-photosynthesis-and-aerobic-respiration,9B,biology,Assess check,state,2,written-main,Use word equations for photosynthesis and aerobic respiration.,Photosynthesis: carbon dioxide + water → glucose + oxygen. Aerobic respiration: glucose + oxygen → carbon dioxide + water.,9B assess-yourself success criterion 11,success-criterion-derived,0
y9x-027-9b-explain-what-happens-when-plants-lack-water-or-mineral-salts,9B,biology,Assess check,explain,3,written-main,Explain what happens when plants lack water or mineral salts.,"Lack of water causes wilting and poor transport. Lack of mineral ions causes poor growth, yellow leaves or weak plants depending on the missing ion.",9B assess-yourself success criterion 12,success-criterion-derived,0
y9x-028-9b-describe-substances-made-in-plants-and-their-uses,9B,biology,Assess check,describe,2,written-main,Describe substances made in plants and their uses.,"Plants make glucose for respiration, starch for storage, cellulose for cell walls, lipids for energy stores and proteins for growth/enzymes.",9B assess-yourself success criterion 13,success-criterion-derived,0
y9x-029-9b-explain-that-chlorophyll-traps-energy-transferred-by-light,9B,biology,Assess check,explain,3,written-main,Explain that chlorophyll traps energy transferred by light.,"Chlorophyll absorbs light energy, which is transferred to the chemical reactions of photosynthesis.",9B assess-yourself success criterion 14,success-criterion-derived,0
y9x-030-9b-explain-how-farming-can-change-the-carbon-cycle,9B,biology,Assess check,explain,3,written-main,Explain how farming can change the carbon cycle.,"Clearing land, burning fuels, livestock, soil disturbance and harvesting can release carbon dioxide or reduce carbon stored in plants and soils.",9B assess-yourself success criterion 15,success-criterion-derived,1
y9x-031-9b-explain-problems-caused-by-fertilisers-including-effects-on-fish-in-lakes,9B,biology,Assess check,explain,3,written-main,"Explain problems caused by fertilisers, including effects on fish in lakes.","Fertilisers can wash into lakes, causing algal blooms. Decomposition uses oxygen, so fish and other animals may suffocate.",9B assess-yourself success criterion 16,success-criterion-derived,0
y9x-032-9b-explain-problems-caused-by-pesticides-including-persistent-insecticides,9B,biology,Assess check,explain,3,written-main,"Explain problems caused by pesticides, including persistent insecticides.",Pesticides can kill non-target organisms. Persistent insecticides may remain in food chains and build up in predators.,9B assess-yourself success criterion 17,success-criterion-derived,0
y9x-033-9b-describe-how-limiting-factors-stop-photosynthesis-rate-increasing,9B,biology,Assess check,describe,2,written-main,Describe how limiting factors stop photosynthesis rate increasing.,"When light, carbon dioxide, water, temperature or chlorophyll becomes limiting, increasing other factors no longer increases photosynthesis rate.",9B assess-yourself success criterion 18,success-criterion-derived,1
y9x-034-9e-name-common-conductors-and-insulators,9E,chemistry,Assess check,state,1,written-recall,Name common conductors and insulators.,"Common conductors include metals such as copper and aluminium. Common insulators include plastic, rubber, glass, ceramics and dry wood.",9E assess-yourself success criterion 01,success-criterion-derived,1
y9x-035-9e-explain-what-a-landfill-site-is-and-why-it-can-cause-problems,9E,chemistry,Assess check,explain,3,written-main,Explain what a landfill site is and why it can cause problems.,"A landfill site is where waste is buried. Problems include land use, smells, pests, methane release, pollution and slow decay of plastics.",9E assess-yourself success criterion 02,success-criterion-derived,0
y9x-036-9e-name-examples-of-ceramic-polymer-and-composite-materials,9E,chemistry,Assess check,state,1,written-recall,"Name examples of ceramic, polymer and composite materials.","Ceramics: glass, brick, porcelain. Polymers: polythene, PVC, nylon. Composites: concrete, fibreglass, carbon fibre composite.",9E assess-yourself success criterion 03,success-criterion-derived,0
y9x-037-9e-name-the-main-source-of-raw-materials-for-making-polymers,9E,chemistry,Assess check,state,1,written-recall,Name the main source of raw materials for making polymers.,Most synthetic polymers are made from chemicals obtained from crude oil or natural gas.,9E assess-yourself success criterion 04,success-criterion-derived,0
y9x-038-9e-describe-the-difference-between-biodegradable-and-non-biodegradable-polymers,9E,chemistry,Assess check,describe,2,written-main,Describe the difference between biodegradable and non-biodegradable polymers.,Biodegradable polymers can be broken down by microorganisms; non-biodegradable polymers do not break down easily and persist in the environment.,9E assess-yourself success criterion 05,success-criterion-derived,0
y9x-039-9e-describe-pollution-problems-caused-by-burning-fossil-fuels,9E,chemistry,Assess check,describe,2,written-main,Describe pollution problems caused by burning fossil fuels.,"Burning fossil fuels releases carbon dioxide, sulfur dioxide, nitrogen oxides and particulates, contributing to climate change, acid rain and poor air quality.",9E assess-yourself success criterion 06,success-criterion-derived,0
y9x-040-9e-describe-what-a-composite-material-is,9E,chemistry,Assess check,describe,2,written-main,Describe what a composite material is.,A composite is made from two or more materials combined so the final material has useful properties from both.,9E assess-yourself success criterion 07,success-criterion-derived,1
y9x-041-9e-describe-problems-caused-by-disposal-of-artificial-polymers,9E,chemistry,Assess check,describe,2,written-main,Describe problems caused by disposal of artificial polymers.,"Artificial polymers can take a very long time to break down, fill landfill, harm wildlife and create microplastic pollution.",9E assess-yourself success criterion 08,success-criterion-derived,0
y9x-042-9e-explain-the-causes-and-problems-of-acid-rain-and-the-greenhouse-effect,9E,chemistry,Assess check,explain,3,written-main,Explain the causes and problems of acid rain and the greenhouse effect.,Acid rain is caused by acidic gases such as sulfur dioxide and nitrogen oxides; it damages ecosystems and buildings. The greenhouse effect is increased by greenhouse gases and can cause global warming.,9E assess-yourself success criterion 09,success-criterion-derived,1
y9x-043-9e-link-uses-of-ceramics-polymers-and-composites-to-their-properties,9E,chemistry,Assess check,describe,3,written-main,"Link uses of ceramics, polymers and composites to their properties.","Materials are chosen because their properties fit the job: ceramics are hard/heat resistant, polymers are light/flexible, and composites can be strong and light.",9E assess-yourself success criterion 10,success-criterion-derived,1
y9x-044-9e-describe-how-polymers-are-formed-from-monomers,9E,chemistry,Assess check,describe,2,written-main,Describe how polymers are formed from monomers.,Many small monomer molecules join together in polymerisation to form long-chain polymer molecules.,9E assess-yourself success criterion 11,success-criterion-derived,1
y9x-045-9e-identify-thermal-decomposition-reactions,9E,chemistry,Assess check,identify,1,written-main,Identify thermal decomposition reactions.,Thermal decomposition is when a compound breaks down into simpler substances when heated.,9E assess-yourself success criterion 12,success-criterion-derived,1
y9x-046-9e-explain-advantages-of-recycling-with-specific-examples,9E,chemistry,Assess check,explain,3,written-main,Explain advantages of recycling with specific examples.,"Recycling saves raw materials and energy, reduces landfill and can reduce pollution; for example, recycling aluminium uses less energy than extracting new aluminium.",9E assess-yourself success criterion 13,success-criterion-derived,1
y9x-047-9e-justify-using-a-ceramic-polymer-or-composite-for-a-particular-use,9E,chemistry,Assess check,explain,2,written-main,"Justify using a ceramic, polymer or composite for a particular use.","Choose the material by matching properties to the use, such as using concrete for compressive strength or fibreglass for light, corrosion-resistant panels.",9E assess-yourself success criterion 14,success-criterion-derived,0
y9x-048-9e-explain-how-crystal-size-depends-on-cooling-speed,9E,chemistry,Assess check,explain,3,written-main,Explain how crystal size depends on cooling speed.,Slow cooling gives particles more time to form larger crystals; fast cooling produces smaller crystals.,9E assess-yourself success criterion 15,success-criterion-derived,0
y9x-049-9e-explain-how-properties-of-a-material-depend-on-bonding-and-structure,9E,chemistry,Assess check,explain,3,written-main,Explain how properties of a material depend on bonding and structure.,"Strong bonds and rigid structures often give hardness and high melting point; chain length, cross-linking, fibres and layers affect strength and flexibility.",9E assess-yourself success criterion 16,success-criterion-derived,0
y9x-050-9e-classify-exothermic-and-endothermic-reactions-by-temperature-change-and-energy-t,9E,chemistry,Assess check,identify,2,written-main,Classify exothermic and endothermic reactions by temperature change and energy transfer.,Exothermic reactions transfer energy to the surroundings and temperature rises. Endothermic reactions take energy from surroundings and temperature falls.,9E assess-yourself success criterion 17,success-criterion-derived,1
y9x-051-9e-explain-biomagnification-of-toxins-through-food-chains,9E,chemistry,Assess check,explain,3,written-main,Explain biomagnification of toxins through food chains.,"Persistent toxins can accumulate in organisms and become more concentrated at higher trophic levels, harming top predators most.",9E assess-yourself success criterion 18,success-criterion-derived,1
y9x-052-9e-suggest-ways-to-reduce-global-warming-and-acid-rain-impacts,9E,chemistry,Assess check,explain,3,written-main,Suggest ways to reduce global warming and acid rain impacts.,"Use less fossil fuel, use renewable energy, remove sulfur from fuels, fit scrubbers to chimneys, improve efficiency, recycle and protect forests.",9E assess-yourself success criterion 19,success-criterion-derived,1
y9x-053-9f-describe-what-causes-rusting,9F,chemistry,Assess check,describe,2,written-main,Describe what causes rusting.,Rusting happens when iron or steel reacts with oxygen and water to form hydrated iron oxide.,9F assess-yourself success criterion 01,success-criterion-derived,1
y9x-054-9f-describe-one-simple-method-of-preventing-rusting,9F,chemistry,Assess check,describe,2,written-main,Describe one simple method of preventing rusting.,"Painting, oiling, greasing or coating with plastic prevents water and oxygen from reaching the iron.",9F assess-yourself success criterion 02,success-criterion-derived,1
y9x-055-9f-explain-why-rusting-is-a-problem,9F,chemistry,Assess check,explain,3,written-main,Explain why rusting is a problem.,"Rusting weakens iron and steel, damages structures, makes objects unsafe and creates repair or replacement costs.",9F assess-yourself success criterion 03,success-criterion-derived,1
y9x-056-9f-use-scientific-words-to-explain-how-iron-rusts,9F,chemistry,Assess check,explain,3,written-main,Use scientific words to explain how iron rusts.,"Iron atoms react with oxygen and water in an oxidation process to form hydrated iron oxide, which flakes away as rust.",9F assess-yourself success criterion 04,success-criterion-derived,1
y9x-057-9f-explain-why-iron-or-steel-is-used-for-a-purpose-because-of-its-properties,9F,chemistry,Assess check,explain,3,written-main,Explain why iron or steel is used for a purpose because of its properties.,"Iron and steel are strong, tough and relatively cheap, so they are useful for buildings, bridges, vehicles and machinery.",9F assess-yourself success criterion 05,success-criterion-derived,0
y9x-058-9f-describe-how-iron-ore-is-obtained-from-mining,9F,chemistry,Assess check,describe,2,written-main,Describe how iron ore is obtained from mining.,"Iron ore is removed from the ground by mining, crushed and processed before being transported for extraction in a blast furnace.",9F assess-yourself success criterion 06,success-criterion-derived,0
y9x-059-9f-use-word-equations-to-describe-reactions,9F,chemistry,Assess check,describe,2,written-main,Use word equations to describe reactions.,Example: iron oxide + carbon monoxide → iron + carbon dioxide. Word equations show reactants changing into products.,9F assess-yourself success criterion 07,success-criterion-derived,0
y9x-060-9f-describe-the-reactivity-series-and-the-position-of-iron,9F,chemistry,Assess check,describe,2,written-main,Describe the reactivity series and the position of iron.,"The reactivity series ranks metals by reactivity. Iron is less reactive than carbon, so carbon can reduce iron oxide.",9F assess-yourself success criterion 08,success-criterion-derived,0
y9x-061-9f-explain-how-metal-reactivity-determines-extraction-method,9F,chemistry,Assess check,explain,3,written-main,Explain how metal reactivity determines extraction method.,Metals less reactive than carbon can be extracted by carbon reduction; metals more reactive than carbon usually need electrolysis.,9F assess-yourself success criterion 09,success-criterion-derived,1
y9x-062-9f-explain-why-energy-needs-and-cost-matter-when-selecting-extraction-methods,9F,chemistry,Assess check,explain,3,written-main,Explain why energy needs and cost matter when selecting extraction methods.,"Extraction methods use different amounts of energy and equipment; electrolysis is expensive, so cost and energy demand affect industrial choices.",9F assess-yourself success criterion 10,success-criterion-derived,0
y9x-063-9f-describe-sacrificial-protection-for-preventing-rusting,9F,chemistry,Assess check,describe,2,written-main,Describe sacrificial protection for preventing rusting.,Sacrificial protection attaches a more reactive metal such as zinc or magnesium to iron so the other metal corrodes first.,9F assess-yourself success criterion 11,success-criterion-derived,1
y9x-064-9f-explain-how-sacrificial-protection-prevents-rusting-and-link-this-to-the-reactiv,9F,chemistry,Assess check,explain,3,written-main,Explain how sacrificial protection prevents rusting and link this to the reactivity series.,"A more reactive metal loses electrons more readily and corrodes instead of iron, protecting the iron because it is lower in the reactivity series.",9F assess-yourself success criterion 12,success-criterion-derived,1
y9x-065-9f-explain-why-certain-metals-are-used-for-sacrificial-protection,9F,chemistry,Assess check,explain,3,written-main,Explain why certain metals are used for sacrificial protection.,"Metals above iron in the reactivity series, such as zinc or magnesium, are used because they react more readily than iron.",9F assess-yourself success criterion 13,success-criterion-derived,1
y9x-066-9f-explain-other-reactions-taking-place-in-a-blast-furnace,9F,chemistry,Assess check,explain,3,written-main,Explain other reactions taking place in a blast furnace.,"Carbon burns to carbon dioxide, carbon dioxide reacts with carbon to form carbon monoxide, and limestone decomposes then removes impurities as slag.",9F assess-yourself success criterion 14,success-criterion-derived,0
y9x-067-9f-use-balanced-equations-to-represent-reactions,9F,chemistry,Assess check,explain,2,written-main,Use balanced equations to represent reactions.,"Balanced equations have the same number of each type of atom on both sides, for example Fe2O3 + 3CO → 2Fe + 3CO2.",9F assess-yourself success criterion 15,success-criterion-derived,0
y9x-068-9f-describe-the-formation-of-stainless-steel,9F,chemistry,Assess check,describe,2,written-main,Describe the formation of stainless steel.,Stainless steel is made by mixing iron with chromium and often nickel; chromium forms a protective oxide layer that resists corrosion.,9F assess-yourself success criterion 16,success-criterion-derived,0
y9x-069-9i-recall-units-for-speed-and-explain-what-speed-means,9I,physics,Assess check,explain,3,written-main,Recall units for speed and explain what speed means.,Speed is distance travelled per unit time. Common units include m/s and km/h.,9I assess-yourself success criterion 01,success-criterion-derived,0
y9x-070-9i-explain-how-distance-and-time-affect-speed,9I,physics,Assess check,explain,3,written-main,Explain how distance and time affect speed.,"For the same time, more distance means higher speed. For the same distance, more time means lower speed.",9I assess-yourself success criterion 02,success-criterion-derived,0
y9x-071-9i-use-the-formula-relating-speed-distance-and-time,9I,physics,Assess check,calculate,2,written-main,"Use the formula relating speed, distance and time.",Speed = distance ÷ time. Rearranged: distance = speed × time; time = distance ÷ speed.,9I assess-yourself success criterion 03,success-criterion-derived,0
y9x-072-9i-describe-levers-ramps-and-pulleys-and-how-they-help-move-loads,9I,physics,Assess check,describe,2,written-main,"Describe levers, ramps and pulleys and how they help move loads.","Levers turn about pivots, ramps spread lifting over a longer distance, and pulleys change direction or reduce force using multiple rope sections.",9I assess-yourself success criterion 04,success-criterion-derived,0
y9x-073-9i-explain-how-levers-ramps-or-pulleys-could-raise-or-lift-stones,9I,physics,Assess check,explain,3,written-main,"Explain how levers, ramps or pulleys could raise or lift stones.","They can reduce the force needed or change the direction of force, but usually require pulling or pushing over a greater distance.",9I assess-yourself success criterion 05,success-criterion-derived,0
y9x-074-9i-state-what-a-moment-is-and-when-something-balances,9I,physics,Assess check,state,1,written-recall,State what a moment is and when something balances.,A moment is the turning effect of a force. An object balances when clockwise and anticlockwise moments are equal and opposite.,9I assess-yourself success criterion 06,success-criterion-derived,0
y9x-075-9i-explain-why-simple-machines-do-not-mean-less-energy-is-needed,9I,physics,Assess check,explain,3,written-main,Explain why simple machines do not mean less energy is needed.,"Simple machines reduce force by increasing distance moved, so the work done is similar; friction can make the actual energy needed greater.",9I assess-yourself success criterion 07,success-criterion-derived,0
y9x-076-9i-represent-part-of-a-journey-on-a-distance-time-graph,9I,physics,Assess check,graph,3,written-main,Represent part of a journey on a distance-time graph.,Put time on the x-axis and distance on the y-axis. A steeper line means greater speed; a flat line means stopped.,9I assess-yourself success criterion 08,success-criterion-derived,1
y9x-077-9i-use-the-formula-for-moment-force-and-perpendicular-distance,9I,physics,Assess check,calculate,2,written-main,"Use the formula for moment, force and perpendicular distance.",Moment = force × perpendicular distance from the pivot. Rearranged: force = moment ÷ distance.,9I assess-yourself success criterion 09,success-criterion-derived,0
y9x-078-9i-explain-the-effect-of-friction-on-force-needed-to-move-a-load,9I,physics,Assess check,explain,3,written-main,Explain the effect of friction on force needed to move a load.,"Friction opposes motion, so a larger applied force is needed to start or keep the load moving.",9I assess-yourself success criterion 10,success-criterion-derived,0
y9x-079-9i-explain-why-friction-usually-means-more-energy-is-needed-with-a-simple-machine,9I,physics,Assess check,explain,3,written-main,Explain why friction usually means more energy is needed with a simple machine.,"Friction transfers some energy to thermal energy stores, so extra work is needed compared with an ideal frictionless machine.",9I assess-yourself success criterion 11,success-criterion-derived,0
y9x-080-9i-explain-how-ramp-angle-affects-friction-and-required-force-using-force-component,9I,physics,Assess check,explain,3,written-main,Explain how ramp angle affects friction and required force using force components.,A shallow ramp reduces the component of weight down the slope but increases distance and contact; a steeper ramp needs more force along the slope.,9I assess-yourself success criterion 12,success-criterion-derived,0
y9x-081-9b-describe-what-gas-exchange-is-and-why-it-needs-to-occur-in-plants,9B,biology,Progress check,explain,3,written-main,Describe what gas exchange is and why it needs to occur in plants.,Gas exchange is the movement of gases such as carbon dioxide and oxygen in and out of leaves. Plants need it for photosynthesis and respiration.,9B Plant Growth PPT slide 48 progress check,progress-check-derived,0
y9x-082-9b-describe-how-a-leaf-is-adapted-so-palisade-cells-get-the-resources-they-need,9B,biology,Progress check,describe,2,written-main,Describe how a leaf is adapted so palisade cells get the resources they need.,"Leaves are broad and thin, have stomata for carbon dioxide, veins/xylem for water, and palisade cells near the top packed with chloroplasts.",9B Plant Growth PPT slide 48 progress check,progress-check-derived,0
y9x-083-9b-describe-why-starch-in-chloroplasts-is-broken-down,9B,biology,Progress check,explain,3,written-main,Describe why starch in chloroplasts is broken down.,"Starch is broken down into smaller sugars so it can be transported around the plant and used for respiration, growth or storage elsewhere.",9B Plant Growth PPT slide 62 progress check,progress-check-derived,0
y9x-084-9b-suggest-when-starch-is-broken-down-in-chloroplasts-and-explain-why,9B,biology,Progress check,explain,3,written-main,Suggest when starch is broken down in chloroplasts and explain why.,"Starch is mainly broken down when photosynthesis stops or slows, such as at night, so stored carbohydrate can be moved and used.",9B Plant Growth PPT slide 62 progress check,progress-check-derived,0
y9x-085-9b-explain-why-plants-do-not-grow-well-if-the-soil-lacks-nitrates,9B,biology,Progress check,explain,3,written-main,Explain why plants do not grow well if the soil lacks nitrates.,"Nitrates are needed to make amino acids and proteins. Without enough nitrates, plants cannot make enough protein for growth and enzymes.",9B Plant Growth PPT slide 65 extending,progress-check-derived,0
y9x-086-9b-put-the-main-stages-of-germination-into-a-logical-order,9B,biology,Progress check,describe,3,written-main,Put the main stages of germination into a logical order.,"Water enters the seed, reactions restart, enzymes are released/activated, starch is digested to glucose, glucose enters the embryo, and the embryo respires and grows.",9B Plant Growth PPT slide 67,progress-check-derived,1
y9x-087-9b-list-three-substances-found-in-seeds-and-explain-their-functions,9B,biology,Progress check,explain,3,written-main,List three substances found in seeds and explain their functions.,"Starch or lipids store energy, enzymes digest stores during germination, proteins provide amino acids, and cellulose forms cell walls.",9B Plant Growth PPT slide 67 extending,progress-check-derived,1
y9x-088-9b-describe-why-plants-are-cross-bred,9B,biology,Progress check,explain,3,written-main,Describe why plants are cross-bred.,"Plants are cross-bred to combine useful inherited characteristics, such as higher yield, disease resistance, better taste or drought tolerance.",9B Plant Growth PPT slide 73 objective,progress-check-derived,0
y9x-089-9b-recall-the-main-mineral-nutrients-plants-need,9B,biology,Progress check,state,1,written-recall,Recall the main mineral nutrients plants need.,"Important mineral nutrients include nitrates for proteins, phosphates for DNA/cell membranes/root growth, and potassium compounds for healthy growth and enzymes.",9B Plant Growth PPT slide 73 objective,progress-check-derived,0
y9x-090-9b-explain-how-food-production-for-humans-can-be-increased,9B,biology,Progress check,explain,3,written-main,Explain how food production for humans can be increased.,"Food production can be increased using selective breeding, fertilisers, pest control, greenhouses, irrigation and choosing suitable crop varieties.",9B Plant Growth PPT slide 73 objective,progress-check-derived,0
y9x-091-9b-explain-why-phosphates-and-potassium-are-important-nutrients-for-plants,9B,biology,Progress check,explain,3,written-main,Explain why phosphates and potassium are important nutrients for plants.,"Phosphates are needed for DNA, energy transfer and root growth; potassium helps enzymes and healthy flower/fruit development.",9B Plant Growth PPT slide 73 objective,progress-check-derived,0
y9x-092-9b-define-biodiversity,9B,biology,Apply check,explain,2,written-main,A pesticide reduces the number of insect species living in a field. What has happened to biodiversity in that area?,Biodiversity has decreased because there is a smaller range of different species living in the area.,9B Plant Growth PPT slide 95,progress-check-derived,0
y9x-093-9b-describe-how-sampling-can-estimate-biodiversity-in-a-field,9B,biology,Progress check,describe,2,written-main,Describe how sampling can estimate biodiversity in a field.,"Use quadrats placed randomly or along a transect, count species in each quadrat, then use the sample to estimate diversity in the whole area.",9B Plant Growth PPT slides 97-98,progress-check-derived,1
y9x-094-9b-explain-why-relying-on-one-crop-variety-can-be-risky,9B,biology,Progress check,explain,3,written-main,Explain why relying on one crop variety can be risky.,"A single variety may all be vulnerable to the same disease, pest or environmental change, so a whole crop can fail.",9B Plant Growth PPT slide 99 extending,progress-check-derived,0
y9x-095-9b-label-the-main-processes-in-the-carbon-cycle,9B,biology,Progress check,identify,1,written-main,Label the main processes in the carbon cycle.,Photosynthesis removes carbon dioxide; feeding transfers carbon; respiration and combustion release carbon dioxide; decomposition returns carbon from dead material.,9B Plant Growth PPT slide 103,progress-check-derived,1
y9x-096-9b-explain-how-farming-affects-the-carbon-cycle,9B,biology,Progress check,explain,3,written-main,Explain how farming affects the carbon cycle.,"Farming can remove trees, disturb soils, burn fuels, use crops or livestock and release carbon dioxide, reducing long-term carbon storage.",9B Plant Growth PPT slide 103 extending,progress-check-derived,1
y9x-097-9b-give-advantages-and-disadvantages-of-clearing-land-for-farming,9B,biology,Progress check,state,1,written-recall,Give advantages and disadvantages of clearing land for farming.,"Advantages include more crop land and food. Disadvantages include habitat loss, reduced biodiversity, soil erosion and carbon dioxide release.",9B Plant Growth PPT slide 105,progress-check-derived,1
y9x-098-9b-give-advantages-and-disadvantages-of-insecticides-and-herbicides,9B,biology,Progress check,state,1,written-recall,Give advantages and disadvantages of insecticides and herbicides.,"They protect yield by killing pests or weeds, but can kill non-target species, reduce biodiversity and sometimes persist in food chains.",9B Plant Growth PPT slide 105,progress-check-derived,1
y9x-099-9b-give-advantages-and-disadvantages-of-fertilisers,9B,biology,Progress check,state,1,written-recall,Give advantages and disadvantages of fertilisers.,"Fertilisers increase growth and yield, but runoff can cause eutrophication, algal blooms and oxygen loss in lakes.",9B Plant Growth PPT slide 105,progress-check-derived,1
y9x-100-9b-explain-why-changing-from-wheat-to-rapeseed-after-many-years-may-reduce-yield,9B,biology,Progress check,explain,3,written-main,Explain why changing from wheat to rapeseed after many years may reduce yield.,"The soil may be depleted of particular nutrients, pests or diseases may be present, and soil structure/biodiversity may have been affected by long-term monoculture.",9B Plant Growth PPT slide 105 extending,progress-check-derived,0
y9x-101-9j-state-where-electrons-are-found-in-an-atom,9J,physics,Progress check,state,1,written-recall,State where electrons are found in an atom.,Electrons are found around the nucleus in shells or energy levels.,9Jb Static Electricity PPT slide 9 progress check,progress-check-derived,0
y9x-102-9j-describe-the-dangers-of-static-electricity,9J,physics,Progress check,describe,2,written-main,Describe the dangers of static electricity.,"Static sparks can ignite flammable vapours or dust, damage electronic components and give small electric shocks.",9Jb Static Electricity PPT slide 9 progress check,progress-check-derived,0
y9x-103-9j-explain-why-only-negative-charges-transfer-onto-an-insulating-material,9J,physics,Progress check,explain,3,written-main,Explain why only negative charges transfer onto an insulating material.,Only electrons can move between materials; positive charges are fixed in the nuclei of atoms.,9Jb Static Electricity PPT slide 9 progress check,progress-check-derived,1
y9x-104-9j-explain-why-a-rubbed-polythene-rod-has-an-overall-negative-charge,9J,physics,Progress check,explain,3,written-main,Explain why a rubbed polythene rod has an overall negative charge.,"Rubbing transfers electrons onto the polythene, so it has more electrons than protons and becomes negatively charged.",9Jb Static Electricity PPT slide 9 progress check,progress-check-derived,1
y9x-105-9j-describe-how-charged-objects-attract-or-repel-each-other,9J,physics,Progress check,describe,2,written-main,Describe how charged objects attract or repel each other.,Like charges repel; opposite charges attract. Charged objects can also attract uncharged light objects by inducing charge separation.,9Jb Static Electricity PPT slides 8 and 10,progress-check-derived,1
y9x-106-9j-describe-a-fair-investigation-of-forces-between-charged-rods,9J,physics,Progress check,describe,2,written-main,Describe a fair investigation of forces between charged rods.,"Rub rods in the same way, suspend one rod, bring another charged rod near without touching, record attraction/repulsion, and repeat with different rod combinations.",9Jb Static Electricity PPT slide 12,progress-check-derived,0
y9x-107-9j-state-three-materials-that-have-high-resistance,9J,physics,Progress check,state,1,written-recall,State three materials that have high resistance.,"Insulators such as plastic, rubber, glass or ceramic have high resistance.",9Jd Resistance PPT slide 9 progress check,progress-check-derived,0
y9x-108-9j-describe-what-resistance-is,9J,physics,Progress check,describe,2,written-main,Describe what resistance is.,Resistance is how difficult it is for current to flow through a component or material.,9Jd Resistance PPT slide 9 progress check,progress-check-derived,0
y9x-109-9j-describe-how-to-increase-resistance-in-a-circuit,9J,physics,Progress check,describe,2,written-main,Describe how to increase resistance in a circuit.,"Use a longer wire, a thinner wire, a higher-resistance material, add resistors, or increase a variable resistor.",9Jd Resistance PPT slide 9 progress check,progress-check-derived,0
y9x-110-9j-state-the-units-for-voltage-current-and-resistance,9J,physics,Progress check,state,1,written-recall,"State the units for voltage / potential difference, current and resistance.","Voltage / potential difference is measured in volts (V), current in amperes/amps (A), and resistance in ohms (Ω).",9Jd Resistance PPT slide 10,progress-check-derived,0
y9x-111-9j-explain-which-wire-has-higher-resistance-a-long-thin-wire-or-a-short-thick-wire-,9J,physics,Progress check,explain,3,written-main,Explain which wire has higher resistance: a long thin wire or a short thick wire of the same material.,The long thin wire has higher resistance because length increases resistance and smaller thickness reduces the space for current to flow.,9Jd Resistance PPT slide 8,progress-check-derived,0
y9x-112-9j-explain-how-a-current-voltage-graph-shows-which-resistor-has-the-higher-resistan,9J,physics,Progress check,explain,3,written-main,Explain how a current–voltage graph shows which resistor has the higher resistance.,"At the same voltage / potential difference, the resistor with the lower current has the higher resistance. Equivalently, the shallower I–V line has higher resistance.",9Jd Resistance PPT slide 16,progress-check-derived,1
y9x-113-9j-plan-an-investigation-into-how-wire-thickness-affects-resistance,9J,physics,Progress check,describe,4,written-main,Plan an investigation into how wire thickness affects resistance.,"Use wires of the same material and length but different thicknesses, measure voltage and current, calculate resistance, and control temperature.",9Jd Resistance PPT objective,progress-check-derived,1
y9x-114-9j-explain-why-copper-is-commonly-used-for-wires-in-circuits,9J,physics,Progress check,explain,3,written-main,Explain why copper is commonly used for wires in circuits.,"Copper is a good electrical conductor with low resistance, is ductile and is not too expensive compared with metals such as silver.",9Jc Current Electricity PPT slide 3 extending,progress-check-derived,0
y9x-115-9j-describe-how-current-behaves-in-series-and-parallel-circuits,9J,physics,Progress check,describe,2,written-main,Describe how current behaves in series and parallel circuits.,"Current is the same everywhere in a series circuit. In a parallel circuit, current splits at junctions and recombines afterwards.",9Jc Current Electricity PPT slide 10,progress-check-derived,1
y9x-116-9j-describe-how-voltage-behaves-in-series-and-parallel-circuits,9J,physics,Progress check,describe,2,written-main,Describe how voltage / potential difference behaves in series and parallel circuits.,"In series, voltages across components add to the supply voltage. In parallel, each branch has the same voltage as the supply.",9Jc Current Electricity PPT slide 13,progress-check-derived,1
y9x-117-9j-explain-the-difference-between-an-electromagnet-and-a-bar-magnet,9J,physics,Progress check,explain,3,written-main,Explain the difference between an electromagnet and a bar magnet.,"An electromagnet can be switched on and off and its strength can be changed by current, turns or core; a bar magnet is permanently magnetic.",9Je Electromagnets PPT slide 3 extending,progress-check-derived,1
y9x-118-9j-predict-how-changing-current-magnetic-field-strength-or-current-direction-affect,9J,physics,Progress check,describe,3,written-main,"Predict how changing current, magnetic field strength or current direction affects a motor.","Increasing current increases force, a weaker magnetic field reduces force, and reversing current reverses the direction of the force.",9Je Electromagnets PPT slide 8,progress-check-derived,1
y9x-119-9j-gamora-has-mass-54-kg-calculate-her-weight-on-earth-where-g-10-n-kg,9J,physics,Calculation,calculate,2,written-main,"Gamora has mass 54 kg. Calculate her weight on Earth, where g = 10 N/kg.",540 N,9Ja Force Fields PPT slide 17,calculation-practice-derived,0
y9x-120-9j-gamora-has-mass-54-kg-on-a-planet-where-g-5-n-kg-calculate-her-weight,9J,physics,Calculation,calculate,2,written-main,Gamora has mass 54 kg on a planet where g = 5 N/kg. Calculate her weight.,270 N,9Ja Force Fields PPT slide 17,calculation-practice-derived,0
y9x-121-9j-star-lord-has-mass-96-kg-calculate-his-weight-on-earth-where-g-10-n-kg,9J,physics,Calculation,calculate,2,written-main,"Star Lord has mass 96 kg. Calculate his weight on Earth, where g = 10 N/kg.",960 N,9Ja Force Fields PPT slide 18,calculation-practice-derived,0
y9x-122-9j-star-lord-has-mass-96-kg-on-a-planet-where-g-14-n-kg-calculate-his-weight,9J,physics,Calculation,calculate,2,written-main,Star Lord has mass 96 kg on a planet where g = 14 N/kg. Calculate his weight.,1344 N,9Ja Force Fields PPT slide 18,calculation-practice-derived,0
y9x-123-9j-drax-weighs-1220-n-on-earth-where-g-10-n-kg-calculate-his-mass,9J,physics,Calculation,calculate,2,written-main,Drax weighs 1220 N on Earth where g = 10 N/kg. Calculate his mass.,122 kg,9Ja Force Fields PPT slide 19,calculation-practice-derived,0
y9x-124-9j-drax-has-mass-122-kg-on-a-planet-where-g-7-5-n-kg-calculate-his-weight,9J,physics,Calculation,calculate,2,written-main,Drax has mass 122 kg on a planet where g = 7.5 N/kg. Calculate his weight.,915 N,9Ja Force Fields PPT slide 19,calculation-practice-derived,0
y9x-125-9j-rocket-weighs-470-n-on-earth-where-g-10-n-kg-calculate-his-mass,9J,physics,Calculation,calculate,2,written-main,Rocket weighs 470 N on Earth where g = 10 N/kg. Calculate his mass.,47 kg,9Ja Force Fields PPT slide 20,calculation-practice-derived,0
y9x-126-9j-rocket-has-mass-47-kg-on-a-planet-where-g-22-8-n-kg-calculate-his-weight,9J,physics,Calculation,calculate,2,written-main,Rocket has mass 47 kg on a planet where g = 22.8 N/kg. Calculate his weight.,1071.6 N,9Ja Force Fields PPT slide 20,calculation-practice-derived,0
y9x-127-9j-mantis-has-mass-56-kg-calculate-her-weight-on-earth-where-g-10-n-kg,9J,physics,Calculation,calculate,2,written-main,Mantis has mass 56 kg. Calculate her weight on Earth where g = 10 N/kg.,560 N,9Ja Force Fields PPT slide 21,calculation-practice-derived,0
y9x-128-9j-mantis-has-mass-56-kg-and-weight-686-n-on-a-planet-calculate-g,9J,physics,Calculation,calculate,2,written-main,Mantis has mass 56 kg and weight 686 N on a planet. Calculate g.,12.25 N/kg,9Ja Force Fields PPT slide 21,calculation-practice-derived,0
y9x-129-9j-groot-has-mass-34-kg-on-a-planet-where-g-6-8-n-kg-calculate-his-weight,9J,physics,Calculation,calculate,2,written-main,Groot has mass 34 kg on a planet where g = 6.8 N/kg. Calculate his weight.,231.2 N,9Ja Force Fields PPT slide 22,calculation-practice-derived,0
y9x-130-9j-groot-has-mass-34-kg-and-weight-724-2-n-on-a-planet-calculate-g,9J,physics,Calculation,calculate,2,written-main,Groot has mass 34 kg and weight 724.2 N on a planet. Calculate g.,21.3 N/kg,9Ja Force Fields PPT slide 22,calculation-practice-derived,0
y9x-131-9j-oberon-has-about-1-3-times-the-mass-of-rhea-but-a-similar-diameter-which-moon-ha,9J,physics,Calculation,identify,2,written-main,Oberon has about 1.3 times the mass of Rhea but a similar diameter. Which moon has greater surface gravity?,Oberon,9Ja Force Fields PPT slide 23 practice question,calculation-practice-derived,0
y9x-132-9j-calculate-resistance-voltage-12-v-current-2-a,9J,physics,Calculation,calculate,2,written-main,"Calculate resistance: voltage = 12 V, current = 2 A.",6 Ω,9Jd Resistance formula practice,calculation-practice-derived,0
y9x-133-9j-calculate-resistance-voltage-9-v-current-0-3-a,9J,physics,Calculation,calculate,2,written-main,"Calculate resistance: voltage = 9 V, current = 0.3 A.",30 Ω,9Jd Resistance formula practice,calculation-practice-derived,0
y9x-134-9j-calculate-resistance-voltage-8-v-current-0-02-a,9J,physics,Calculation,calculate,2,written-main,"Calculate resistance: voltage = 8 V, current = 0.02 A.",400 Ω,9Jd Resistance PPT table-style practice,calculation-practice-derived,0
y9x-135-9j-calculate-current-voltage-6-v-resistance-30,9J,physics,Calculation,calculate,2,written-main,"Calculate current: voltage = 6 V, resistance = 30 Ω.",0.2 A,9Jd Resistance formula practice,calculation-practice-derived,0
y9x-136-9j-calculate-voltage-current-0-5-a-resistance-20,9J,physics,Calculation,calculate,2,written-main,"Calculate voltage: current = 0.5 A, resistance = 20 Ω.",10 V,9Jd Resistance PPT modelled answer extension,calculation-practice-derived,0
y9x-137-9j-calculate-voltage-current-0-02-a-resistance-5200,9J,physics,Calculation,calculate,2,written-main,"Calculate voltage: current = 0.02 A, resistance = 5200 Ω.",104 V,9Jd Resistance PPT table-style practice,calculation-practice-derived,0
y9x-138-9i-a-stone-is-moved-65-km-in-65-h-calculate-the-mean-speed,9I,physics,Calculation,calculate,2,written-main,A stone is moved 65 km in 65 h. Calculate the mean speed.,1 km/h,9I assess-yourself journey context,calculation-practice-derived,0
y9x-139-9i-a-river-section-is-40-km-and-the-stones-move-at-3-km-h-calculate-the-time-taken,9I,physics,Calculation,calculate,2,written-main,A river section is 40 km and the stones move at 3 km/h. Calculate the time taken.,"13.3 h, or about 13 h 20 min",9I assess-yourself journey context,calculation-practice-derived,0
y9x-140-9i-a-final-overland-section-is-5-km-at-1-km-h-calculate-the-time-taken,9I,physics,Calculation,calculate,2,written-main,A final overland section is 5 km at 1 km/h. Calculate the time taken.,5 h,9I assess-yourself journey context,calculation-practice-derived,0
y9x-141-9i-a-force-of-200-n-acts-0-5-m-from-a-pivot-calculate-the-moment,9I,physics,Calculation,calculate,2,written-main,A force of 200 N acts 0.5 m from a pivot. Calculate the moment.,100 N m,9I moments practice,calculation-practice-derived,0
y9x-142-9i-a-moment-of-120-n-m-is-needed-using-a-lever-2-m-from-the-pivot-calculate-the-for,9I,physics,Calculation,calculate,2,written-main,A moment of 120 N m is needed using a lever 2 m from the pivot. Calculate the force.,60 N,9I moments practice,calculation-practice-derived,0
y9x-143-9i-a-300-n-force-moves-a-load-4-m-calculate-the-work-done,9I,physics,Calculation,calculate,2,written-main,A 300 N force moves a load 4 m. Calculate the work done.,1200 J,9I work-done practice,calculation-practice-derived,0
y9x-144-9i-a-ramp-requires-1500-j-of-work-over-5-m-calculate-the-average-force,9I,physics,Calculation,calculate,2,written-main,A ramp requires 1500 J of work over 5 m. Calculate the average force.,300 N,9I ramps/work-done practice,calculation-practice-derived,0
y9x-145-9i-a-cyclist-travels-at-6-m-s-for-20-s-calculate-the-distance-travelled,9I,physics,Calculation,calculate,2,written-main,A cyclist travels at 6 m/s for 20 s. Calculate the distance travelled.,120 m,9I speed practice,calculation-practice-derived,0
y9x-138-9j-match-common-circuit-symbols-to-their-component-names,9J,physics,Progress check,identify,4,written-main,"Use the circuit symbol grid. Match labels A–H to these components: cell, battery, open switch, closed switch, lamp, resistor, ammeter and voltmeter.",A = cell; B = battery; C = open switch; D = closed switch; E = lamp/bulb; F = resistor; G = ammeter; H = voltmeter.,9Jc Current Electricity PPT / revision pack circuit-symbol coverage,revision-pack-aligned-visual-practice,1
y9x-148-9j-compare-current-and-voltage-in-the-two-circuits,9J,physics,Progress check,describe,4,written-main,Use the circuit diagrams. Compare how current and voltage behave in Circuit A and Circuit B.,Circuit A is series: current is the same everywhere and voltage is shared between components. Circuit B is parallel: current splits between branches and each branch has the same voltage as the supply.,9Jc Current Electricity PPT / series and parallel circuits,revision-pack-aligned-visual-practice,1
y9x-153-9j-use-the-charge-pair-diagram-identify-which-pairs-repel-and-which-attract,9J,physics,Progress check,identify,1,written-main,Use the charge-pair diagram. Identify which labelled pairs repel and which labelled pairs attract.,Pairs A and C repel because they show like charges. Pairs B and D attract because they show opposite charges.,9Jb Static-Electricity PPT / 9J summary sheet - charge attraction and repulsion visual practice,source-style-redraw,1
y9x-154-9j-use-the-charge-transfer-diagram-what-particle-has-moved-and-what-charge-does-the-rod-gain,9J,physics,Progress check,identify,2,written-main,"Use the charge-transfer diagram. What particle has moved, and what overall charge does the rod gain?","Electrons have moved onto the rod, so the rod gains an overall negative charge.",9Jb Static-Electricity PPT / 9J summary sheet - charging by rubbing visual practice,source-style-redraw,1
y9x-155-9j-use-the-electromagnet-diagram-match-labels-a-to-d-to-the-coil-core-cell-and-switch,9J,physics,Progress check,identify,4,written-main,"Use the electromagnet diagram. Match labels A–D to the coil of wire, iron core, cell/battery and switch.",A is the coil of wire. B is the iron core. C is the cell or battery. D is the switch.,9Je Electromagnets PPT / 9J summary sheet - electromagnet parts visual practice,source-style-redraw,1
y9x-157-9j-use-the-relay-diagram-match-labels-a-to-d-to-control-circuit-electromagnet-switch-and-load,9J,physics,Progress check,identify,4,written-main,"Use the relay diagram. Match labels A–D to the control circuit, electromagnet, switch contacts and load/lamp.",A is the control circuit. B is the electromagnet. C is the switch contacts. D is the load or lamp circuit component.,9Je Electromagnets PPT / 9J summary sheet - relay diagram visual practice,source-style-redraw,1
y9x-158-9j-use-the-relay-diagram-explain-why-a-relay-is-useful,9J,physics,Progress check,explain,3,written-main,Use the relay diagram. Explain why a relay is useful in an electrical system.,A relay allows a small current in one circuit to switch a larger current in another circuit. The electromagnet pulls the switch contacts to complete or break the second circuit.,9Je Electromagnets PPT / 9J summary sheet - relay explanation visual practice,source-style-redraw,1
y9r-001-9b-what-is-sustainable development,9B,biology,Assess check,state,1,written-recall,What is sustainable development?,"Developing the things we need, without destroying habitats.",9B Summary sheet p2 Farming,exact-source-answer,0
y9r-002-9b-why-is-land-cleared-of-hedges-and-trees-in-modern-farming,9B,biology,Apply check,state,1,written-recall,A farmer clears hedges and trees from a field. Give one benefit for farming and one environmental problem this can cause.,Benefit: it creates more land for crops and makes it easier for machinery to move around. Problem: it destroys habitats and can cause soil erosion because there are fewer roots.,9B Summary sheet p2 Farming table,exact-source-answer,1
y9r-003-9b-what-problem-can-be-caused-by-clearing-hedges-and-trees,9B,biology,Assess check,state,2,written-main,What problem can be caused by clearing hedges and trees?,Destroys habitats. Lack of roots can cause soil erosion.,9B Summary sheet p2 Farming table,exact-source-answer,0
y9r-004-9b-why-are-pesticides-used-on-crops,9B,biology,Assess check,explain,3,written-main,Why are pesticides used on crops?,To kill pests that compete with or harm the crops.,9B Summary sheet p2 Farming table,exact-source-answer,0
y9r-005-9b-what-problem-can-pesticides-cause,9B,biology,Assess check,state,2,written-main,What problem can pesticides cause?,Can kill useful organisms as well as pests. Damages food webs.,9B Summary sheet p2 Farming table,exact-source-answer,1
y9r-006-9b-why-are-fertilisers-used,9B,biology,Assess check,explain,3,written-main,Why are fertilisers used?,They contain mineral salts that help plants to grow and increase the yield.,9B Summary sheet p2 Farming table,exact-source-answer,0
y9r-007-9b-what-problem-can-fertilisers-cause-if-they-wash-into-streams-and-rivers,9B,biology,Apply check,explain,2,written-main,Fertiliser washes from a field into a stream. What problem can this cause?,It can cause pollution so that organisms in the water die.,9B Summary sheet p2 Farming table,exact-source-answer,1
y9r-008-9b-what-is-the-problem-with-planting-huge-areas-of-a-single-variety,9B,biology,Assess check,state,1,written-recall,What is the problem with planting huge areas of a single variety?,The planting of huge areas of a single variety reduces biodiversity.,9B Summary sheet p2 Farming table,exact-source-answer,0
y9r-009-9b-what-is-cross-breeding,9B,biology,Assess check,state,1,written-recall,What is cross-breeding?,Two different varieties are bred together to try to produce offspring with characteristics from both varieties.,9B Summary sheet p2 Breeding varieties,exact-source-answer,0
y9r-010-9b-what-happens-to-the-energy-released-from-glucose-in-aerobic-respiration,9B,biology,Assess check,describe,2,written-main,What happens to the energy released from glucose in aerobic respiration?,"The energy released from glucose is transferred to molecules of ATP, which store energy for a cell until it is needed.",9B Summary sheet p2 Aerobic respiration,exact-source-answer,0
y9r-011-9b-why-do-plants-need-magnesium-salts,9B,biology,Assess check,explain,3,written-main,Why do plants need magnesium salts?,Magnesium salts are needed to make chlorophyll.,9B Summary sheet p1 Getting water,exact-source-answer,0
y9r-012-9b-where-does-most-photosynthesis-happen-in-leaves,9B,biology,Assess check,identify,2,written-main,Where does most photosynthesis happen in leaves?,"Most photosynthesis happens in the palisade cells, which are found near the upper surface of leaves.",9B Summary sheet p1 Getting light,exact-source-answer,0
y9r-013-9e-what-do-exothermic-reactions-do-to-the-surroundings,9E,chemistry,Assess check,state,2,written-main,What do exothermic reactions do to the surroundings?,Exothermic reactions transfer energy into the surroundings and so increase the temperature around them.,9E Summary sheet p2 Endothermic and exothermic reactions,exact-source-answer,1
y9r-014-9e-what-do-endothermic-reactions-do-to-the-surroundings,9E,chemistry,Assess check,state,2,written-main,What do endothermic reactions do to the surroundings?,Endothermic reactions transfer energy from the surroundings and so decrease the temperature around them.,9E Summary sheet p2 Endothermic and exothermic reactions,exact-source-answer,1
y9r-015-9e-give-an-example-of-an-endothermic-reaction-from-the-revision-sheet,9E,chemistry,Assess check,state,1,written-recall,Give an example of an endothermic reaction from the revision sheet.,Thermal decomposition reactions.,9E Summary sheet p2 Endothermic and exothermic reactions,exact-source-answer,0
y9r-016-9e-what-do-the-state-symbols-s-l-g-and-aq-mean,9E,chemistry,Assess check,state,1,written-recall,"What do the state symbols s, l, g and aq mean?","s = solid, l = liquid, g = gas, aq = dissolved in water.",9E Summary sheet p2 Endothermic and exothermic reactions,exact-source-answer,0
y9r-017-9e-what-is-made-when-calcium-carbonate-thermally-decomposes,9E,chemistry,Assess check,state,1,written-recall,What is made when calcium carbonate thermally decomposes?,Calcium oxide and carbon dioxide.,9E Summary sheet p2 Thermal decomposition equation,exact-source-answer,0
y9r-018-9e-in-peer-review-what-do-scientists-check-in-a-paper,9E,chemistry,Assess check,state,3,written-main,"In peer review, what do scientists check in a paper?","They check that the paper has valid conclusions, that it is original and that the experiments work.",9E Summary sheet p2 Peer review,exact-source-answer,0
y9r-019-9e-after-peer-review-what-can-a-paper-be-recommended-for,9E,chemistry,Assess check,state,3,written-main,"After peer review, what can a paper be recommended for?","Publication, amendment or rejection.",9E Summary sheet p2 Peer review,exact-source-answer,0
y9r-020-9e-how-are-metals-recycled-according-to-the-revision-sheet,9E,chemistry,Assess check,describe,2,written-main,"How are metals recycled, according to the revision sheet?",By separating and melting.,9E Summary sheet p2 Recycling materials,exact-source-answer,1
y9r-021-9e-how-is-glass-recycled-according-to-the-revision-sheet,9E,chemistry,Assess check,describe,2,written-main,"How is glass recycled, according to the revision sheet?",By separating colours and melting.,9E Summary sheet p2 Recycling materials,exact-source-answer,1
y9r-022-9e-how-is-paper-recycled-according-to-the-revision-sheet,9E,chemistry,Assess check,describe,2,written-main,"How is paper recycled, according to the revision sheet?",By removing ink and adding water to make a pulp.,9E Summary sheet p2 Recycling materials,exact-source-answer,1
y9r-023-9e-how-is-concrete-recycled-according-to-the-revision-sheet,9E,chemistry,Assess check,describe,2,written-main,"How is concrete recycled, according to the revision sheet?",By crushing and grading.,9E Summary sheet p2 Recycling materials,exact-source-answer,0
y9r-024-9e-give-two-reasons-why-recycling-materials-to-use-again-is-useful,9E,chemistry,Assess check,explain,3,written-main,Give two reasons why recycling materials to use again is useful.,It reduces our use of landfill sites and reduces the need to burn fossil fuels. It can also reduce pollution and save raw materials.,9E Summary sheet p2 Recycling materials,exact-source-answer,1
y9r-025-9e-what-is-biomagnification,9E,chemistry,Apply check,explain,3,written-main,"A toxin is eaten by small animals, and then many small animals are eaten by a predator. Why can toxin levels become highest in the predator?","Because large animals eat lots of smaller animals, toxin levels increase and can reach harmful levels. This is biomagnification.",9E Summary sheet p2 Problems with materials,exact-source-answer,1
y9r-026-9f-in-reactions-and-physical-changes-what-happens-to-the-number-of-atoms,9F,chemistry,Explain check,explain,3,written-main,Why is there no overall change in mass in a reaction or physical change?,"The number of atoms does not change, so there is no overall change in mass.",9F Summary sheet p1 Reactions and equations,exact-source-answer,1
y9r-027-9f-what-do-the-large-numbers-in-an-equation-show,9F,chemistry,Assess check,identify,1,written-main,What do the large numbers in an equation show?,The large numbers show the number of molecules.,9F Summary sheet p1 Reactions and equations,exact-source-answer,0
y9r-028-9f-what-do-the-letters-in-brackets-in-an-equation-show,9F,chemistry,Assess check,identify,2,written-main,What do the letters in brackets in an equation show?,"The letters in brackets are state symbols (g = gas, l = liquid, s = solid, aq = dissolved in water).",9F Summary sheet p1 Reactions and equations,exact-source-answer,0
y9r-029-9f-what-does-an-atom-contain,9F,chemistry,Assess check,state,1,written-recall,What does an atom contain?,Atoms contain neutrons and protons in a central nucleus and electrons around the outside of the nucleus.,9F Summary sheet p2 Atomic structure,exact-source-answer,0
y9r-030-9f-what-is-the-atomic-number-or-proton-number,9F,chemistry,Assess check,state,1,written-recall,What is the atomic number or proton number?,The number of protons is the atomic number or proton number.,9F Summary sheet p2 Atomic structure,exact-source-answer,0
y9r-031-9f-how-are-elements-arranged-in-the-periodic-table,9F,chemistry,Assess check,describe,2,written-main,How are elements arranged in the periodic table?,Elements are arranged in order of atomic number in the periodic table.,9F Summary sheet p2 Atomic structure,exact-source-answer,0
y9r-032-9f-what-is-the-mass-number-of-an-atom,9F,chemistry,Assess check,state,1,written-recall,What is the mass number of an atom?,The number of neutrons and the number of protons in an atom is its mass number.,9F Summary sheet p2 Atomic structure,exact-source-answer,0
y9r-033-9f-what-are-groups-and-periods-in-the-periodic-table,9F,chemistry,Assess check,state,1,written-recall,What are groups and periods in the periodic table?,The vertical columns in the periodic table are groups and the rows are periods.,9F Summary sheet p2 Atomic structure,exact-source-answer,0
y9r-034-9f-what-do-metals-that-react-with-water-produce,9F,chemistry,Assess check,state,2,written-main,What do metals that react with water produce?,The metals that react with water produce a metal hydroxide and hydrogen.,9F Summary sheet p1 The reactivity series,exact-source-answer,1
y9r-035-9f-what-do-metals-that-react-with-dilute-acids-produce,9F,chemistry,Assess check,state,2,written-main,What do metals that react with dilute acids produce?,The metals that react with dilute acids produce a salt and hydrogen.,9F Summary sheet p1 The reactivity series,exact-source-answer,1
y9r-036-9f-what-is-an-oxidation-reaction-in-the-reactivity-series-section,9F,chemistry,Assess check,state,1,written-recall,What is an oxidation reaction in the reactivity-series section?,Most metals react with oxygen from the air to form metal oxides. This is an oxidation reaction.,9F Summary sheet p1 The reactivity series,exact-source-answer,0
y9r-037-9f-what-is-a-hydrocarbon,9F,chemistry,Assess check,state,1,written-recall,What is a hydrocarbon?,A hydrocarbon contains hydrogen and carbon only.,9F Summary sheet p3 Hydrocarbons,exact-source-answer,0
y9r-038-9f-what-is-the-word-equation-for-complete-combustion-of-a-hydrocarbon,9F,chemistry,Assess check,state,1,written-recall,What is the word equation for complete combustion of a hydrocarbon?,hydrocarbon + oxygen → carbon dioxide + water,9F Summary sheet p3 Hydrocarbons,exact-source-answer,1
y9r-039-9f-what-is-the-test-for-oxygen,9F,chemistry,Assess check,state,1,written-recall,What is the test for oxygen?,The test for oxygen is that it relights a glowing splint.,9F Summary sheet p3 Hydrocarbons,exact-source-answer,0
y9r-040-9f-why-is-an-input-of-energy-from-a-flame-or-spark-needed-to-start-combustion,9F,chemistry,Assess check,explain,3,written-main,Why is an input of energy from a flame or spark needed to start combustion?,It is needed to start the combustion reaction by breaking some bonds in the reactants.,9F Summary sheet p3 Hydrocarbons,exact-source-answer,1
y9r-041-9f-what-increases-the-rate-of-reaction-according-to-the-revision-sheet,9F,chemistry,Apply check,state,1,written-recall,A student wants a reaction to happen faster. Give three changes from the revision sheet that could increase the rate.,"Increase the temperature, increase the concentration of a reactant, and increase the surface area of a solid reactant.",9F Summary sheet p3 Rates of reaction,exact-source-answer,1
y9r-042-9f-what-is-a-displacement-reaction,9F,chemistry,Assess check,state,1,written-recall,What is a displacement reaction?,In a displacement reaction a more reactive metal takes the place of a less reactive metal in a compound.,9F Summary sheet p3 Displacement reactions,exact-source-answer,0
y9r-043-9f-where-do-most-metals-occur,9F,chemistry,Assess check,state,2,written-main,Where do most metals occur?,"Most metals occur as compounds called minerals, which are found in rocks called ores in the Earth’s crust.",9F Summary sheet p3 Extracting metals,exact-source-answer,0
y9r-044-9f-which-metals-can-be-extracted-from-their-ores-by-heating-with-carbon,9F,chemistry,Apply check,identify,1,written-main,A metal is zinc or below zinc in the reactivity series. Which extraction method can be used?,It can be extracted from its ore by heating with carbon.,9F Summary sheet p3 Extracting metals,exact-source-answer,1
y9r-045-9f-which-metals-need-electrolysis-to-extract-them-from-their-ores,9F,chemistry,Explain check,explain,3,written-main,A metal is above zinc in the reactivity series. Why is electrolysis needed to extract it from its ore?,"It is too reactive to be extracted by heating with carbon, so electrolysis is needed.",9F Summary sheet p3 Extracting metals,exact-source-answer,1
y9r-046-9f-what-are-oxidation-reduction-and-redox,9F,chemistry,Assess check,state,1,written-recall,"What are oxidation, reduction and redox?",Oxidation is the gain of oxygen. Reduction is the loss of oxygen. A redox reaction is when oxidation and reduction occur at the same time.,9F Summary sheet p3 Extracting metals,exact-source-answer,0
y9r-047-9i-what-can-forces-make-objects-do,9I,physics,Assess check,state,3,written-main,What can forces make objects do?,"Forces can make objects speed up, slow down or change direction.",9I Summary sheet p1 Forces and motion,exact-source-answer,0
y9r-048-9i-what-is-true-about-the-forces-on-an-object-moving-at-a-constant-speed,9I,physics,Assess check,state,1,written-recall,What is true about the forces on an object moving at a constant speed?,The forces on an object moving at a constant speed are balanced.,9I Summary sheet p1 Forces and motion,exact-source-answer,0
y9r-049-9i-what-happens-to-air-resistance-as-a-falling-object-gets-faster,9I,physics,Assess check,describe,2,written-main,What happens to air resistance as a falling object gets faster?,As it gets faster the air resistance increases.,9I Summary sheet p1 Forces and motion,exact-source-answer,0
y9r-050-9i-what-has-happened-when-a-falling-object-reaches-terminal-velocity,9I,physics,Apply check,explain,2,written-main,A falling object is moving at terminal velocity. What has happened to air resistance and weight?,"The air resistance balances the weight, so the object cannot fall any faster.",9I Summary sheet p1 Forces and motion,exact-source-answer,0
y9r-051-9i-how-do-you-convert-a-speed-in-m-s-to-km-h,9I,physics,Assess check,explain,3,written-main,How do you convert a speed in m/s to km/h?,Divide by 1000 then multiply by 3600.,9I Summary sheet p1 Speed,exact-source-answer,0
y9r-052-9i-how-do-you-convert-a-speed-in-km-h-to-m-s,9I,physics,Assess check,explain,3,written-main,How do you convert a speed in km/h to m/s?,Multiply by 1000 then divide by 3600.,9I Summary sheet p1 Speed,exact-source-answer,0
y9r-053-9i-what-is-mean-speed,9I,physics,Assess check,state,1,written-recall,What is mean speed?,The mean (average) speed is the total distance travelled divided by the total time taken.,9I Summary sheet p1 Speed,exact-source-answer,0
y9r-054-9i-what-is-the-relative-speed-of-a-car-travelling-at-50-km-h-compared-to-one-t,9I,physics,Calculation,calculate,2,written-main,One car travels at 50 km/h and another travels at 30 km/h in the same direction. What is the relative speed?,20 km/h.,9I Summary sheet p1 Speed,exact-source-answer,0
y9r-055-9i-what-does-a-speed-time-graph-show,9I,physics,Assess check,graph,3,written-main,What does a speed-time graph show?,A speed-time graph shows how fast something is travelling at different times during a journey.,9I Summary sheet p1 Speed-time graphs,exact-source-answer,1
y9r-056-9i-what-do-horizontal-lines-show-on-a-speed-time-graph,9I,physics,Assess check,graph,3,written-main,What do horizontal lines show on a speed-time graph?,Horizontal lines show a constant speed.,9I Summary sheet p1 Speed-time graphs,exact-source-answer,1
y9r-057-9i-what-do-sloping-lines-show-on-a-speed-time-graph,9I,physics,Assess check,graph,3,written-main,What do sloping lines show on a speed-time graph?,Sloping lines show changes in speed (acceleration or deceleration).,9I Summary sheet p1 Speed-time graphs,exact-source-answer,1
y9r-058-9i-on-a-distance-time-graph-what-does-the-gradient-of-a-line-give,9I,physics,Assess check,graph,3,written-main,"On a distance-time graph, what does the gradient of a line give?",The gradient of a line gives the speed that the object is moving.,9I Summary sheet p2 Gradients,exact-source-answer,1
y9r-059-9i-what-is-a-pivot-also-known-as,9I,physics,Assess check,state,1,written-recall,What is a pivot also known as?,A pivot is also known as a fulcrum.,9I Summary sheet p2 Levers and moments,exact-source-answer,0
y9r-060-9i-what-is-a-turning-force-called,9I,physics,Assess check,state,1,written-recall,What is a turning force called?,A turning force is called a moment.,9I Summary sheet p2 Levers and moments,exact-source-answer,0
y9r-061-9i-what-is-the-formula-for-moment,9I,physics,Assess check,state,1,written-recall,What is the formula for moment?,moment (in N m) = force (in N) × perpendicular distance from the pivot (m).,9I Summary sheet p2 Levers and moments,exact-source-answer,0
y9r-062-9i-what-is-true-when-an-object-is-balanced,9I,physics,Assess check,state,1,written-recall,What is true when an object is balanced?,The anticlockwise moment is equal to the clockwise moment.,9I Summary sheet p3 Levers and moments,exact-source-answer,0
y9r-063-9i-what-is-work-done,9I,physics,Assess check,state,1,written-recall,What is work done?,Work is done when a force moves through a distance.,9I Summary sheet p3 Simple machines,exact-source-answer,0
y9r-064-9i-what-is-the-formula-for-work-done,9I,physics,Assess check,state,1,written-recall,What is the formula for work done?,work = force × distance moved in the direction of the force.,9I Summary sheet p3 Simple machines,exact-source-answer,0
y9r-065-9j-what-is-a-force-field,9J,physics,Assess check,state,1,written-recall,What is a force field?,A force field is a space where a non-contact force has an effect.,9J Summary sheet p1 Force fields,exact-source-answer,1
y9r-066-9j-what-is-the-earths-gravitational-field-strength-according-to-the-revision-s,9J,physics,Assess check,state,1,written-recall,"What is the Earth’s gravitational field strength, according to the revision sheet?",The Earth’s gravitational field strength (g) is 10 N/kg.,9J Summary sheet p1 Gravitational fields,exact-source-answer,0
y9r-067-9j-what-formula-is-used-to-calculate-weight,9J,physics,Assess check,calculate,2,written-main,What formula is used to calculate weight?,weight (N) = mass (kg) × g (N/kg),9J Summary sheet p1 Gravitational fields,exact-source-answer,0
y9r-068-9j-in-an-electric-field-diagram-what-do-the-arrows-show,9J,physics,Assess check,identify,1,written-main,"In an electric field diagram, what do the arrows show?",The arrows show the direction a positive charge would move.,9J Summary sheet p1 Static electricity,exact-source-answer,1
y9r-069-9j-what-is-current,9J,physics,Assess check,state,1,written-recall,What is current?,Current is a flow of electrons.,9J Summary sheet p1 Electric circuits,exact-source-answer,0
y9r-070-9j-how-do-we-measure-current,9J,physics,Assess check,explain,3,written-main,How do we measure current?,We measure current using an ammeter connected in series.,9J Summary sheet p1 Electric circuits,exact-source-answer,0
y9r-071-9j-how-do-we-measure-voltage,9J,physics,Assess check,explain,3,written-main,How do we measure voltage?,We measure the voltage using a voltmeter connected in parallel across a cell or component.,9J Summary sheet p1 Electric circuits,exact-source-answer,0
y9r-072-9j-what-is-resistance,9J,physics,Assess check,state,1,written-recall,What is resistance?,The resistance of a component is a way of saying how easy or difficult it is for an electric current to flow through it.,9J Summary sheet p2 Resistance,exact-source-answer,0
y9r-073-9j-if-resistance-stays-the-same-what-happens-when-voltage-is-higher,9J,physics,Apply check,explain,2,written-main,"A component has the same resistance, but the voltage across it is increased. What happens to the current?",The current increases.,9J Summary sheet p2 Resistance,exact-source-answer,0
y9r-074-9j-if-voltage-stays-the-same-what-happens-when-resistance-is-higher,9J,physics,Apply check,explain,2,written-main,"A circuit has the same voltage, but the resistance is increased. What happens to the current?",The current decreases.,9J Summary sheet p2 Resistance,exact-source-answer,0
y9r-075-9j-what-three-things-does-the-resistance-of-a-wire-depend-on,9J,physics,Assess check,state,3,written-main,What three things does the resistance of a wire depend on?,"The material from which it is made, its length and its thickness.",9J Summary sheet p2 Resistance,exact-source-answer,0
y9r-076-9j-how-does-wire-length-affect-resistance,9J,physics,Assess check,explain,3,written-main,How does wire length affect resistance?,Shorter wires have lower resistances.,9J Summary sheet p2 Resistance,exact-source-answer,0
y9r-077-9j-how-does-wire-thickness-affect-resistance,9J,physics,Assess check,explain,3,written-main,How does wire thickness affect resistance?,Thicker wires have lower resistances.,9J Summary sheet p2 Resistance,exact-source-answer,0
y9r-078-9j-what-is-the-formula-for-calculating-resistance-from-voltage-and-current,9J,physics,Assess check,state,1,written-recall,What is the formula for calculating resistance from voltage and current?,resistance = voltage ÷ current,9J Summary sheet p2 Calculating resistance,exact-source-answer,0
y9r-079-9j-what-is-an-electromagnet,9J,physics,Assess check,state,1,written-recall,What is an electromagnet?,An electromagnet is a coil of wire with an electric current flowing through it.,9J Summary sheet p2 Electromagnets,exact-source-answer,1
y9r-080-9j-when-is-an-electromagnet-magnetic,9J,physics,Assess check,state,1,written-main,When is an electromagnet magnetic?,It is only magnetic while the current is flowing.,9J Summary sheet p2 Electromagnets,exact-source-answer,1
y9r-081-9j-give-three-ways-to-make-an-electromagnet-stronger,9J,physics,Assess check,state,1,written-recall,Give three ways to make an electromagnet stronger.,"Increase the number of coils of wire, increase the size of the current, and use an iron core.",9J Summary sheet p2 Electromagnets,exact-source-answer,1
y9r-082-9j-what-is-the-motor-effect,9J,physics,Assess check,state,1,written-recall,What is the motor effect?,"If a wire carrying a current crosses a magnetic field, the wire will experience a force. This is the motor effect.",9J Summary sheet p3 Motors,exact-source-answer,1
y9r-083-9j-what-does-an-electric-motor-consist-of,9J,physics,Assess check,state,1,written-recall,What does an electric motor consist of?,An electric motor consists of a coil of wire in a magnetic field.,9J Summary sheet p3 Motors,exact-source-answer,1
y9r-084-9j-what-makes-the-coil-in-an-electric-motor-turn,9J,physics,Assess check,explain,2,written-main,What makes the coil in an electric motor turn?,"When there is a current in the coil, there is a force on each side of the coil that makes it turn.",9J Summary sheet p3 Motors,exact-source-answer,1
y9r-085-9j-how-can-the-speed-of-the-motor-or-the-force-it-provides-be-increased,9J,physics,Assess check,explain,3,written-main,"How can the speed of the motor, or the force it provides, be increased?","By increasing the size of the current, increasing the strength of the magnetic field, or increasing the number of turns of wire on the coil.",9J Summary sheet p3 Motors,exact-source-answer,1
y9p-001-9a-what-is-an-abiotic-factor,9A,biology,Assess check,state,1,written-recall,What is an abiotic factor?,Something that is abiotic has nothing to do with living organisms.,9A Word sheet 9Aa Environmental variation,exact-source-answer,0
y9p-002-9a-what-is-a-biotic-factor,9A,biology,Assess check,state,1,written-recall,What is a biotic factor?,An activity of an organism that affects another organism.,9A Word sheet 9Aa Environmental variation,exact-source-answer,0
y9p-003-9a-give-three-examples-of-living-or-biotic-factors-from-the-revision-sheet,9A,biology,Assess check,state,1,written-recall,Give three examples of living or biotic factors from the revision sheet.,"Competition, predation and disease.",9A Summary sheet p1 Environmental variation,exact-source-answer,0
y9p-004-9a-what-are-abiotic-factors,9A,biology,Assess check,state,1,written-recall,What are abiotic factors?,Non-living physical factors such as the amount of sunlight.,9A Summary sheet p1 Environmental variation,exact-source-answer,0
y9p-005-9a-what-forms-an-ecosystem,9A,biology,Assess check,state,2,written-main,What forms an ecosystem?,All the organisms and physical environmental factors in an area form an ecosystem.,9A Summary sheet p1 Environmental variation,exact-source-answer,0
y9p-006-9a-how-can-probabilities-be-shown-in-inheritance-questions,9A,biology,Assess check,explain,3,written-main,How can probabilities be shown in inheritance questions?,"Probabilities are shown as percentages, decimals or fractions.","9A Summary sheet p1 Chromosomes, genes and DNA",exact-source-answer,0
y9p-007-9a-what-does-probability-mean,9A,biology,Assess check,state,1,written-recall,What does probability mean?,The likelihood of something happening.,9A Word sheet 9Ab Probability,exact-source-answer,0
y9p-008-9a-write-25-as-a-decimal-and-as-a-fraction,9A,biology,Assess check,state,1,written-recall,Write 25% as a decimal and as a fraction.,0.25 and 1/4.,"9A Summary sheet p1 Chromosomes, genes and DNA",source-traceable-application,0
y9p-009-9f-what-is-neutralisation,9F,chemistry,Assess check,state,1,written-recall,What is neutralisation?,A reaction in which an acid reacts with an alkali or a base to produce a salt and water.,9F Word sheet 9Fc Energy and reactions,exact-source-answer,1
y9p-010-9f-what-is-a-thermite-reaction,9F,chemistry,Assess check,state,1,written-recall,What is a thermite reaction?,A highly exothermic displacement reaction between aluminium and iron oxide that produces molten iron.,9F Word sheet 9Fd Displacement,exact-source-answer,0
y9p-012-9f-in-the-thermite-reaction-which-metal-displaces-iron,9F,chemistry,Assess check,identify,1,written-main,"In the thermite reaction, which metal displaces iron?",Aluminium.,9F Quick Quiz 9Fd Q4,exact-source-answer,0
y9p-013-9f-what-is-thermal-decomposition,9F,chemistry,Assess check,state,1,written-recall,What is thermal decomposition?,Breaking down a compound into simpler substances using heat.,9E Word sheet 9Ec/9Ed Thermal decomposition,exact-source-answer,0
y9p-014-9f-what-energy-supply-do-thermal-decomposition-reactions-need-to-keep-going,9F,chemistry,Assess check,state,1,written-main,What energy supply do thermal decomposition reactions need to keep going?,A constant supply of energy.,9F Summary sheet p3 Hydrocarbons,exact-source-answer,0
y9p-015-9f-what-is-an-oxidising-agent,9F,chemistry,Assess check,state,1,written-recall,What is an oxidising agent?,A substance that provides oxygen to oxidise another substance.,9F Word sheet 9Fc Energy and reactions,exact-source-answer,0
y9p-016-9f-what-is-a-reducing-agent,9F,chemistry,Assess check,state,1,written-recall,What is a reducing agent?,A substance that removes oxygen from another substance.,9F Word sheet 9Fe Extracting metals,exact-source-answer,0
y9p-017-9f-when-has-a-substance-been-reduced,9F,chemistry,Assess check,state,1,written-main,When has a substance been reduced?,If a substance has lost oxygen then it has been reduced.,9F Word sheet 9Fe Extracting metals,exact-source-answer,0
y9p-018-9f-what-is-a-redox-reaction,9F,chemistry,Assess check,state,1,written-recall,What is a redox reaction?,A reaction in which one reactant is reduced and another is oxidised.,9F Word sheet 9Fe Extracting metals,exact-source-answer,0
y9p-019-9f-what-is-oxidation,9F,chemistry,Assess check,state,1,written-recall,What is oxidation?,Reaction in which a substance gains oxygen.,9F Word sheet 9Fb Reactivity,exact-source-answer,0
y9p-020-9f-what-is-the-percentage-loss-or-gain-formula-from-the-revision-sheet,9F,chemistry,Assess check,state,1,written-recall,What is the percentage loss or gain formula from the revision sheet?,actual change ÷ original amount × 100.,9F Summary sheet p3 Percentage loss or gain,exact-source-answer,0
y9p-021-9j-what-is-a-decimal-place,9J,physics,Assess check,state,1,written-recall,What is a decimal place?,The position of a digit to the right of the decimal point in a number.,9J Word sheet 9Jd WS Rounding numbers,exact-source-answer,0
y9p-022-9j-how-do-you-find-the-number-of-decimal-places-in-a-number,9J,physics,Assess check,explain,3,written-main,How do you find the number of decimal places in a number?,The number of decimal places in a number is the number of digits after the decimal point.,9J Word sheet 9Jd WS Rounding numbers,exact-source-answer,0
y9p-023-9j-what-is-the-first-significant-figure-in-a-number,9J,physics,Assess check,state,1,written-recall,What is the first significant figure in a number?,The digit with the highest place value.,9J Word sheet 9Jd WS Rounding numbers,exact-source-answer,0
y9p-024-9j-what-is-the-second-significant-figure-in-a-number,9J,physics,Assess check,state,1,written-recall,What is the second significant figure in a number?,The digit with the second highest place value.,9J Word sheet 9Jd WS Rounding numbers,exact-source-answer,0
y9p-025-9j-in-the-number-3-407-how-many-decimal-places-are-there,9J,physics,Assess check,calculate,1,written-main,"In the number 3.407, how many decimal places are there?",Three decimal places.,9J Word sheet 9Jd WS Rounding numbers,source-traceable-application,0
y9p-026-9j-in-the-number-0-0632-what-is-the-first-significant-figure,9J,physics,Assess check,identify,1,written-main,"In the number 0.0632, what is the first significant figure?",6.,9J Word sheet 9Jd WS Rounding numbers,source-traceable-application,0
y9p-027-9j-round-42-786-to-one-decimal-place,9J,physics,Assess check,calculate,1,written-main,Round 42.786 to one decimal place.,42.8.,9J Word sheet 9Jd WS Rounding numbers,source-traceable-application,0
y9p-028-9j-round-42-786-to-two-decimal-places,9J,physics,Assess check,calculate,1,written-main,Round 42.786 to two decimal places.,42.79.,9J Word sheet 9Jd WS Rounding numbers,source-traceable-application,0
y9p-029-9j-round-0-0632-to-one-significant-figure,9J,physics,Assess check,calculate,1,written-main,Round 0.0632 to one significant figure.,0.06.,9J Word sheet 9Jd WS Rounding numbers,source-traceable-application,0
y9p-030-9j-round-0-0632-to-two-significant-figures,9J,physics,Assess check,calculate,1,written-main,Round 0.0632 to two significant figures.,0.063.,9J Word sheet 9Jd WS Rounding numbers,source-traceable-application,0
y9p-031-9j-what-is-the-difference-between-decimal-places-and-significant-figures,9J,physics,Assess check,state,1,written-recall,What is the difference between decimal places and significant figures?,Decimal places count digits after the decimal point; significant figures start from the digit with the highest place value.,9J Word sheet 9Jd WS Rounding numbers,source-traceable-synthesis,0
y9qb-001-9b-farming-benefit-problem-compare,9B,biology,Challenge check,explain,3,written-main,A farmer uses fertilisers and pesticides to increase crop yield. Explain one benefit and one possible problem for each method.,"Fertilisers contain mineral salts that help plants grow and increase yield, but if they wash into streams and rivers they can cause pollution so organisms die. Pesticides kill pests that compete with or harm crops, but they can kill useful organisms and damage food webs.",9B revision pack farming methods / sustainability notes,source-traceable-synthesis,1
y9qb-002-9e-thermal-decomposition-state-symbols,9E,chemistry,Challenge check,state,1,written-recall,Calcium carbonate thermally decomposes. Name the two products and give the state symbol meaning for gas.,The products are calcium oxide and carbon dioxide. The state symbol g means gas.,9E revision pack thermal decomposition / state symbols,source-traceable-synthesis,0
y9qb-003-9f-redox-thermite-application,9F,chemistry,Challenge check,explain,3,written-main,"In the thermite reaction, aluminium reacts with iron oxide to form aluminium oxide and iron. Which substance is reduced, and why?",Iron oxide is reduced because it loses oxygen to form iron.,"9F revision pack thermite / oxidation, reduction and redox",source-traceable-synthesis,0
y9qb-004-9i-moments-balanced-application,9I,physics,Challenge calculation,calculate,2,written-main,"A 20 N force acts 0.5 m from a pivot. What moment does it produce, and what equal opposite moment is needed for balance?","The moment is 10 N m. For balance, an equal 10 N m moment is needed in the opposite direction.",9I revision pack moments / balanced moments,source-traceable-synthesis,0
y9qb-005-9j-wire-resistance-investigation-variables,9J,physics,Challenge check,identify,1,written-main,"In a wire-resistance investigation, which variables should be controlled if you are testing how length affects resistance?","The material and thickness of the wire should be controlled, while the length is changed.",9J revision pack wire resistance investigation,source-traceable-synthesis,1
y9qb-006-9j-significant-figures-application,9J,physics,Challenge calculation,state,1,written-recall,A calculated value is 0.0632 A. Write it to one significant figure and to two significant figures.,To one significant figure it is 0.06 A. To two significant figures it is 0.063 A.,9J Word sheet 9Jd WS Rounding numbers,source-traceable-synthesis,0
y9cgp-004-I-pressure-calculate-the-pressure-when-a-120-n-force-acts-on-an-area-of,9I,physics,Calculation,calculate,2,written-main,Calculate the pressure when a 120 N force acts on an area of 0.50 m².,240 Pa,CGP KS3 Science syllabus map Year 9 Topic 1 Pressure; Oak pressure/floating lessons,new-cgp-bridge-derived,0
y9cgp-005-I-pressure-a-force-of-60-n-produces-a-pressure-of-300-pa-calculate-the-,9I,physics,Calculation,calculate,2,written-main,A force of 60 N produces a pressure of 300 Pa. Calculate the area.,0.20 m²,CGP KS3 Science syllabus map Year 9 Topic 1 Pressure; Oak pressure/floating lessons,new-cgp-bridge-derived,0
y9cgp-006-I-pressure-describe-how-liquid-pressure-changes-with-depth,9I,physics,Progress check,describe,2,written-main,Describe how liquid pressure changes with depth.,Liquid pressure increases with depth because there is more liquid above pushing down.,CGP KS3 Science syllabus map Year 9 Topic 1 Pressure; Oak pressure/floating lessons,new-cgp-bridge-derived,1
y9cgp-007-I-pressure-why-does-a-dam-wall-need-to-be-stronger-near-the-bottom,9I,physics,Apply check,explain,3,written-main,Why does a dam wall need to be stronger near the bottom?,"The pressure is greater at greater depth, so the bottom of the dam must resist a larger force from the water.",CGP KS3 Science syllabus map Year 9 Topic 1 Pressure; Oak pressure/floating lessons,new-cgp-bridge-derived,1
y9cgp-009-I-pressure-describe-how-atmospheric-pressure-changes-with-height,9I,physics,Progress check,describe,2,written-main,Describe how atmospheric pressure changes with height.,Atmospheric pressure decreases with height because there is less air above pushing down.,CGP KS3 Science syllabus map Year 9 Topic 1 Pressure; Oak pressure/floating lessons,new-cgp-bridge-derived,0
y9cgp-010-I-pressure-why-can-a-large-ship-float-even-though-it-is-made-from-dense,9I,physics,Apply check,explain,3,written-main,Why can a large ship float even though it is made from dense metal?,"Its hollow shape displaces a large volume of water, so the upthrust can balance the ship’s weight.",CGP KS3 Science syllabus map Year 9 Topic 1 Pressure; Oak pressure/floating lessons,new-cgp-bridge-derived,1
y9cgp-011-I-pressure-what-does-it-mean-if-an-object-floats,9I,physics,Progress check,state,1,written-recall,What does it mean if an object floats?,"The upthrust on the object balances its weight, so there is no resultant vertical force.",CGP KS3 Science syllabus map Year 9 Topic 1 Pressure; Oak pressure/floating lessons,new-cgp-bridge-derived,1
y9cgp-013-I-pressure-why-do-snowshoes-help-a-person-walk-on-soft-snow,9I,physics,Apply check,explain,3,written-main,Why do snowshoes help a person walk on soft snow?,"Snowshoes spread the person’s weight over a larger area, so the pressure on the snow is lower.",CGP KS3 Science syllabus map Year 9 Topic 1 Pressure; Oak pressure/floating lessons,new-cgp-bridge-derived,1
y9cgp-014-I-pressure-a-block-underwater-has-equal-sized-top-and-bottom-faces-expl,9I,physics,Challenge check,explain,3,written-main,A block underwater has equal-sized top and bottom faces. Explain why water can produce an upward resultant force on it.,"The bottom face is deeper, so the pressure on the bottom is greater than the pressure on the top. This produces a larger upward force than downward force, giving upthrust.",CGP KS3 Science syllabus map Year 9 Topic 1 Pressure; Oak pressure/floating lessons,new-cgp-bridge-derived,1
y9cgp-015-I-pressure-correct-the-misconception-liquid-pressure-at-the-bottom-depe,9I,physics,Progress check,explain,2,written-main,Correct the misconception: “Liquid pressure at the bottom depends mainly on container width.”,"At the same depth in the same liquid, pressure is the same. Pressure depends mainly on depth and the liquid, not just container width.",CGP KS3 Science syllabus map Year 9 Topic 1 Pressure; Oak pressure/floating lessons,new-cgp-bridge-derived,1
y9cgp-048-E-heating-cooling-what-happens-to-particles-in-a-solid-when-it-is-heated,9E,chemistry,Progress check,describe,2,written-main,What happens to particles in a solid when it is heated?,The particles vibrate more quickly because energy is transferred to them.,CGP KS3 Science syllabus map Year 9 Topic 5 Heating and cooling; Oak heating/cooling lessons,new-cgp-bridge-derived,1
y9cgp-049-E-heating-cooling-what-happens-to-particles-in-a-hot-object-as-it-cools,9E,chemistry,Progress check,describe,2,written-main,What happens to particles in a hot object as it cools?,The particles move or vibrate less quickly as energy is transferred to the surroundings.,CGP KS3 Science syllabus map Year 9 Topic 5 Heating and cooling; Oak heating/cooling lessons,new-cgp-bridge-derived,1
y9cgp-052-E-heating-cooling-describe-conduction-using-particles,9E,chemistry,Progress check,describe,2,written-main,Describe conduction using particles.,"In conduction, vibrating particles pass energy to neighbouring particles through bonds or collisions.",CGP KS3 Science syllabus map Year 9 Topic 5 Heating and cooling; Oak heating/cooling lessons,new-cgp-bridge-derived,0
y9cgp-053-E-heating-cooling-why-does-a-metal-spoon-in-hot-soup-become-hot-quickly,9E,chemistry,Apply check,explain,3,written-main,Why does a metal spoon in hot soup become hot quickly?,"Metal is a good thermal conductor, so energy is transferred quickly through the spoon by conduction.",CGP KS3 Science syllabus map Year 9 Topic 5 Heating and cooling; Oak heating/cooling lessons,new-cgp-bridge-derived,1
y9cgp-054-E-heating-cooling-why-does-a-plastic-handle-help-protect-your-hand-from-a-hot-,9E,chemistry,Apply check,explain,3,written-main,Why does a plastic handle help protect your hand from a hot pan?,"Plastic is a thermal insulator, so it transfers thermal energy slowly from the hot pan to your hand.",CGP KS3 Science syllabus map Year 9 Topic 5 Heating and cooling; Oak heating/cooling lessons,new-cgp-bridge-derived,1
y9cgp-055-E-heating-cooling-what-does-a-cooling-curve-show,9E,chemistry,Progress check,state,1,written-recall,What does a cooling curve show?,A cooling curve shows how the temperature of an object changes with time as it cools.,CGP KS3 Science syllabus map Year 9 Topic 5 Heating and cooling; Oak heating/cooling lessons,new-cgp-bridge-derived,1
y9cgp-056-E-heating-cooling-why-does-a-very-hot-drink-cool-faster-at-first-than-later,9E,chemistry,Apply check,explain,3,written-main,Why does a very hot drink cool faster at first than later?,"At first the temperature difference between the drink and surroundings is larger, so energy is transferred faster.",CGP KS3 Science syllabus map Year 9 Topic 5 Heating and cooling; Oak heating/cooling lessons,new-cgp-bridge-derived,1
y9cgp-057-E-heating-cooling-correct-the-misconception-energy-disappears-when-an-object-c,9E,chemistry,Progress check,explain,2,written-main,Correct the misconception: “Energy disappears when an object cools.”,Energy is transferred from the hot object to the surroundings; it is not destroyed.,CGP KS3 Science syllabus map Year 9 Topic 5 Heating and cooling; Oak heating/cooling lessons,new-cgp-bridge-derived,1
y9cgp-059-E-heating-cooling-explain-why-insulation-does-not-make-heat-it-helps-keep-some,9E,chemistry,Challenge check,explain,3,written-main,Explain why insulation does not “make heat”; it helps keep something warm.,Insulation slows thermal energy transfer from the warm object to colder surroundings. It reduces energy loss but does not create energy.,CGP KS3 Science syllabus map Year 9 Topic 5 Heating and cooling; Oak heating/cooling lessons,new-cgp-bridge-derived,1
y9cgp-061-F-periodic-table-bridge-what-does-an-atom-contain,9F,chemistry,Progress check,state,1,written-recall,What does an atom contain?,Atoms contain neutrons and protons in a central nucleus and electrons around the outside of the nucleus.,9F Summary sheet p2 Atomic structure; CGP KS3 Year 9 Topic 7 Periodic table; Oak periodic table lessons,exact-source-answer,0
y9cgp-062-F-periodic-table-bridge-what-is-the-atomic-number-or-proton-number,9F,chemistry,Progress check,state,1,written-recall,What is the atomic number or proton number?,The number of protons is the atomic number or proton number.,9F Summary sheet p2 Atomic structure; CGP KS3 Year 9 Topic 7 Periodic table; Oak periodic table lessons,exact-source-answer,0
y9cgp-063-F-periodic-table-bridge-what-is-the-mass-number-of-an-atom,9F,chemistry,Progress check,state,1,written-recall,What is the mass number of an atom?,The number of neutrons and the number of protons in an atom is its mass number.,9F Summary sheet p2 Atomic structure; CGP KS3 Year 9 Topic 7 Periodic table; Oak periodic table lessons,exact-source-answer,0
y9cgp-064-F-periodic-table-bridge-what-are-groups-and-periods-in-the-periodic-table,9F,chemistry,Progress check,state,1,written-recall,What are groups and periods in the periodic table?,The vertical columns in the periodic table are groups and the rows are periods.,9F Summary sheet p2 Atomic structure; CGP KS3 Year 9 Topic 7 Periodic table; Oak periodic table lessons,exact-source-answer,1
y9cgp-067-F-periodic-table-bridge-where-are-metals-usually-found-in-the-periodic-table,9F,chemistry,Progress check,identify,1,written-main,Where are metals usually found in the periodic table?,Metals are usually found on the left and in the middle of the periodic table.,9F Summary sheet p2 Atomic structure; CGP KS3 Year 9 Topic 7 Periodic table; Oak periodic table lessons,new-cgp-bridge-derived,1
y9cgp-068-F-periodic-table-bridge-give-two-general-properties-of-metals,9F,chemistry,Progress check,state,1,written-recall,Give two general properties of metals.,Metals are usually good electrical conductors and thermal conductors. Many are also shiny and malleable.,9F Summary sheet p2 Atomic structure; CGP KS3 Year 9 Topic 7 Periodic table; Oak periodic table lessons,new-cgp-bridge-derived,0
y9cgp-069-F-periodic-table-bridge-give-two-general-properties-of-non-metals,9F,chemistry,Progress check,state,1,written-recall,Give two general properties of non-metals.,Non-metals are usually poor conductors and are often dull or brittle when solid.,9F Summary sheet p2 Atomic structure; CGP KS3 Year 9 Topic 7 Periodic table; Oak periodic table lessons,new-cgp-bridge-derived,0
y9cgp-071-F-periodic-table-bridge-describe-the-reactivity-trend-down-group-1,9F,chemistry,Progress check,describe,2,written-main,Describe the reactivity trend down Group 1.,Group 1 metals become more reactive down the group.,9F Summary sheet p2 Atomic structure; CGP KS3 Year 9 Topic 7 Periodic table; Oak periodic table lessons,new-cgp-bridge-derived,0
y9cgp-073-F-periodic-table-bridge-describe-the-reactivity-trend-down-group-7,9F,chemistry,Progress check,describe,2,written-main,Describe the reactivity trend down Group 7.,Group 7 non-metals become less reactive down the group.,9F Summary sheet p2 Atomic structure; CGP KS3 Year 9 Topic 7 Periodic table; Oak periodic table lessons,new-cgp-bridge-derived,0
y9cgp-076-E-climate-bridge-what-causes-the-natural-greenhouse-effect,9E,chemistry,Progress check,explain,2,written-main,What causes the natural greenhouse effect?,"Greenhouse gases in Earth’s atmosphere absorb and re-emit thermal radiation, keeping Earth warmer than it would otherwise be.",9E environmental impacts/greenhouse gas revision content; CGP KS3 Year 9 Topic 11 Climate; Oak climate lessons,new-cgp-bridge-derived,1
y9cgp-077-E-climate-bridge-why-can-extra-greenhouse-gases-increase-global-temperature,9E,chemistry,Apply check,explain,3,written-main,Why can extra greenhouse gases increase global temperature?,"Extra greenhouse gases strengthen the greenhouse effect, so more thermal energy is retained in the atmosphere and average temperature rises.",9E environmental impacts/greenhouse gas revision content; CGP KS3 Year 9 Topic 11 Climate; Oak climate lessons,new-cgp-bridge-derived,1
y9cgp-079-E-climate-bridge-give-two-examples-of-evidence-used-for-global-warming,9E,chemistry,Progress check,state,1,written-recall,Give two examples of evidence used for global warming.,"Examples include temperature measurements, ice-core data, tree-ring data, glacier changes and sea-level measurements.",9E environmental impacts/greenhouse gas revision content; CGP KS3 Year 9 Topic 11 Climate; Oak climate lessons,new-cgp-bridge-derived,0
y9cgp-080-E-climate-bridge-how-can-cutting-fossil-fuel-use-help-reduce-global-warming,9E,chemistry,Progress check,explain,3,written-main,How can cutting fossil fuel use help reduce global warming?,"Cutting fossil fuel use reduces carbon dioxide emissions, which can slow the increase in greenhouse gases.",9E environmental impacts/greenhouse gas revision content; CGP KS3 Year 9 Topic 11 Climate; Oak climate lessons,new-cgp-bridge-derived,0
y9cgp-081-E-climate-bridge-explain-one-environmental-problem-caused-by-making-materials,9E,chemistry,Apply check,explain,3,written-main,Explain one environmental problem caused by making materials.,"Making materials can burn fossil fuels, releasing carbon dioxide; some processes also release toxins or sulfur dioxide.",9E environmental impacts/greenhouse gas revision content; CGP KS3 Year 9 Topic 11 Climate; Oak climate lessons,exact-source-answer,0
y9cgp-083-E-climate-bridge-why-is-climate-change-more-than-just-one-hot-day,9E,chemistry,Progress check,explain,3,written-main,Why is climate change more than just “one hot day”?,"Climate change means long-term changes in average conditions and patterns, not a single weather event.",9E environmental impacts/greenhouse gas revision content; CGP KS3 Year 9 Topic 11 Climate; Oak climate lessons,new-cgp-bridge-derived,0
y9cgp-084-E-climate-bridge-why-do-scientists-compare-modern-temperatures-with-long-term,9E,chemistry,Apply check,explain,3,written-main,Why do scientists compare modern temperatures with long-term averages?,Long-term averages help show whether recent temperatures are unusual compared with normal variation.,9E environmental impacts/greenhouse gas revision content; CGP KS3 Year 9 Topic 11 Climate; Oak climate lessons,new-cgp-bridge-derived,0
y9cgp-085-E-climate-bridge-explain-why-a-correlation-between-greenhouse-gas-emissions-a,9E,chemistry,Challenge check,explain,3,written-main,Explain why a correlation between greenhouse gas emissions and temperature is important but not the only evidence needed.,"A correlation shows the two have changed together, but scientists also need mechanisms and other evidence to explain why increased greenhouse gases cause warming.",9E environmental impacts/greenhouse gas revision content; CGP KS3 Year 9 Topic 11 Climate; Oak climate lessons,new-cgp-bridge-derived,1
y9cgp-098-F-chemical-energy-bridge-what-do-exothermic-reactions-do-to-the-surroundings,9F,chemistry,Progress check,state,2,written-main,What do exothermic reactions do to the surroundings?,Exothermic reactions transfer energy into the surroundings and so increase the temperature around them.,9E/9F Summary sheet exothermic and endothermic reactions; CGP KS3 Year 9 Topic 10 Chemical energy; Oak chemical energy lesson,exact-source-answer,1
y9cgp-099-F-chemical-energy-bridge-what-do-endothermic-reactions-do-to-the-surroundings,9F,chemistry,Progress check,state,2,written-main,What do endothermic reactions do to the surroundings?,Endothermic reactions transfer energy from the surroundings and so decrease the temperature around them.,9E/9F Summary sheet exothermic and endothermic reactions; CGP KS3 Year 9 Topic 10 Chemical energy; Oak chemical energy lesson,exact-source-answer,1
y9cgp-102-F-chemical-energy-bridge-why-should-temperature-be-measured-before-and-after-a-reacti,9F,chemistry,Apply check,explain,3,written-main,Why should temperature be measured before and after a reaction?,The temperature change shows whether the reaction transferred energy to the surroundings or took energy from the surroundings.,9E/9F Summary sheet exothermic and endothermic reactions; CGP KS3 Year 9 Topic 10 Chemical energy; Oak chemical energy lesson,new-cgp-bridge-derived,1
y9cgp-103-F-chemical-energy-bridge-give-one-example-of-an-endothermic-reaction-from-the-revisio,9F,chemistry,Progress check,state,1,written-recall,Give one example of an endothermic reaction from the revision sheet.,Thermal decomposition reactions.,9E/9F Summary sheet exothermic and endothermic reactions; CGP KS3 Year 9 Topic 10 Chemical energy; Oak chemical energy lesson,exact-source-answer,0
y9cgp-104-F-chemical-energy-bridge-why-is-combustion-usually-described-as-exothermic,9F,chemistry,Apply check,explain,3,written-main,Why is combustion usually described as exothermic?,"Combustion transfers energy to the surroundings, usually heating the surroundings and often producing light.",9E/9F Summary sheet exothermic and endothermic reactions; CGP KS3 Year 9 Topic 10 Chemical energy; Oak chemical energy lesson,new-cgp-bridge-derived,1
y9cgp-105-F-chemical-energy-bridge-correct-the-misconception-a-cold-reaction-makes-cold-energy,9F,chemistry,Challenge check,explain,2,written-main,Correct the misconception: “A cold reaction makes cold energy.”,"There is no cold energy. In an endothermic reaction, energy is transferred from the surroundings to the reaction, so the surroundings get colder.",9E/9F Summary sheet exothermic and endothermic reactions; CGP KS3 Year 9 Topic 10 Chemical energy; Oak chemical energy lesson,new-cgp-bridge-derived,0
y9img-001-9i-density-water-displacement-calculate-density,9I,physics,Calculation,calculate,2,written-main,Use the measuring cylinders. Calculate the density of the object. Give your answer in g/cm³.,Initial volume = 35 cm³. Final volume = 60 cm³. Volume of object = 25 cm³. Density = 125 ÷ 25 = 5 g/cm³.,Visual integration v1.52.0,source-style-redraw,1
y9img-002-9i-density-cuboid-calculate-density,9I,physics,Calculation,calculate,2,written-main,Use the cuboid diagram. Calculate the density of the object in g/cm³.,Volume = length × width × height = 10 × 4 × 5 = 200 cm³. Density = 800 ÷ 200 = 4 g/cm³.,Visual integration v1.52.0,source-style-redraw,1
y9img-003-9i-pressure-solid-block-calculate-pressure,9I,physics,Calculation,calculate,2,written-main,Use the block diagram. Calculate the pressure on the surface in N/cm².,Pressure = force ÷ area = 180 N ÷ 30 cm² = 6 N/cm².,Visual integration v1.52.0,source-style-redraw,1
y9img-005-9i-moment-balanced-missing-distance,9I,physics,Calculation,calculate,2,written-main,Use the balanced lever diagram. Calculate the missing distance on the right-hand side.,"Left moment = 240 N × 2 m = 480 N m. For balance, right moment = 480 N m. Distance = 480 ÷ 160 = 3 m.",Visual integration v1.52.0,source-style-redraw,1
y9r6-004-9j-current-voltage-resistance-calculate,9J,physics,Calculation,calculate,2,written-main,Use the current-voltage graph. Calculate the resistance of line B at 6 V.,"At 6 V, line B has a current of 1.5 A. Resistance = potential difference ÷ current = 6 ÷ 1.5 = 4 Ω.",Reaction images r6 integration v1.53.0,source-style-redraw,1
