origin,id,source_card_id,unit,domain,exam_pool,exam_command,marks,question,answer_format_hint,answer_format_steps,source
curated-visual-bank,we-bio-state-photosynthesis-equation,,9B,biology,written-visual,state,1,State the word equation for photosynthesis.,One short equation only.,Write the reactants. | Add the arrow. | Write the products.,
curated-visual-bank,we-bio-identify-glucose-uses,,9B,biology,written-visual,identify,3,Use the glucose map. Identify three ways a plant can use glucose.,Use three short bullet points.,Bullet 1: first use. | Bullet 2: second use. | Bullet 3: third use.,
curated-visual-bank,we-bio-describe-photosynthesis-light-graph,,9B,biology,written-visual,describe,3,Use the graph. Describe how light intensity affects the rate of photosynthesis.,Describe the trend in two parts.,Say the first trend. | Say what happens at high light intensity. | Give the reason if asked to explain.,
curated-visual-bank,we-bio-explain-magnesium-deficiency,,9B,biology,written-visual,explain,3,Explain why a plant may grow poorly if it does not get enough magnesium ions.,Use because/so to link magnesium to growth.,Point: magnesium role. | Because: chlorophyll/photosynthesis. | Result: less glucose/growth.,
curated-visual-bank,we-bio-describe-natural-selection-giraffes,,9A,biology,written-visual,explain,4,Use the giraffe image. Explain how natural selection could lead to longer necks becoming more common over many generations.,Write the chain in order: variation → advantage → reproduction → inherited change.,Variation. | Selection pressure/advantage. | Survival and reproduction. | Inherited change over generations.,
curated-visual-bank,we-bio-describe-biodiversity-conservation,,9A,biology,written-visual,describe,3,Use the biodiversity diagram. Describe two causes of extinction risk and one way biodiversity can be preserved.,Use three bullet points.,Cause 1. | Cause 2. | Preservation method.,
curated-visual-bank,we-bio-explain-farming-method-impact,,9B,biology,written-visual,explain,3,Use the farming table. Choose one farming method and explain one benefit and one environmental problem.,"Name the method, then give one benefit and one problem.",Method. | Benefit. | Environmental problem.,
curated-visual-bank,we-bio-describe-food-web-pesticide,,9B,biology,written-visual,describe,3,Use the food web. Describe what may happen if pesticides reduce the number of insects.,Write 2–3 linked sentences.,Initial change. | Direct effect. | Knock-on effect.,
curated-visual-bank,we-bio-explain-bioaccumulation-top-predator,,9B,biology,written-visual,explain,3,Use the food-chain diagram. Explain why the top predator has the highest toxin concentration.,"Use the words toxin, food chain and concentration.",Toxin enters food chain. | Toxin builds up at each level. | Top predator has highest concentration.,
curated-visual-bank,we-bio-identify-root-hair-adaptations,,9B,biology,written-visual,identify,2,Use the root hair cell diagram. Identify two adaptations that help it absorb water and mineral ions.,Use two bullet points.,Adaptation 1. | Adaptation 2.,
curated-visual-bank,we-bio-identify-leaf-transport-features,,9B,biology,written-visual,identify,2,Use the plant transport diagram. Identify the tissue that carries water and the opening that lets carbon dioxide enter the leaf.,Use two short bullet points.,Water transport tissue. | Carbon dioxide entry feature.,
curated-visual-bank,we-chem-state-neutralisation-products,,9F,chemistry,written-visual,state,1,State the products of a neutralisation reaction between an acid and an alkali.,One short sentence.,State the two products.,
curated-visual-bank,we-chem-identify-state-symbols,,9E,chemistry,written-visual,identify,2,Identify what the state symbols (s) and (aq) mean in chemical equations.,Use two bullet points.,Define (s). | Define (aq).,
curated-visual-bank,we-chem-describe-peer-review-process,,9E,chemistry,written-visual,describe,3,Use the peer-review diagram. Describe the peer-review process in science.,Write the process in order.,Submission. | Expert checking. | Outcome.,
curated-visual-bank,we-chem-identify-exothermic-endothermic,,9E,chemistry,written-visual,identify,2,Use the two energy-transfer diagrams. Identify which change is exothermic and which is endothermic.,Use one sentence or two bullet points.,Identify exothermic. | Identify endothermic.,
curated-visual-bank,we-chem-describe-displacement-reaction,,9F,chemistry,written-visual,describe,3,Use the displacement reaction diagram. Describe what happens when magnesium is added to copper sulfate solution.,Use reactivity language and say what forms.,Compare reactivity. | State displacement. | State product/observation.,
curated-visual-bank,we-chem-explain-reactivity-extraction,,9F,chemistry,written-visual,explain,3,Use the reactivity series. Explain why aluminium is extracted by electrolysis but iron can be extracted using carbon.,Compare each metal with carbon.,Aluminium compared with carbon. | Extraction method for aluminium. | Iron compared with carbon and extraction method.,
curated-visual-bank,we-chem-explain-thermite-redox,,9F,chemistry,written-visual,explain,4,"In the thermite reaction, aluminium reacts with iron oxide to make aluminium oxide and iron. Explain which substance is oxidised and which is reduced.",Use gain/loss of oxygen.,Aluminium change. | Iron oxide change. | Name oxidation and reduction.,
curated-visual-bank,we-chem-describe-recycling-method,,9E,chemistry,written-visual,describe,3,Use the recycling diagram. Describe how one material is recycled and give one benefit of recycling.,"Name the material, describe the process, then give a benefit.",Material. | Recycling method. | Benefit.,
curated-visual-bank,we-chem-identify-physical-chemical-change,,9F,chemistry,written-visual,identify,2,Use the change diagrams. Identify one physical change and one chemical reaction.,Use two bullet points and give the reason briefly.,Physical change + reason. | Chemical reaction + reason.,
curated-visual-bank,we-phys-state-resultant-force,,9I,physics,written-visual,state,1,State what is meant by the resultant force on an object.,One short sentence.,Term is definition.,
curated-visual-bank,we-phys-describe-distance-time-graph,,9I,physics,written-visual,describe,3,Use the distance-time graph. Describe the motion shown by the graph.,Describe each section and use graph language.,Section 1. | Section 2. | Compare steepness if relevant.,
curated-visual-bank,we-phys-describe-speed-time-graph,,9I,physics,written-visual,describe,3,Use the speed-time graph. Describe the motion shown in the graph.,Use graph sections and values where possible.,First section. | Middle/constant section. | Final section.,
curated-visual-bank,we-phys-explain-terminal-velocity,,9I,physics,written-visual,explain,4,Use the falling-object sequence. Explain why a falling object reaches terminal velocity.,"Use weight, air resistance, resultant force and constant speed.",Start forces. | Change with speed. | Balanced forces. | Result.,
curated-visual-bank,we-phys-calculate-moment,,9I,physics,written-visual,calculate,2,Use the balanced lever diagram. Calculate the missing distance on the right-hand side.,"Formula, substitution, answer with unit.",Known moment. | Set equal for balance. | Divide by force.,
curated-visual-bank,we-phys-calculate-density-displacement,,9I,physics,written-visual,calculate,3,Use the measuring cylinders. Calculate the density of the object in g/cm³.,"Find volume first, then use density = mass ÷ volume.",Calculate object volume. | Write density formula. | Substitute and answer with unit.,
curated-visual-bank,we-phys-explain-pressure-contact-area,,9I,physics,written-visual,explain,3,Use the shoe diagrams. Explain which shoe produces the greater pressure on the ground.,Compare force and contact area.,Compare force. | Compare area. | Link to pressure formula.,
curated-visual-bank,we-phys-identify-circuit-meters,,9J,physics,written-visual,identify,2,Use the circuit diagram. Identify where an ammeter and a voltmeter should be connected.,Use two bullet points and the position labels.,Ammeter position and connection. | Voltmeter position and connection.,
curated-visual-bank,we-phys-explain-wire-resistance-investigation,,9J,physics,written-visual,describe,4,Use the practical setup. Describe how to investigate how wire length affects resistance.,"Method, variables, measurements and calculation.",Set up circuit. | Change independent variable. | Control variables. | Measure/calculate resistance.,
curated-visual-bank,we-phys-compare-current-voltage-resistance,,9J,physics,written-visual,explain,3,Use the current-voltage graph. Explain which component has the greater resistance.,Compare current at the same voltage.,Choose a voltage. | Compare current. | State resistance conclusion.,
curated-visual-bank,we-phys-explain-static-charge-transfer,,9J,physics,written-visual,explain,3,Use the static-charge diagram. Explain how one object becomes negatively charged after rubbing.,Use electron transfer language.,Electron transfer. | Object that gains electrons. | Object that loses electrons.,
curated-visual-bank,we-phys-describe-electromagnet-strength,,9J,physics,written-visual,describe,3,Use the electromagnet diagram. Describe two ways to make the electromagnet stronger and explain one of them.,Give two changes and one reason.,Method 1. | Method 2. | Explanation.,
open-answer-card,derived-y9-093-9i-for-a-lever-the-pivot-is-also-called-the,y9-093-9i-for-a-lever-the-pivot-is-also-called-the,9I,physics,written-main,identify,1,"In the labelled lever diagram, what is label Y also called?","Use the labels, diagram or question clue to name the correct item(s). Keep the answer concise.","Look carefully at the label, diagram or clue. | Name the correct item(s), part(s) or feature(s). | Use letters/names clearly if the diagram uses labels.",9I quick quiz 9Id Q1 - source-style diagram redraw
open-answer-card,derived-y9-229-9a-describe-what-environmental-variation-is,y9-229-9a-describe-what-environmental-variation-is,9A,biology,written-main,describe,2,Describe what environmental variation is.,"Say what happens, what changes, or what is shown. Use short linked points and include values or labels if given.","Give one clear feature, step or change. | Add another linked feature, step or comparison. | Use values, labels or context from the question where useful.",9A revision worksheet
open-answer-card,derived-y9-230-9a-give-three-examples-of-environmental-variation-in-plants,y9-230-9a-give-three-examples-of-environmental-variation-in-plants,9A,biology,written-recall,state,1,Give three examples of environmental variation in plants.,"Give the exact fact, term, equation or short list. Keep it short and use the science key words.","Find the exact fact the question is asking for. | Write the key word, equation or short list. | Do not add a long explanation unless the question asks for it.",9A revision worksheet
open-answer-card,derived-y9-231-9a-give-three-examples-of-environmental-variation-in-humans,y9-231-9a-give-three-examples-of-environmental-variation-in-humans,9A,biology,written-recall,state,1,Give three examples of environmental variation in humans.,"Give the exact fact, term, equation or short list. Keep it short and use the science key words.","Find the exact fact the question is asking for. | Write the key word, equation or short list. | Do not add a long explanation unless the question asks for it.",9A revision worksheet
open-answer-card,derived-y9-232-9a-define-classification,y9-232-9a-define-classification,9A,biology,written-main,explain,3,Why do scientists classify organisms using similarities and differences?,"Make the point, give the reason, then link it to the result. Use because/so and the key science term.","Make the science point. | Use because/so to link cause and effect. | Add the result, consequence or application.",9A revision worksheet
open-answer-card,derived-y9-233-9a-define-species,y9-233-9a-define-species,9A,biology,written-main,explain,3,"Two animals can mate, but their offspring are not fertile. Why would scientists not count them as the same species?","Make the point, give the reason, then link it to the result. Use because/so and the key science term.","Make the science point. | Use because/so to link cause and effect. | Add the result, consequence or application.",9A revision worksheet
open-answer-card,derived-y9-234-9a-explain-how-environmental-variation-can-cause-problems-with-classifica,y9-234-9a-explain-how-environmental-variation-can-cause-problems-with-classifica,9A,biology,written-main,explain,3,Explain how environmental variation can cause problems with classification.,"Make the point, give the reason, then link it to the result. Use because/so and the key science term.","Make the science point. | Use because/so to link cause and effect. | Add the result, consequence or application.",9A revision worksheet
open-answer-card,derived-y9-235-9a-describe-what-happens-during-fertilisation-and-what-is-formed,y9-235-9a-describe-what-happens-during-fertilisation-and-what-is-formed,9A,biology,written-main,describe,2,Describe what happens during fertilisation and what is formed.,"Say what happens, what changes, or what is shown. Use short linked points and include values or labels if given.","Give one clear feature, step or change. | Add another linked feature, step or comparison. | Use values, labels or context from the question where useful.",9A revision worksheet
open-answer-card,derived-y9-236-9a-describe-how-chromosomes-dna-and-genes-are-linked-together,y9-236-9a-describe-how-chromosomes-dna-and-genes-are-linked-together,9A,biology,written-main,describe,2,"Describe how chromosomes, DNA and genes are linked together.","Say what happens, what changes, or what is shown. Use short linked points and include values or labels if given.","Give one clear feature, step or change. | Add another linked feature, step or comparison. | Use values, labels or context from the question where useful.",9A revision worksheet
open-answer-card,derived-y9-237-9a-state-three-ways-we-can-preserve-biodiversity,y9-237-9a-state-three-ways-we-can-preserve-biodiversity,9A,biology,written-recall,state,1,State three ways we can preserve biodiversity.,"Give the exact fact, term, equation or short list. Keep it short and use the science key words.","Find the exact fact the question is asking for. | Write the key word, equation or short list. | Do not add a long explanation unless the question asks for it.",9A revision worksheet
open-answer-card,derived-y9-238-9a-describe-natural-selection,y9-238-9a-describe-natural-selection,9A,biology,written-main,describe,2,Describe natural selection.,"Say what happens, what changes, or what is shown. Use short linked points and include values or labels if given.","Give one clear feature, step or change. | Add another linked feature, step or comparison. | Use values, labels or context from the question where useful.",9A revision worksheet
open-answer-card,derived-y9-239-9b-state-where-a-plant-gets-the-reactants-it-needs-for-photosynthesis,y9-239-9b-state-where-a-plant-gets-the-reactants-it-needs-for-photosynthesis,9B,biology,written-recall,state,1,State where a plant gets the reactants it needs for photosynthesis.,"Give the exact fact, term, equation or short list. Keep it short and use the science key words.","Find the exact fact the question is asking for. | Write the key word, equation or short list. | Do not add a long explanation unless the question asks for it.",9B Plant Growth PPT progress check slide 14
open-answer-card,derived-y9-240-9b-describe-what-happens-to-the-products-of-photosynthesis,y9-240-9b-describe-what-happens-to-the-products-of-photosynthesis,9B,biology,written-main,describe,2,Describe what happens to the products of photosynthesis.,"Say what happens, what changes, or what is shown. Use short linked points and include values or labels if given.","Give one clear feature, step or change. | Add another linked feature, step or comparison. | Use values, labels or context from the question where useful.",9B Plant Growth PPT progress check slide 14
open-answer-card,derived-y9-241-9b-describe-what-a-limiting-factor-is,y9-241-9b-describe-what-a-limiting-factor-is,9B,biology,written-main,describe,2,Describe what a limiting factor is.,"Say what happens, what changes, or what is shown. Use short linked points and include values or labels if given.","Give one clear feature, step or change. | Add another linked feature, step or comparison. | Use values, labels or context from the question where useful.",9B Plant Growth PPT progress check slide 14
open-answer-card,derived-y9-242-9b-suggest-when-photosynthesis-might-occur-in-plants,y9-242-9b-suggest-when-photosynthesis-might-occur-in-plants,9B,biology,written-main,state,2,Suggest when photosynthesis might occur in plants.,"Give the exact fact, term, equation or short list. Keep it short and use the science key words.","Find the exact fact the question is asking for. | Write the key word, equation or short list. | Do not add a long explanation unless the question asks for it.",9B Plant Growth PPT progress check slide 14
open-answer-card,derived-y9-243-9b-describe-the-route-water-takes-from-soil-to-a-leaf,y9-243-9b-describe-the-route-water-takes-from-soil-to-a-leaf,9B,biology,written-main,describe,2,Describe the route water takes from soil to a leaf.,"Say what happens, what changes, or what is shown. Use short linked points and include values or labels if given.","Give one clear feature, step or change. | Add another linked feature, step or comparison. | Use values, labels or context from the question where useful.",9B Plant Growth PPT progress check slide 43
open-answer-card,derived-y9-244-9b-explain-the-structure-of-xylem-vessels,y9-244-9b-explain-the-structure-of-xylem-vessels,9B,biology,written-main,explain,3,Explain the structure of xylem vessels.,"Make the point, give the reason, then link it to the result. Use because/so and the key science term.","Make the science point. | Use because/so to link cause and effect. | Add the result, consequence or application.",9B Plant Growth PPT progress check slide 43
open-answer-card,derived-y9-245-9b-state-the-cells-that-control-gas-exchange-in-leaves,y9-245-9b-state-the-cells-that-control-gas-exchange-in-leaves,9B,biology,written-recall,state,1,State the cells that control gas exchange in leaves.,"Give the exact fact, term, equation or short list. Keep it short and use the science key words.","Find the exact fact the question is asking for. | Write the key word, equation or short list. | Do not add a long explanation unless the question asks for it.",9B Plant Growth PPT progress check slide 48
open-answer-card,derived-y9-246-9b-suggest-why-stomata-shut-at-night,y9-246-9b-suggest-why-stomata-shut-at-night,9B,biology,written-main,explain,3,Suggest why stomata shut at night.,"Make the point, give the reason, then link it to the result. Use because/so and the key science term.","Make the science point. | Use because/so to link cause and effect. | Add the result, consequence or application.",9B Plant Growth PPT progress check slide 48
open-answer-card,derived-y9-247-9b-draw-or-describe-the-relationship-between-glucose-and-starch,y9-247-9b-draw-or-describe-the-relationship-between-glucose-and-starch,9B,biology,written-main,describe,2,Draw or describe the relationship between glucose and starch.,"Say what happens, what changes, or what is shown. Use short linked points and include values or labels if given.","Give one clear feature, step or change. | Add another linked feature, step or comparison. | Use values, labels or context from the question where useful.",9B Plant Growth PPT progress check slide 62
open-answer-card,derived-y9-248-9b-suggest-why-seeds-need-starch,y9-248-9b-suggest-why-seeds-need-starch,9B,biology,written-main,explain,3,Suggest why seeds need starch.,"Make the point, give the reason, then link it to the result. Use because/so and the key science term.","Make the science point. | Use because/so to link cause and effect. | Add the result, consequence or application.",9B Plant Growth PPT progress check slide 62
open-answer-card,derived-y9-249-9e-design-poster-prompt-list-what-a-year-9-poster-on-ceramics-polymers-an,y9-249-9e-design-poster-prompt-list-what-a-year-9-poster-on-ceramics-polymers-an,9E,chemistry,written-recall,state,1,"Design-poster prompt: list what a Year 9 poster on ceramics, polymers and composites should include.","Give the exact fact, term, equation or short list. Keep it short and use the science key words.","Find the exact fact the question is asking for. | Write the key word, equation or short list. | Do not add a long explanation unless the question asks for it.",9E assess yourself
open-answer-card,derived-y9-250-9e-explain-how-properties-of-ceramics-link-to-bonding-and-structure,y9-250-9e-explain-how-properties-of-ceramics-link-to-bonding-and-structure,9E,chemistry,written-main,explain,3,Explain how properties of ceramics link to bonding and structure.,"Make the point, give the reason, then link it to the result. Use because/so and the key science term.","Make the science point. | Use because/so to link cause and effect. | Add the result, consequence or application.",9E assess yourself
open-answer-card,derived-y9-251-9e-explain-why-composites-often-have-better-properties-than-their-separat,y9-251-9e-explain-why-composites-often-have-better-properties-than-their-separat,9E,chemistry,written-main,explain,3,Explain why composites often have better properties than their separate materials.,"Make the point, give the reason, then link it to the result. Use because/so and the key science term.","Make the science point. | Use because/so to link cause and effect. | Add the result, consequence or application.",9E assess yourself
open-answer-card,derived-y9-252-9e-explain-one-environmental-problem-caused-by-making-materials,y9-252-9e-explain-one-environmental-problem-caused-by-making-materials,9E,chemistry,written-main,explain,3,Explain one environmental problem caused by making materials.,"Make the point, give the reason, then link it to the result. Use because/so and the key science term.","Make the science point. | Use because/so to link cause and effect. | Add the result, consequence or application.",9E summary sheet / assess yourself
open-answer-card,derived-y9-253-9f-prepare-a-talk-what-should-be-included-on-extracting-iron-and-preventi,y9-253-9f-prepare-a-talk-what-should-be-included-on-extracting-iron-and-preventi,9F,chemistry,written-main,describe,5,Prepare a talk: what should be included on extracting iron and preventing rusting?,"Say what happens, what changes, or what is shown. Use short linked points and include values or labels if given.","Give one clear feature, step or change. | Add another linked feature, step or comparison. | Use values, labels or context from the question where useful.",9F assess yourself
open-answer-card,derived-y9-254-9f-why-is-a-metal-oxide-reduced-when-carbon-extracts-a-metal,y9-254-9f-why-is-a-metal-oxide-reduced-when-carbon-extracts-a-metal,9F,chemistry,written-main,explain,3,Why is a metal oxide reduced when carbon extracts a metal?,"Make the point, give the reason, then link it to the result. Use because/so and the key science term.","Make the science point. | Use because/so to link cause and effect. | Add the result, consequence or application.",9F summary sheet / assess yourself
open-answer-card,derived-y9-255-9f-explain-why-aluminium-is-extracted-by-electrolysis-rather-than-carbon-,y9-255-9f-explain-why-aluminium-is-extracted-by-electrolysis-rather-than-carbon-,9F,chemistry,written-main,explain,3,Explain why aluminium is extracted by electrolysis rather than carbon reduction.,"Make the point, give the reason, then link it to the result. Use because/so and the key science term.","Make the science point. | Use because/so to link cause and effect. | Add the result, consequence or application.",9F quick quiz / summary sheet
open-answer-card,derived-y9-256-9f-explain-why-rusting-is-a-problem-and-name-two-prevention-methods,y9-256-9f-explain-why-rusting-is-a-problem-and-name-two-prevention-methods,9F,chemistry,written-main,explain,3,Explain why rusting is a problem and name two prevention methods.,"Make the point, give the reason, then link it to the result. Use because/so and the key science term.","Make the science point. | Use because/so to link cause and effect. | Add the result, consequence or application.",9F assess yourself
open-answer-card,derived-y9-257-9i-describe-how-to-raise-a-large-upright-stone-using-levers-moments-and-r,y9-257-9i-describe-how-to-raise-a-large-upright-stone-using-levers-moments-and-r,9I,physics,written-main,describe,2,"Describe how to raise a large upright stone using levers, moments and ramps.","Say what happens, what changes, or what is shown. Use short linked points and include values or labels if given.","Give one clear feature, step or change. | Add another linked feature, step or comparison. | Use values, labels or context from the question where useful.",9I assess yourself
open-answer-card,derived-y9-258-9i-explain-why-a-shallow-ramp-needs-less-force-but-more-distance,y9-258-9i-explain-why-a-shallow-ramp-needs-less-force-but-more-distance,9I,physics,written-main,explain,3,Explain why a shallow ramp needs less force but more distance.,"Make the point, give the reason, then link it to the result. Use because/so and the key science term.","Make the science point. | Use because/so to link cause and effect. | Add the result, consequence or application.",9I assess yourself / simple machines
open-answer-card,derived-y9-259-9i-calculate-the-weight-of-a-54-kg-person-on-earth-where-g-10-n-kg,y9-259-9i-calculate-the-weight-of-a-54-kg-person-on-earth-where-g-10-n-kg,9I,physics,written-main,calculate,2,Calculate the weight of a 54 kg person on Earth where g = 10 N/kg.,"Write the formula or method, substitute values, then give the answer with a unit or required rounding.",Write the equation or method. | Substitute the values and show working. | Give the final answer with the correct unit or rounding.,9Ja Force Fields PPT Guardians calculation
open-answer-card,derived-y9-260-9i-a-96-kg-person-is-on-a-planet-where-g-14-n-kg-calculate-weight,y9-260-9i-a-96-kg-person-is-on-a-planet-where-g-14-n-kg-calculate-weight,9I,physics,written-main,calculate,2,A 96 kg person is on a planet where g = 14 N/kg. Calculate weight.,"Write the formula or method, substitute values, then give the answer with a unit or required rounding.",Write the equation or method. | Substitute the values and show working. | Give the final answer with the correct unit or rounding.,9Ja Force Fields PPT Guardians calculation
open-answer-card,derived-y9-261-9i-a-person-weighs-1220-n-on-earth-where-g-10-n-kg-calculate-mass,y9-261-9i-a-person-weighs-1220-n-on-earth-where-g-10-n-kg-calculate-mass,9I,physics,written-main,calculate,2,A person weighs 1220 N on Earth where g = 10 N/kg. Calculate mass.,"Write the formula or method, substitute values, then give the answer with a unit or required rounding.",Write the equation or method. | Substitute the values and show working. | Give the final answer with the correct unit or rounding.,9Ja Force Fields PPT Guardians calculation
open-answer-card,derived-y9-262-9j-describe-what-an-electromagnet-is-and-how-its-magnetic-field-is-shaped,y9-262-9j-describe-what-an-electromagnet-is-and-how-its-magnetic-field-is-shaped,9J,physics,written-main,describe,2,Describe what an electromagnet is and how its magnetic field is shaped.,"Say what happens, what changes, or what is shown. Use short linked points and include values or labels if given.","Give one clear feature, step or change. | Add another linked feature, step or comparison. | Use values, labels or context from the question where useful.",9Je Electromagnets PPT
open-answer-card,derived-y9-263-9j-how-can-the-strength-of-an-electromagnet-be-increased,y9-263-9j-how-can-the-strength-of-an-electromagnet-be-increased,9J,physics,written-main,explain,3,How can the strength of an electromagnet be increased?,"Make the point, give the reason, then link it to the result. Use because/so and the key science term.","Make the science point. | Use because/so to link cause and effect. | Add the result, consequence or application.",9Je Electromagnets PPT
open-answer-card,derived-y9-264-9j-explain-how-a-relay-works,y9-264-9j-explain-how-a-relay-works,9J,physics,written-main,explain,3,Explain how a relay works.,"Make the point, give the reason, then link it to the result. Use because/so and the key science term.","Make the science point. | Use because/so to link cause and effect. | Add the result, consequence or application.",9Je Electromagnets PPT / word sheet
open-answer-card,derived-y9-265-9j-describe-the-difference-between-current-and-voltage,y9-265-9j-describe-the-difference-between-current-and-voltage,9J,physics,written-main,describe,2,Describe the difference between current and voltage / potential difference.,"Say what happens, what changes, or what is shown. Use short linked points and include values or labels if given.","Give one clear feature, step or change. | Add another linked feature, step or comparison. | Use values, labels or context from the question where useful.",9Jc Current Electricity PPT
open-answer-card,derived-y9-266-9j-explain-why-plastic-handles-are-safe-on-electrical-wires,y9-266-9j-explain-why-plastic-handles-are-safe-on-electrical-wires,9J,physics,written-main,explain,3,Explain why plastic handles are safe on electrical wires.,"Make the point, give the reason, then link it to the result. Use because/so and the key science term.","Make the science point. | Use because/so to link cause and effect. | Add the result, consequence or application.",9Jd Resistance PPT progress check
open-answer-card,derived-y9-267-9j-describe-how-to-test-whether-resistance-depends-on-wire-length,y9-267-9j-describe-how-to-test-whether-resistance-depends-on-wire-length,9J,physics,written-main,describe,2,Describe how to test whether resistance depends on wire length.,"Say what happens, what changes, or what is shown. Use short linked points and include values or labels if given.","Give one clear feature, step or change. | Add another linked feature, step or comparison. | Use values, labels or context from the question where useful.",9Jd Resistance PPT exam-style question
open-answer-card,derived-y9-268-9j-calculate-weight-mass-34-kg-and-gravitational-field-strength-6-8-n-kg,y9-268-9j-calculate-weight-mass-34-kg-and-gravitational-field-strength-6-8-n-kg,9J,physics,written-main,calculate,2,Calculate weight: mass = 34 kg and gravitational field strength = 6.8 N/kg.,"Write the formula or method, substitute values, then give the answer with a unit or required rounding.",Write the equation or method. | Substitute the values and show working. | Give the final answer with the correct unit or rounding.,9Ja Force Fields PPT Guardians calculation
open-answer-card,derived-y9-269-9j-a-person-has-weight-686-n-and-mass-56-kg-calculate-gravitational-field,y9-269-9j-a-person-has-weight-686-n-and-mass-56-kg-calculate-gravitational-field,9J,physics,written-main,calculate,2,A person has weight 686 N and mass 56 kg. Calculate gravitational field strength.,"Write the formula or method, substitute values, then give the answer with a unit or required rounding.",Write the equation or method. | Substitute the values and show working. | Give the final answer with the correct unit or rounding.,9Ja Force Fields PPT Guardians calculation
open-answer-card,derived-y9-270-9j-a-component-has-voltage-10-v-and-current-0-5-a-calculate-resistance,y9-270-9j-a-component-has-voltage-10-v-and-current-0-5-a-calculate-resistance,9J,physics,written-main,calculate,2,A component has voltage 10 V and current 0.5 A. Calculate resistance.,"Write the formula or method, substitute values, then give the answer with a unit or required rounding.",Write the equation or method. | Substitute the values and show working. | Give the final answer with the correct unit or rounding.,9Jd Resistance PPT modelled answer
open-answer-card,derived-y9-271-9j-a-resistor-has-voltage-6-v-and-current-0-2-a-calculate-resistance,y9-271-9j-a-resistor-has-voltage-6-v-and-current-0-2-a-calculate-resistance,9J,physics,written-main,calculate,2,A resistor has voltage 6 V and current 0.2 A. Calculate resistance.,"Write the formula or method, substitute values, then give the answer with a unit or required rounding.",Write the equation or method. | Substitute the values and show working. | Give the final answer with the correct unit or rounding.,9Jd Resistance formula practice
open-answer-card,derived-y9-272-9i-a-cyclist-travels-12-km-in-0-5-h-calculate-mean-speed,y9-272-9i-a-cyclist-travels-12-km-in-0-5-h-calculate-mean-speed,9I,physics,written-main,calculate,2,A cyclist travels 12 km in 0.5 h. Calculate mean speed.,"Write the formula or method, substitute values, then give the answer with a unit or required rounding.",Write the equation or method. | Substitute the values and show working. | Give the final answer with the correct unit or rounding.,9I speed summary / quick quiz style
open-answer-card,derived-y9-273-9i-a-force-of-40-n-moves-a-box-3-m-calculate-work-done,y9-273-9i-a-force-of-40-n-moves-a-box-3-m-calculate-work-done,9I,physics,written-main,calculate,2,A force of 40 N moves a box 3 m. Calculate work done.,"Write the formula or method, substitute values, then give the answer with a unit or required rounding.",Write the equation or method. | Substitute the values and show working. | Give the final answer with the correct unit or rounding.,9I simple machines / work done
open-answer-card,derived-y9-274-9i-a-5-n-force-acts-0-4-m-from-a-pivot-calculate-the-moment,y9-274-9i-a-5-n-force-acts-0-4-m-from-a-pivot-calculate-the-moment,9I,physics,written-main,calculate,2,A 5 N force acts 0.4 m from a pivot. Calculate the moment.,"Write the formula or method, substitute values, then give the answer with a unit or required rounding.",Write the equation or method. | Substitute the values and show working. | Give the final answer with the correct unit or rounding.,9I moments quick quiz style
open-answer-card,derived-y9x-001-9a-state-what-variation-is,y9x-001-9a-state-what-variation-is,9A,biology,written-recall,state,1,State what variation is.,"Give the exact fact, term, equation or short list. Keep it short and use the science key words.","Find the exact fact the question is asking for. | Write the key word, equation or short list. | Do not add a long explanation unless the question asks for it.",9A assess-yourself success criterion 01
open-answer-card,derived-y9x-002-9a-outline-why-dinosaurs-became-extinct,y9x-002-9a-outline-why-dinosaurs-became-extinct,9A,biology,written-main,explain,3,Outline why dinosaurs became extinct.,"Make the point, give the reason, then link it to the result. Use because/so and the key science term.","Make the science point. | Use because/so to link cause and effect. | Add the result, consequence or application.",9A assess-yourself success criterion 02
open-answer-card,derived-y9x-003-9a-use-evidence-to-explain-how-scientists-can-infer-something-about-triceratops-suc,y9x-003-9a-use-evidence-to-explain-how-scientists-can-infer-something-about-triceratops-suc,9A,biology,written-main,explain,3,"Use evidence to explain how scientists can infer something about Triceratops, such as whether it was prey.","Make the point, give the reason, then link it to the result. Use because/so and the key science term.","Make the science point. | Use because/so to link cause and effect. | Add the result, consequence or application.",9A assess-yourself success criterion 03
open-answer-card,derived-y9x-004-9a-identify-examples-of-environmental-variation,y9x-004-9a-identify-examples-of-environmental-variation,9A,biology,written-main,identify,1,Identify examples of environmental variation.,"Use the labels, diagram or question clue to name the correct item(s). Keep the answer concise.","Look carefully at the label, diagram or clue. | Name the correct item(s), part(s) or feature(s). | Use letters/names clearly if the diagram uses labels.",9A assess-yourself success criterion 04
open-answer-card,derived-y9x-005-9a-identify-examples-of-inherited-variation,y9x-005-9a-identify-examples-of-inherited-variation,9A,biology,written-main,identify,1,Identify examples of inherited variation.,"Use the labels, diagram or question clue to name the correct item(s). Keep the answer concise.","Look carefully at the label, diagram or clue. | Name the correct item(s), part(s) or feature(s). | Use letters/names clearly if the diagram uses labels.",9A assess-yourself success criterion 05
open-answer-card,derived-y9x-006-9a-explain-how-changes-in-an-ecosystem-can-cause-extinction,y9x-006-9a-explain-how-changes-in-an-ecosystem-can-cause-extinction,9A,biology,written-main,explain,3,Explain how changes in an ecosystem can cause extinction.,"Make the point, give the reason, then link it to the result. Use because/so and the key science term.","Make the science point. | Use because/so to link cause and effect. | Add the result, consequence or application.",9A assess-yourself success criterion 06
open-answer-card,derived-y9x-007-9a-identify-adaptations-of-triceratops-that-could-be-labelled-on-a-model,y9x-007-9a-identify-adaptations-of-triceratops-that-could-be-labelled-on-a-model,9A,biology,written-main,identify,1,Identify adaptations of Triceratops that could be labelled on a model.,"Use the labels, diagram or question clue to name the correct item(s). Keep the answer concise.","Look carefully at the label, diagram or clue. | Name the correct item(s), part(s) or feature(s). | Use letters/names clearly if the diagram uses labels.",9A assess-yourself success criterion 07
open-answer-card,derived-y9x-008-9a-explain-how-environmental-variation-is-caused,y9x-008-9a-explain-how-environmental-variation-is-caused,9A,biology,written-main,explain,3,Explain how environmental variation is caused.,"Make the point, give the reason, then link it to the result. Use because/so and the key science term.","Make the science point. | Use because/so to link cause and effect. | Add the result, consequence or application.",9A assess-yourself success criterion 08
open-answer-card,derived-y9x-009-9a-outline-how-some-variation-is-inherited-from-parents,y9x-009-9a-outline-how-some-variation-is-inherited-from-parents,9A,biology,written-main,describe,2,Outline how some variation is inherited from parents.,"Say what happens, what changes, or what is shown. Use short linked points and include values or labels if given.","Give one clear feature, step or change. | Add another linked feature, step or comparison. | Use values, labels or context from the question where useful.",9A assess-yourself success criterion 09
open-answer-card,derived-y9x-010-9a-explain-how-triceratops-adaptations-helped-survival,y9x-010-9a-explain-how-triceratops-adaptations-helped-survival,9A,biology,written-main,explain,3,Explain how Triceratops adaptations helped survival.,"Make the point, give the reason, then link it to the result. Use because/so and the key science term.","Make the science point. | Use because/so to link cause and effect. | Add the result, consequence or application.",9A assess-yourself success criterion 10
open-answer-card,derived-y9x-011-9a-identify-and-explain-triceratops-adaptations-beyond-the-obvious-labels,y9x-011-9a-identify-and-explain-triceratops-adaptations-beyond-the-obvious-labels,9A,biology,written-main,explain,3,Identify and explain Triceratops adaptations beyond the obvious labels.,"Make the point, give the reason, then link it to the result. Use because/so and the key science term.","Make the science point. | Use because/so to link cause and effect. | Add the result, consequence or application.",9A assess-yourself success criterion 11
open-answer-card,derived-y9x-012-9a-describe-the-relationship-between-cells-nuclei-chromosomes-genes-dna-and-genetic,y9x-012-9a-describe-the-relationship-between-cells-nuclei-chromosomes-genes-dna-and-genetic,9A,biology,written-main,describe,2,"Describe the relationship between cells, nuclei, chromosomes, genes, DNA and genetic information.","Say what happens, what changes, or what is shown. Use short linked points and include values or labels if given.","Give one clear feature, step or change. | Add another linked feature, step or comparison. | Use values, labels or context from the question where useful.",9A assess-yourself success criterion 12
open-answer-card,derived-y9x-013-9a-describe-how-variation-in-adaptations-affects-survival-within-a-species,y9x-013-9a-describe-how-variation-in-adaptations-affects-survival-within-a-species,9A,biology,written-main,describe,2,Describe how variation in adaptations affects survival within a species.,"Say what happens, what changes, or what is shown. Use short linked points and include values or labels if given.","Give one clear feature, step or change. | Add another linked feature, step or comparison. | Use values, labels or context from the question where useful.",9A assess-yourself success criterion 13
open-answer-card,derived-y9x-014-9a-state-what-evolution-is,y9x-014-9a-state-what-evolution-is,9A,biology,written-recall,state,1,State what evolution is.,"Give the exact fact, term, equation or short list. Keep it short and use the science key words.","Find the exact fact the question is asking for. | Write the key word, equation or short list. | Do not add a long explanation unless the question asks for it.",9A assess-yourself success criterion 14
open-answer-card,derived-y9x-015-9a-explain-how-natural-selection-works,y9x-015-9a-explain-how-natural-selection-works,9A,biology,written-main,explain,3,Explain how natural selection works.,"Make the point, give the reason, then link it to the result. Use because/so and the key science term.","Make the science point. | Use because/so to link cause and effect. | Add the result, consequence or application.",9A assess-yourself success criterion 15
open-answer-card,derived-y9x-016-9b-name-some-common-crop-plants,y9x-016-9b-name-some-common-crop-plants,9B,biology,written-recall,state,1,Name some common crop plants.,"Give the exact fact, term, equation or short list. Keep it short and use the science key words.","Find the exact fact the question is asking for. | Write the key word, equation or short list. | Do not add a long explanation unless the question asks for it.",9B assess-yourself success criterion 01
open-answer-card,derived-y9x-017-9b-explain-why-it-is-important-to-look-after-crop-plants,y9x-017-9b-explain-why-it-is-important-to-look-after-crop-plants,9B,biology,written-main,explain,3,Explain why it is important to look after crop plants.,"Make the point, give the reason, then link it to the result. Use because/so and the key science term.","Make the science point. | Use because/so to link cause and effect. | Add the result, consequence or application.",9B assess-yourself success criterion 02
open-answer-card,derived-y9x-018-9b-state-that-plants-make-their-own-food,y9x-018-9b-state-that-plants-make-their-own-food,9B,biology,written-recall,state,1,State that plants make their own food.,"Give the exact fact, term, equation or short list. Keep it short and use the science key words.","Find the exact fact the question is asking for. | Write the key word, equation or short list. | Do not add a long explanation unless the question asks for it.",9B assess-yourself success criterion 03
open-answer-card,derived-y9x-019-9b-recall-the-resources-plants-need-to-grow-well,y9x-019-9b-recall-the-resources-plants-need-to-grow-well,9B,biology,written-recall,state,1,Recall the resources plants need to grow well.,"Give the exact fact, term, equation or short list. Keep it short and use the science key words.","Find the exact fact the question is asking for. | Write the key word, equation or short list. | Do not add a long explanation unless the question asks for it.",9B assess-yourself success criterion 04
open-answer-card,derived-y9x-020-9b-list-chemical-substances-farmers-may-apply-to-crops,y9x-020-9b-list-chemical-substances-farmers-may-apply-to-crops,9B,biology,written-recall,state,1,List chemical substances farmers may apply to crops.,"Give the exact fact, term, equation or short list. Keep it short and use the science key words.","Find the exact fact the question is asking for. | Write the key word, equation or short list. | Do not add a long explanation unless the question asks for it.",9B assess-yourself success criterion 05
open-answer-card,derived-y9x-021-9b-describe-photosynthesis-in-terms-of-reactants-products-and-energy-source,y9x-021-9b-describe-photosynthesis-in-terms-of-reactants-products-and-energy-source,9B,biology,written-main,describe,2,"Describe photosynthesis in terms of reactants, products and energy source.","Say what happens, what changes, or what is shown. Use short linked points and include values or labels if given.","Give one clear feature, step or change. | Add another linked feature, step or comparison. | Use values, labels or context from the question where useful.",9B assess-yourself success criterion 06
open-answer-card,derived-y9x-022-9b-explain-how-leaves-roots-and-stems-help-photosynthesis,y9x-022-9b-explain-how-leaves-roots-and-stems-help-photosynthesis,9B,biology,written-main,explain,3,"Explain how leaves, roots and stems help photosynthesis.","Make the point, give the reason, then link it to the result. Use because/so and the key science term.","Make the science point. | Use because/so to link cause and effect. | Add the result, consequence or application.",9B assess-yourself success criterion 07
open-answer-card,derived-y9x-023-9b-explain-why-insecticides-and-fungicides-are-used-on-crop-plants,y9x-023-9b-explain-why-insecticides-and-fungicides-are-used-on-crop-plants,9B,biology,written-main,explain,3,Explain why insecticides and fungicides are used on crop plants.,"Make the point, give the reason, then link it to the result. Use because/so and the key science term.","Make the science point. | Use because/so to link cause and effect. | Add the result, consequence or application.",9B assess-yourself success criterion 08
open-answer-card,derived-y9x-024-9b-explain-why-herbicides-or-weedkillers-are-used-on-crop-plants,y9x-024-9b-explain-why-herbicides-or-weedkillers-are-used-on-crop-plants,9B,biology,written-main,explain,3,Explain why herbicides or weedkillers are used on crop plants.,"Make the point, give the reason, then link it to the result. Use because/so and the key science term.","Make the science point. | Use because/so to link cause and effect. | Add the result, consequence or application.",9B assess-yourself success criterion 09
open-answer-card,derived-y9x-025-9b-explain-how-fertilisers-help-crop-plants-grow-well,y9x-025-9b-explain-how-fertilisers-help-crop-plants-grow-well,9B,biology,written-main,explain,3,Explain how fertilisers help crop plants grow well.,"Make the point, give the reason, then link it to the result. Use because/so and the key science term.","Make the science point. | Use because/so to link cause and effect. | Add the result, consequence or application.",9B assess-yourself success criterion 10
open-answer-card,derived-y9x-026-9b-use-word-equations-for-photosynthesis-and-aerobic-respiration,y9x-026-9b-use-word-equations-for-photosynthesis-and-aerobic-respiration,9B,biology,written-main,state,2,Use word equations for photosynthesis and aerobic respiration.,"Give the exact fact, term, equation or short list. Keep it short and use the science key words.","Find the exact fact the question is asking for. | Write the key word, equation or short list. | Do not add a long explanation unless the question asks for it.",9B assess-yourself success criterion 11
open-answer-card,derived-y9x-027-9b-explain-what-happens-when-plants-lack-water-or-mineral-salts,y9x-027-9b-explain-what-happens-when-plants-lack-water-or-mineral-salts,9B,biology,written-main,explain,3,Explain what happens when plants lack water or mineral salts.,"Make the point, give the reason, then link it to the result. Use because/so and the key science term.","Make the science point. | Use because/so to link cause and effect. | Add the result, consequence or application.",9B assess-yourself success criterion 12
open-answer-card,derived-y9x-028-9b-describe-substances-made-in-plants-and-their-uses,y9x-028-9b-describe-substances-made-in-plants-and-their-uses,9B,biology,written-main,describe,2,Describe substances made in plants and their uses.,"Say what happens, what changes, or what is shown. Use short linked points and include values or labels if given.","Give one clear feature, step or change. | Add another linked feature, step or comparison. | Use values, labels or context from the question where useful.",9B assess-yourself success criterion 13
open-answer-card,derived-y9x-029-9b-explain-that-chlorophyll-traps-energy-transferred-by-light,y9x-029-9b-explain-that-chlorophyll-traps-energy-transferred-by-light,9B,biology,written-main,explain,3,Explain that chlorophyll traps energy transferred by light.,"Make the point, give the reason, then link it to the result. Use because/so and the key science term.","Make the science point. | Use because/so to link cause and effect. | Add the result, consequence or application.",9B assess-yourself success criterion 14
open-answer-card,derived-y9x-030-9b-explain-how-farming-can-change-the-carbon-cycle,y9x-030-9b-explain-how-farming-can-change-the-carbon-cycle,9B,biology,written-main,explain,3,Explain how farming can change the carbon cycle.,"Make the point, give the reason, then link it to the result. Use because/so and the key science term.","Make the science point. | Use because/so to link cause and effect. | Add the result, consequence or application.",9B assess-yourself success criterion 15
open-answer-card,derived-y9x-031-9b-explain-problems-caused-by-fertilisers-including-effects-on-fish-in-lakes,y9x-031-9b-explain-problems-caused-by-fertilisers-including-effects-on-fish-in-lakes,9B,biology,written-main,explain,3,"Explain problems caused by fertilisers, including effects on fish in lakes.","Make the point, give the reason, then link it to the result. Use because/so and the key science term.","Make the science point. | Use because/so to link cause and effect. | Add the result, consequence or application.",9B assess-yourself success criterion 16
open-answer-card,derived-y9x-032-9b-explain-problems-caused-by-pesticides-including-persistent-insecticides,y9x-032-9b-explain-problems-caused-by-pesticides-including-persistent-insecticides,9B,biology,written-main,explain,3,"Explain problems caused by pesticides, including persistent insecticides.","Make the point, give the reason, then link it to the result. Use because/so and the key science term.","Make the science point. | Use because/so to link cause and effect. | Add the result, consequence or application.",9B assess-yourself success criterion 17
open-answer-card,derived-y9x-033-9b-describe-how-limiting-factors-stop-photosynthesis-rate-increasing,y9x-033-9b-describe-how-limiting-factors-stop-photosynthesis-rate-increasing,9B,biology,written-main,describe,2,Describe how limiting factors stop photosynthesis rate increasing.,"Say what happens, what changes, or what is shown. Use short linked points and include values or labels if given.","Give one clear feature, step or change. | Add another linked feature, step or comparison. | Use values, labels or context from the question where useful.",9B assess-yourself success criterion 18
open-answer-card,derived-y9x-034-9e-name-common-conductors-and-insulators,y9x-034-9e-name-common-conductors-and-insulators,9E,chemistry,written-recall,state,1,Name common conductors and insulators.,"Give the exact fact, term, equation or short list. Keep it short and use the science key words.","Find the exact fact the question is asking for. | Write the key word, equation or short list. | Do not add a long explanation unless the question asks for it.",9E assess-yourself success criterion 01
open-answer-card,derived-y9x-035-9e-explain-what-a-landfill-site-is-and-why-it-can-cause-problems,y9x-035-9e-explain-what-a-landfill-site-is-and-why-it-can-cause-problems,9E,chemistry,written-main,explain,3,Explain what a landfill site is and why it can cause problems.,"Make the point, give the reason, then link it to the result. Use because/so and the key science term.","Make the science point. | Use because/so to link cause and effect. | Add the result, consequence or application.",9E assess-yourself success criterion 02
open-answer-card,derived-y9x-036-9e-name-examples-of-ceramic-polymer-and-composite-materials,y9x-036-9e-name-examples-of-ceramic-polymer-and-composite-materials,9E,chemistry,written-recall,state,1,"Name examples of ceramic, polymer and composite materials.","Give the exact fact, term, equation or short list. Keep it short and use the science key words.","Find the exact fact the question is asking for. | Write the key word, equation or short list. | Do not add a long explanation unless the question asks for it.",9E assess-yourself success criterion 03
open-answer-card,derived-y9x-037-9e-name-the-main-source-of-raw-materials-for-making-polymers,y9x-037-9e-name-the-main-source-of-raw-materials-for-making-polymers,9E,chemistry,written-recall,state,1,Name the main source of raw materials for making polymers.,"Give the exact fact, term, equation or short list. Keep it short and use the science key words.","Find the exact fact the question is asking for. | Write the key word, equation or short list. | Do not add a long explanation unless the question asks for it.",9E assess-yourself success criterion 04
open-answer-card,derived-y9x-038-9e-describe-the-difference-between-biodegradable-and-non-biodegradable-polymers,y9x-038-9e-describe-the-difference-between-biodegradable-and-non-biodegradable-polymers,9E,chemistry,written-main,describe,2,Describe the difference between biodegradable and non-biodegradable polymers.,"Say what happens, what changes, or what is shown. Use short linked points and include values or labels if given.","Give one clear feature, step or change. | Add another linked feature, step or comparison. | Use values, labels or context from the question where useful.",9E assess-yourself success criterion 05
open-answer-card,derived-y9x-039-9e-describe-pollution-problems-caused-by-burning-fossil-fuels,y9x-039-9e-describe-pollution-problems-caused-by-burning-fossil-fuels,9E,chemistry,written-main,describe,2,Describe pollution problems caused by burning fossil fuels.,"Say what happens, what changes, or what is shown. Use short linked points and include values or labels if given.","Give one clear feature, step or change. | Add another linked feature, step or comparison. | Use values, labels or context from the question where useful.",9E assess-yourself success criterion 06
open-answer-card,derived-y9x-040-9e-describe-what-a-composite-material-is,y9x-040-9e-describe-what-a-composite-material-is,9E,chemistry,written-main,describe,2,Describe what a composite material is.,"Say what happens, what changes, or what is shown. Use short linked points and include values or labels if given.","Give one clear feature, step or change. | Add another linked feature, step or comparison. | Use values, labels or context from the question where useful.",9E assess-yourself success criterion 07
open-answer-card,derived-y9x-041-9e-describe-problems-caused-by-disposal-of-artificial-polymers,y9x-041-9e-describe-problems-caused-by-disposal-of-artificial-polymers,9E,chemistry,written-main,describe,2,Describe problems caused by disposal of artificial polymers.,"Say what happens, what changes, or what is shown. Use short linked points and include values or labels if given.","Give one clear feature, step or change. | Add another linked feature, step or comparison. | Use values, labels or context from the question where useful.",9E assess-yourself success criterion 08
open-answer-card,derived-y9x-042-9e-explain-the-causes-and-problems-of-acid-rain-and-the-greenhouse-effect,y9x-042-9e-explain-the-causes-and-problems-of-acid-rain-and-the-greenhouse-effect,9E,chemistry,written-main,explain,3,Explain the causes and problems of acid rain and the greenhouse effect.,"Make the point, give the reason, then link it to the result. Use because/so and the key science term.","Make the science point. | Use because/so to link cause and effect. | Add the result, consequence or application.",9E assess-yourself success criterion 09
open-answer-card,derived-y9x-043-9e-link-uses-of-ceramics-polymers-and-composites-to-their-properties,y9x-043-9e-link-uses-of-ceramics-polymers-and-composites-to-their-properties,9E,chemistry,written-main,describe,3,"Link uses of ceramics, polymers and composites to their properties.","Say what happens, what changes, or what is shown. Use short linked points and include values or labels if given.","Give one clear feature, step or change. | Add another linked feature, step or comparison. | Use values, labels or context from the question where useful.",9E assess-yourself success criterion 10
open-answer-card,derived-y9x-044-9e-describe-how-polymers-are-formed-from-monomers,y9x-044-9e-describe-how-polymers-are-formed-from-monomers,9E,chemistry,written-main,describe,2,Describe how polymers are formed from monomers.,"Say what happens, what changes, or what is shown. Use short linked points and include values or labels if given.","Give one clear feature, step or change. | Add another linked feature, step or comparison. | Use values, labels or context from the question where useful.",9E assess-yourself success criterion 11
open-answer-card,derived-y9x-045-9e-identify-thermal-decomposition-reactions,y9x-045-9e-identify-thermal-decomposition-reactions,9E,chemistry,written-main,identify,1,Identify thermal decomposition reactions.,"Use the labels, diagram or question clue to name the correct item(s). Keep the answer concise.","Look carefully at the label, diagram or clue. | Name the correct item(s), part(s) or feature(s). | Use letters/names clearly if the diagram uses labels.",9E assess-yourself success criterion 12
open-answer-card,derived-y9x-046-9e-explain-advantages-of-recycling-with-specific-examples,y9x-046-9e-explain-advantages-of-recycling-with-specific-examples,9E,chemistry,written-main,explain,3,Explain advantages of recycling with specific examples.,"Make the point, give the reason, then link it to the result. Use because/so and the key science term.","Make the science point. | Use because/so to link cause and effect. | Add the result, consequence or application.",9E assess-yourself success criterion 13
open-answer-card,derived-y9x-047-9e-justify-using-a-ceramic-polymer-or-composite-for-a-particular-use,y9x-047-9e-justify-using-a-ceramic-polymer-or-composite-for-a-particular-use,9E,chemistry,written-main,explain,2,"Justify using a ceramic, polymer or composite for a particular use.","Make the point, give the reason, then link it to the result. Use because/so and the key science term.","Make the science point. | Use because/so to link cause and effect. | Add the result, consequence or application.",9E assess-yourself success criterion 14
open-answer-card,derived-y9x-048-9e-explain-how-crystal-size-depends-on-cooling-speed,y9x-048-9e-explain-how-crystal-size-depends-on-cooling-speed,9E,chemistry,written-main,explain,3,Explain how crystal size depends on cooling speed.,"Make the point, give the reason, then link it to the result. Use because/so and the key science term.","Make the science point. | Use because/so to link cause and effect. | Add the result, consequence or application.",9E assess-yourself success criterion 15
open-answer-card,derived-y9x-049-9e-explain-how-properties-of-a-material-depend-on-bonding-and-structure,y9x-049-9e-explain-how-properties-of-a-material-depend-on-bonding-and-structure,9E,chemistry,written-main,explain,3,Explain how properties of a material depend on bonding and structure.,"Make the point, give the reason, then link it to the result. Use because/so and the key science term.","Make the science point. | Use because/so to link cause and effect. | Add the result, consequence or application.",9E assess-yourself success criterion 16
open-answer-card,derived-y9x-050-9e-classify-exothermic-and-endothermic-reactions-by-temperature-change-and-energy-t,y9x-050-9e-classify-exothermic-and-endothermic-reactions-by-temperature-change-and-energy-t,9E,chemistry,written-main,identify,2,Classify exothermic and endothermic reactions by temperature change and energy transfer.,"Use the labels, diagram or question clue to name the correct item(s). Keep the answer concise.","Look carefully at the label, diagram or clue. | Name the correct item(s), part(s) or feature(s). | Use letters/names clearly if the diagram uses labels.",9E assess-yourself success criterion 17
open-answer-card,derived-y9x-051-9e-explain-biomagnification-of-toxins-through-food-chains,y9x-051-9e-explain-biomagnification-of-toxins-through-food-chains,9E,chemistry,written-main,explain,3,Explain biomagnification of toxins through food chains.,"Make the point, give the reason, then link it to the result. Use because/so and the key science term.","Make the science point. | Use because/so to link cause and effect. | Add the result, consequence or application.",9E assess-yourself success criterion 18
open-answer-card,derived-y9x-052-9e-suggest-ways-to-reduce-global-warming-and-acid-rain-impacts,y9x-052-9e-suggest-ways-to-reduce-global-warming-and-acid-rain-impacts,9E,chemistry,written-main,explain,3,Suggest ways to reduce global warming and acid rain impacts.,"Make the point, give the reason, then link it to the result. Use because/so and the key science term.","Make the science point. | Use because/so to link cause and effect. | Add the result, consequence or application.",9E assess-yourself success criterion 19
open-answer-card,derived-y9x-053-9f-describe-what-causes-rusting,y9x-053-9f-describe-what-causes-rusting,9F,chemistry,written-main,describe,2,Describe what causes rusting.,"Say what happens, what changes, or what is shown. Use short linked points and include values or labels if given.","Give one clear feature, step or change. | Add another linked feature, step or comparison. | Use values, labels or context from the question where useful.",9F assess-yourself success criterion 01
open-answer-card,derived-y9x-054-9f-describe-one-simple-method-of-preventing-rusting,y9x-054-9f-describe-one-simple-method-of-preventing-rusting,9F,chemistry,written-main,describe,2,Describe one simple method of preventing rusting.,"Say what happens, what changes, or what is shown. Use short linked points and include values or labels if given.","Give one clear feature, step or change. | Add another linked feature, step or comparison. | Use values, labels or context from the question where useful.",9F assess-yourself success criterion 02
open-answer-card,derived-y9x-055-9f-explain-why-rusting-is-a-problem,y9x-055-9f-explain-why-rusting-is-a-problem,9F,chemistry,written-main,explain,3,Explain why rusting is a problem.,"Make the point, give the reason, then link it to the result. Use because/so and the key science term.","Make the science point. | Use because/so to link cause and effect. | Add the result, consequence or application.",9F assess-yourself success criterion 03
open-answer-card,derived-y9x-056-9f-use-scientific-words-to-explain-how-iron-rusts,y9x-056-9f-use-scientific-words-to-explain-how-iron-rusts,9F,chemistry,written-main,explain,3,Use scientific words to explain how iron rusts.,"Make the point, give the reason, then link it to the result. Use because/so and the key science term.","Make the science point. | Use because/so to link cause and effect. | Add the result, consequence or application.",9F assess-yourself success criterion 04
open-answer-card,derived-y9x-057-9f-explain-why-iron-or-steel-is-used-for-a-purpose-because-of-its-properties,y9x-057-9f-explain-why-iron-or-steel-is-used-for-a-purpose-because-of-its-properties,9F,chemistry,written-main,explain,3,Explain why iron or steel is used for a purpose because of its properties.,"Make the point, give the reason, then link it to the result. Use because/so and the key science term.","Make the science point. | Use because/so to link cause and effect. | Add the result, consequence or application.",9F assess-yourself success criterion 05
open-answer-card,derived-y9x-058-9f-describe-how-iron-ore-is-obtained-from-mining,y9x-058-9f-describe-how-iron-ore-is-obtained-from-mining,9F,chemistry,written-main,describe,2,Describe how iron ore is obtained from mining.,"Say what happens, what changes, or what is shown. Use short linked points and include values or labels if given.","Give one clear feature, step or change. | Add another linked feature, step or comparison. | Use values, labels or context from the question where useful.",9F assess-yourself success criterion 06
open-answer-card,derived-y9x-059-9f-use-word-equations-to-describe-reactions,y9x-059-9f-use-word-equations-to-describe-reactions,9F,chemistry,written-main,describe,2,Use word equations to describe reactions.,"Say what happens, what changes, or what is shown. Use short linked points and include values or labels if given.","Give one clear feature, step or change. | Add another linked feature, step or comparison. | Use values, labels or context from the question where useful.",9F assess-yourself success criterion 07
open-answer-card,derived-y9x-060-9f-describe-the-reactivity-series-and-the-position-of-iron,y9x-060-9f-describe-the-reactivity-series-and-the-position-of-iron,9F,chemistry,written-main,describe,2,Describe the reactivity series and the position of iron.,"Say what happens, what changes, or what is shown. Use short linked points and include values or labels if given.","Give one clear feature, step or change. | Add another linked feature, step or comparison. | Use values, labels or context from the question where useful.",9F assess-yourself success criterion 08
open-answer-card,derived-y9x-061-9f-explain-how-metal-reactivity-determines-extraction-method,y9x-061-9f-explain-how-metal-reactivity-determines-extraction-method,9F,chemistry,written-main,explain,3,Explain how metal reactivity determines extraction method.,"Make the point, give the reason, then link it to the result. Use because/so and the key science term.","Make the science point. | Use because/so to link cause and effect. | Add the result, consequence or application.",9F assess-yourself success criterion 09
open-answer-card,derived-y9x-062-9f-explain-why-energy-needs-and-cost-matter-when-selecting-extraction-methods,y9x-062-9f-explain-why-energy-needs-and-cost-matter-when-selecting-extraction-methods,9F,chemistry,written-main,explain,3,Explain why energy needs and cost matter when selecting extraction methods.,"Make the point, give the reason, then link it to the result. Use because/so and the key science term.","Make the science point. | Use because/so to link cause and effect. | Add the result, consequence or application.",9F assess-yourself success criterion 10
open-answer-card,derived-y9x-063-9f-describe-sacrificial-protection-for-preventing-rusting,y9x-063-9f-describe-sacrificial-protection-for-preventing-rusting,9F,chemistry,written-main,describe,2,Describe sacrificial protection for preventing rusting.,"Say what happens, what changes, or what is shown. Use short linked points and include values or labels if given.","Give one clear feature, step or change. | Add another linked feature, step or comparison. | Use values, labels or context from the question where useful.",9F assess-yourself success criterion 11
open-answer-card,derived-y9x-064-9f-explain-how-sacrificial-protection-prevents-rusting-and-link-this-to-the-reactiv,y9x-064-9f-explain-how-sacrificial-protection-prevents-rusting-and-link-this-to-the-reactiv,9F,chemistry,written-main,explain,3,Explain how sacrificial protection prevents rusting and link this to the reactivity series.,"Make the point, give the reason, then link it to the result. Use because/so and the key science term.","Make the science point. | Use because/so to link cause and effect. | Add the result, consequence or application.",9F assess-yourself success criterion 12
open-answer-card,derived-y9x-065-9f-explain-why-certain-metals-are-used-for-sacrificial-protection,y9x-065-9f-explain-why-certain-metals-are-used-for-sacrificial-protection,9F,chemistry,written-main,explain,3,Explain why certain metals are used for sacrificial protection.,"Make the point, give the reason, then link it to the result. Use because/so and the key science term.","Make the science point. | Use because/so to link cause and effect. | Add the result, consequence or application.",9F assess-yourself success criterion 13
open-answer-card,derived-y9x-066-9f-explain-other-reactions-taking-place-in-a-blast-furnace,y9x-066-9f-explain-other-reactions-taking-place-in-a-blast-furnace,9F,chemistry,written-main,explain,3,Explain other reactions taking place in a blast furnace.,"Make the point, give the reason, then link it to the result. Use because/so and the key science term.","Make the science point. | Use because/so to link cause and effect. | Add the result, consequence or application.",9F assess-yourself success criterion 14
open-answer-card,derived-y9x-067-9f-use-balanced-equations-to-represent-reactions,y9x-067-9f-use-balanced-equations-to-represent-reactions,9F,chemistry,written-main,explain,2,Use balanced equations to represent reactions.,"Make the point, give the reason, then link it to the result. Use because/so and the key science term.","Make the science point. | Use because/so to link cause and effect. | Add the result, consequence or application.",9F assess-yourself success criterion 15
open-answer-card,derived-y9x-068-9f-describe-the-formation-of-stainless-steel,y9x-068-9f-describe-the-formation-of-stainless-steel,9F,chemistry,written-main,describe,2,Describe the formation of stainless steel.,"Say what happens, what changes, or what is shown. Use short linked points and include values or labels if given.","Give one clear feature, step or change. | Add another linked feature, step or comparison. | Use values, labels or context from the question where useful.",9F assess-yourself success criterion 16
open-answer-card,derived-y9x-069-9i-recall-units-for-speed-and-explain-what-speed-means,y9x-069-9i-recall-units-for-speed-and-explain-what-speed-means,9I,physics,written-main,explain,3,Recall units for speed and explain what speed means.,"Make the point, give the reason, then link it to the result. Use because/so and the key science term.","Make the science point. | Use because/so to link cause and effect. | Add the result, consequence or application.",9I assess-yourself success criterion 01
open-answer-card,derived-y9x-070-9i-explain-how-distance-and-time-affect-speed,y9x-070-9i-explain-how-distance-and-time-affect-speed,9I,physics,written-main,explain,3,Explain how distance and time affect speed.,"Make the point, give the reason, then link it to the result. Use because/so and the key science term.","Make the science point. | Use because/so to link cause and effect. | Add the result, consequence or application.",9I assess-yourself success criterion 02
open-answer-card,derived-y9x-071-9i-use-the-formula-relating-speed-distance-and-time,y9x-071-9i-use-the-formula-relating-speed-distance-and-time,9I,physics,written-main,calculate,2,"Use the formula relating speed, distance and time.","Write the formula or method, substitute values, then give the answer with a unit or required rounding.",Write the equation or method. | Substitute the values and show working. | Give the final answer with the correct unit or rounding.,9I assess-yourself success criterion 03
open-answer-card,derived-y9x-072-9i-describe-levers-ramps-and-pulleys-and-how-they-help-move-loads,y9x-072-9i-describe-levers-ramps-and-pulleys-and-how-they-help-move-loads,9I,physics,written-main,describe,2,"Describe levers, ramps and pulleys and how they help move loads.","Say what happens, what changes, or what is shown. Use short linked points and include values or labels if given.","Give one clear feature, step or change. | Add another linked feature, step or comparison. | Use values, labels or context from the question where useful.",9I assess-yourself success criterion 04
open-answer-card,derived-y9x-073-9i-explain-how-levers-ramps-or-pulleys-could-raise-or-lift-stones,y9x-073-9i-explain-how-levers-ramps-or-pulleys-could-raise-or-lift-stones,9I,physics,written-main,explain,3,"Explain how levers, ramps or pulleys could raise or lift stones.","Make the point, give the reason, then link it to the result. Use because/so and the key science term.","Make the science point. | Use because/so to link cause and effect. | Add the result, consequence or application.",9I assess-yourself success criterion 05
open-answer-card,derived-y9x-074-9i-state-what-a-moment-is-and-when-something-balances,y9x-074-9i-state-what-a-moment-is-and-when-something-balances,9I,physics,written-recall,state,1,State what a moment is and when something balances.,"Give the exact fact, term, equation or short list. Keep it short and use the science key words.","Find the exact fact the question is asking for. | Write the key word, equation or short list. | Do not add a long explanation unless the question asks for it.",9I assess-yourself success criterion 06
open-answer-card,derived-y9x-075-9i-explain-why-simple-machines-do-not-mean-less-energy-is-needed,y9x-075-9i-explain-why-simple-machines-do-not-mean-less-energy-is-needed,9I,physics,written-main,explain,3,Explain why simple machines do not mean less energy is needed.,"Make the point, give the reason, then link it to the result. Use because/so and the key science term.","Make the science point. | Use because/so to link cause and effect. | Add the result, consequence or application.",9I assess-yourself success criterion 07
open-answer-card,derived-y9x-076-9i-represent-part-of-a-journey-on-a-distance-time-graph,y9x-076-9i-represent-part-of-a-journey-on-a-distance-time-graph,9I,physics,written-main,graph,3,Represent part of a journey on a distance-time graph.,"Read the axes and scale first. Use values where useful, then describe or draw the trend/relationship.","Check the x-axis, y-axis and scale. | Use values, gradients or line shape where useful. | Describe the trend or draw/plot the requested relationship.",9I assess-yourself success criterion 08
open-answer-card,derived-y9x-077-9i-use-the-formula-for-moment-force-and-perpendicular-distance,y9x-077-9i-use-the-formula-for-moment-force-and-perpendicular-distance,9I,physics,written-main,calculate,2,"Use the formula for moment, force and perpendicular distance.","Write the formula or method, substitute values, then give the answer with a unit or required rounding.",Write the equation or method. | Substitute the values and show working. | Give the final answer with the correct unit or rounding.,9I assess-yourself success criterion 09
open-answer-card,derived-y9x-078-9i-explain-the-effect-of-friction-on-force-needed-to-move-a-load,y9x-078-9i-explain-the-effect-of-friction-on-force-needed-to-move-a-load,9I,physics,written-main,explain,3,Explain the effect of friction on force needed to move a load.,"Make the point, give the reason, then link it to the result. Use because/so and the key science term.","Make the science point. | Use because/so to link cause and effect. | Add the result, consequence or application.",9I assess-yourself success criterion 10
open-answer-card,derived-y9x-079-9i-explain-why-friction-usually-means-more-energy-is-needed-with-a-simple-machine,y9x-079-9i-explain-why-friction-usually-means-more-energy-is-needed-with-a-simple-machine,9I,physics,written-main,explain,3,Explain why friction usually means more energy is needed with a simple machine.,"Make the point, give the reason, then link it to the result. Use because/so and the key science term.","Make the science point. | Use because/so to link cause and effect. | Add the result, consequence or application.",9I assess-yourself success criterion 11
open-answer-card,derived-y9x-080-9i-explain-how-ramp-angle-affects-friction-and-required-force-using-force-component,y9x-080-9i-explain-how-ramp-angle-affects-friction-and-required-force-using-force-component,9I,physics,written-main,explain,3,Explain how ramp angle affects friction and required force using force components.,"Make the point, give the reason, then link it to the result. Use because/so and the key science term.","Make the science point. | Use because/so to link cause and effect. | Add the result, consequence or application.",9I assess-yourself success criterion 12
open-answer-card,derived-y9x-081-9b-describe-what-gas-exchange-is-and-why-it-needs-to-occur-in-plants,y9x-081-9b-describe-what-gas-exchange-is-and-why-it-needs-to-occur-in-plants,9B,biology,written-main,explain,3,Describe what gas exchange is and why it needs to occur in plants.,"Make the point, give the reason, then link it to the result. Use because/so and the key science term.","Make the science point. | Use because/so to link cause and effect. | Add the result, consequence or application.",9B Plant Growth PPT slide 48 progress check
open-answer-card,derived-y9x-082-9b-describe-how-a-leaf-is-adapted-so-palisade-cells-get-the-resources-they-need,y9x-082-9b-describe-how-a-leaf-is-adapted-so-palisade-cells-get-the-resources-they-need,9B,biology,written-main,describe,2,Describe how a leaf is adapted so palisade cells get the resources they need.,"Say what happens, what changes, or what is shown. Use short linked points and include values or labels if given.","Give one clear feature, step or change. | Add another linked feature, step or comparison. | Use values, labels or context from the question where useful.",9B Plant Growth PPT slide 48 progress check
open-answer-card,derived-y9x-083-9b-describe-why-starch-in-chloroplasts-is-broken-down,y9x-083-9b-describe-why-starch-in-chloroplasts-is-broken-down,9B,biology,written-main,explain,3,Describe why starch in chloroplasts is broken down.,"Make the point, give the reason, then link it to the result. Use because/so and the key science term.","Make the science point. | Use because/so to link cause and effect. | Add the result, consequence or application.",9B Plant Growth PPT slide 62 progress check
open-answer-card,derived-y9x-084-9b-suggest-when-starch-is-broken-down-in-chloroplasts-and-explain-why,y9x-084-9b-suggest-when-starch-is-broken-down-in-chloroplasts-and-explain-why,9B,biology,written-main,explain,3,Suggest when starch is broken down in chloroplasts and explain why.,"Make the point, give the reason, then link it to the result. Use because/so and the key science term.","Make the science point. | Use because/so to link cause and effect. | Add the result, consequence or application.",9B Plant Growth PPT slide 62 progress check
open-answer-card,derived-y9x-085-9b-explain-why-plants-do-not-grow-well-if-the-soil-lacks-nitrates,y9x-085-9b-explain-why-plants-do-not-grow-well-if-the-soil-lacks-nitrates,9B,biology,written-main,explain,3,Explain why plants do not grow well if the soil lacks nitrates.,"Make the point, give the reason, then link it to the result. Use because/so and the key science term.","Make the science point. | Use because/so to link cause and effect. | Add the result, consequence or application.",9B Plant Growth PPT slide 65 extending
open-answer-card,derived-y9x-086-9b-put-the-main-stages-of-germination-into-a-logical-order,y9x-086-9b-put-the-main-stages-of-germination-into-a-logical-order,9B,biology,written-main,describe,3,Put the main stages of germination into a logical order.,"Say what happens, what changes, or what is shown. Use short linked points and include values or labels if given.","Give one clear feature, step or change. | Add another linked feature, step or comparison. | Use values, labels or context from the question where useful.",9B Plant Growth PPT slide 67
open-answer-card,derived-y9x-087-9b-list-three-substances-found-in-seeds-and-explain-their-functions,y9x-087-9b-list-three-substances-found-in-seeds-and-explain-their-functions,9B,biology,written-main,explain,3,List three substances found in seeds and explain their functions.,"Make the point, give the reason, then link it to the result. Use because/so and the key science term.","Make the science point. | Use because/so to link cause and effect. | Add the result, consequence or application.",9B Plant Growth PPT slide 67 extending
open-answer-card,derived-y9x-088-9b-describe-why-plants-are-cross-bred,y9x-088-9b-describe-why-plants-are-cross-bred,9B,biology,written-main,explain,3,Describe why plants are cross-bred.,"Make the point, give the reason, then link it to the result. Use because/so and the key science term.","Make the science point. | Use because/so to link cause and effect. | Add the result, consequence or application.",9B Plant Growth PPT slide 73 objective
open-answer-card,derived-y9x-089-9b-recall-the-main-mineral-nutrients-plants-need,y9x-089-9b-recall-the-main-mineral-nutrients-plants-need,9B,biology,written-recall,state,1,Recall the main mineral nutrients plants need.,"Give the exact fact, term, equation or short list. Keep it short and use the science key words.","Find the exact fact the question is asking for. | Write the key word, equation or short list. | Do not add a long explanation unless the question asks for it.",9B Plant Growth PPT slide 73 objective
open-answer-card,derived-y9x-090-9b-explain-how-food-production-for-humans-can-be-increased,y9x-090-9b-explain-how-food-production-for-humans-can-be-increased,9B,biology,written-main,explain,3,Explain how food production for humans can be increased.,"Make the point, give the reason, then link it to the result. Use because/so and the key science term.","Make the science point. | Use because/so to link cause and effect. | Add the result, consequence or application.",9B Plant Growth PPT slide 73 objective
open-answer-card,derived-y9x-091-9b-explain-why-phosphates-and-potassium-are-important-nutrients-for-plants,y9x-091-9b-explain-why-phosphates-and-potassium-are-important-nutrients-for-plants,9B,biology,written-main,explain,3,Explain why phosphates and potassium are important nutrients for plants.,"Make the point, give the reason, then link it to the result. Use because/so and the key science term.","Make the science point. | Use because/so to link cause and effect. | Add the result, consequence or application.",9B Plant Growth PPT slide 73 objective
open-answer-card,derived-y9x-092-9b-define-biodiversity,y9x-092-9b-define-biodiversity,9B,biology,written-main,explain,2,A pesticide reduces the number of insect species living in a field. What has happened to biodiversity in that area?,"Make the point, give the reason, then link it to the result. Use because/so and the key science term.","Make the science point. | Use because/so to link cause and effect. | Add the result, consequence or application.",9B Plant Growth PPT slide 95
open-answer-card,derived-y9x-093-9b-describe-how-sampling-can-estimate-biodiversity-in-a-field,y9x-093-9b-describe-how-sampling-can-estimate-biodiversity-in-a-field,9B,biology,written-main,describe,2,Describe how sampling can estimate biodiversity in a field.,"Say what happens, what changes, or what is shown. Use short linked points and include values or labels if given.","Give one clear feature, step or change. | Add another linked feature, step or comparison. | Use values, labels or context from the question where useful.",9B Plant Growth PPT slides 97-98
open-answer-card,derived-y9x-094-9b-explain-why-relying-on-one-crop-variety-can-be-risky,y9x-094-9b-explain-why-relying-on-one-crop-variety-can-be-risky,9B,biology,written-main,explain,3,Explain why relying on one crop variety can be risky.,"Make the point, give the reason, then link it to the result. Use because/so and the key science term.","Make the science point. | Use because/so to link cause and effect. | Add the result, consequence or application.",9B Plant Growth PPT slide 99 extending
open-answer-card,derived-y9x-095-9b-label-the-main-processes-in-the-carbon-cycle,y9x-095-9b-label-the-main-processes-in-the-carbon-cycle,9B,biology,written-main,identify,1,Label the main processes in the carbon cycle.,"Use the labels, diagram or question clue to name the correct item(s). Keep the answer concise.","Look carefully at the label, diagram or clue. | Name the correct item(s), part(s) or feature(s). | Use letters/names clearly if the diagram uses labels.",9B Plant Growth PPT slide 103
open-answer-card,derived-y9x-096-9b-explain-how-farming-affects-the-carbon-cycle,y9x-096-9b-explain-how-farming-affects-the-carbon-cycle,9B,biology,written-main,explain,3,Explain how farming affects the carbon cycle.,"Make the point, give the reason, then link it to the result. Use because/so and the key science term.","Make the science point. | Use because/so to link cause and effect. | Add the result, consequence or application.",9B Plant Growth PPT slide 103 extending
open-answer-card,derived-y9x-097-9b-give-advantages-and-disadvantages-of-clearing-land-for-farming,y9x-097-9b-give-advantages-and-disadvantages-of-clearing-land-for-farming,9B,biology,written-recall,state,1,Give advantages and disadvantages of clearing land for farming.,"Give the exact fact, term, equation or short list. Keep it short and use the science key words.","Find the exact fact the question is asking for. | Write the key word, equation or short list. | Do not add a long explanation unless the question asks for it.",9B Plant Growth PPT slide 105
open-answer-card,derived-y9x-098-9b-give-advantages-and-disadvantages-of-insecticides-and-herbicides,y9x-098-9b-give-advantages-and-disadvantages-of-insecticides-and-herbicides,9B,biology,written-recall,state,1,Give advantages and disadvantages of insecticides and herbicides.,"Give the exact fact, term, equation or short list. Keep it short and use the science key words.","Find the exact fact the question is asking for. | Write the key word, equation or short list. | Do not add a long explanation unless the question asks for it.",9B Plant Growth PPT slide 105
open-answer-card,derived-y9x-099-9b-give-advantages-and-disadvantages-of-fertilisers,y9x-099-9b-give-advantages-and-disadvantages-of-fertilisers,9B,biology,written-recall,state,1,Give advantages and disadvantages of fertilisers.,"Give the exact fact, term, equation or short list. Keep it short and use the science key words.","Find the exact fact the question is asking for. | Write the key word, equation or short list. | Do not add a long explanation unless the question asks for it.",9B Plant Growth PPT slide 105
open-answer-card,derived-y9x-100-9b-explain-why-changing-from-wheat-to-rapeseed-after-many-years-may-reduce-yield,y9x-100-9b-explain-why-changing-from-wheat-to-rapeseed-after-many-years-may-reduce-yield,9B,biology,written-main,explain,3,Explain why changing from wheat to rapeseed after many years may reduce yield.,"Make the point, give the reason, then link it to the result. Use because/so and the key science term.","Make the science point. | Use because/so to link cause and effect. | Add the result, consequence or application.",9B Plant Growth PPT slide 105 extending
open-answer-card,derived-y9x-101-9j-state-where-electrons-are-found-in-an-atom,y9x-101-9j-state-where-electrons-are-found-in-an-atom,9J,physics,written-recall,state,1,State where electrons are found in an atom.,"Give the exact fact, term, equation or short list. Keep it short and use the science key words.","Find the exact fact the question is asking for. | Write the key word, equation or short list. | Do not add a long explanation unless the question asks for it.",9Jb Static Electricity PPT slide 9 progress check
open-answer-card,derived-y9x-102-9j-describe-the-dangers-of-static-electricity,y9x-102-9j-describe-the-dangers-of-static-electricity,9J,physics,written-main,describe,2,Describe the dangers of static electricity.,"Say what happens, what changes, or what is shown. Use short linked points and include values or labels if given.","Give one clear feature, step or change. | Add another linked feature, step or comparison. | Use values, labels or context from the question where useful.",9Jb Static Electricity PPT slide 9 progress check
open-answer-card,derived-y9x-103-9j-explain-why-only-negative-charges-transfer-onto-an-insulating-material,y9x-103-9j-explain-why-only-negative-charges-transfer-onto-an-insulating-material,9J,physics,written-main,explain,3,Explain why only negative charges transfer onto an insulating material.,"Make the point, give the reason, then link it to the result. Use because/so and the key science term.","Make the science point. | Use because/so to link cause and effect. | Add the result, consequence or application.",9Jb Static Electricity PPT slide 9 progress check
open-answer-card,derived-y9x-104-9j-explain-why-a-rubbed-polythene-rod-has-an-overall-negative-charge,y9x-104-9j-explain-why-a-rubbed-polythene-rod-has-an-overall-negative-charge,9J,physics,written-main,explain,3,Explain why a rubbed polythene rod has an overall negative charge.,"Make the point, give the reason, then link it to the result. Use because/so and the key science term.","Make the science point. | Use because/so to link cause and effect. | Add the result, consequence or application.",9Jb Static Electricity PPT slide 9 progress check
open-answer-card,derived-y9x-105-9j-describe-how-charged-objects-attract-or-repel-each-other,y9x-105-9j-describe-how-charged-objects-attract-or-repel-each-other,9J,physics,written-main,describe,2,Describe how charged objects attract or repel each other.,"Say what happens, what changes, or what is shown. Use short linked points and include values or labels if given.","Give one clear feature, step or change. | Add another linked feature, step or comparison. | Use values, labels or context from the question where useful.",9Jb Static Electricity PPT slides 8 and 10
open-answer-card,derived-y9x-106-9j-describe-a-fair-investigation-of-forces-between-charged-rods,y9x-106-9j-describe-a-fair-investigation-of-forces-between-charged-rods,9J,physics,written-main,describe,2,Describe a fair investigation of forces between charged rods.,"Say what happens, what changes, or what is shown. Use short linked points and include values or labels if given.","Give one clear feature, step or change. | Add another linked feature, step or comparison. | Use values, labels or context from the question where useful.",9Jb Static Electricity PPT slide 12
open-answer-card,derived-y9x-107-9j-state-three-materials-that-have-high-resistance,y9x-107-9j-state-three-materials-that-have-high-resistance,9J,physics,written-recall,state,1,State three materials that have high resistance.,"Give the exact fact, term, equation or short list. Keep it short and use the science key words.","Find the exact fact the question is asking for. | Write the key word, equation or short list. | Do not add a long explanation unless the question asks for it.",9Jd Resistance PPT slide 9 progress check
open-answer-card,derived-y9x-108-9j-describe-what-resistance-is,y9x-108-9j-describe-what-resistance-is,9J,physics,written-main,describe,2,Describe what resistance is.,"Say what happens, what changes, or what is shown. Use short linked points and include values or labels if given.","Give one clear feature, step or change. | Add another linked feature, step or comparison. | Use values, labels or context from the question where useful.",9Jd Resistance PPT slide 9 progress check
open-answer-card,derived-y9x-109-9j-describe-how-to-increase-resistance-in-a-circuit,y9x-109-9j-describe-how-to-increase-resistance-in-a-circuit,9J,physics,written-main,describe,2,Describe how to increase resistance in a circuit.,"Say what happens, what changes, or what is shown. Use short linked points and include values or labels if given.","Give one clear feature, step or change. | Add another linked feature, step or comparison. | Use values, labels or context from the question where useful.",9Jd Resistance PPT slide 9 progress check
open-answer-card,derived-y9x-110-9j-state-the-units-for-voltage-current-and-resistance,y9x-110-9j-state-the-units-for-voltage-current-and-resistance,9J,physics,written-recall,state,1,"State the units for voltage / potential difference, current and resistance.","Give the exact fact, term, equation or short list. Keep it short and use the science key words.","Find the exact fact the question is asking for. | Write the key word, equation or short list. | Do not add a long explanation unless the question asks for it.",9Jd Resistance PPT slide 10
open-answer-card,derived-y9x-111-9j-explain-which-wire-has-higher-resistance-a-long-thin-wire-or-a-short-thick-wire-,y9x-111-9j-explain-which-wire-has-higher-resistance-a-long-thin-wire-or-a-short-thick-wire-,9J,physics,written-main,explain,3,Explain which wire has higher resistance: a long thin wire or a short thick wire of the same material.,"Make the point, give the reason, then link it to the result. Use because/so and the key science term.","Make the science point. | Use because/so to link cause and effect. | Add the result, consequence or application.",9Jd Resistance PPT slide 8
open-answer-card,derived-y9x-112-9j-explain-how-a-current-voltage-graph-shows-which-resistor-has-the-higher-resistan,y9x-112-9j-explain-how-a-current-voltage-graph-shows-which-resistor-has-the-higher-resistan,9J,physics,written-main,explain,3,Explain how a current–voltage graph shows which resistor has the higher resistance.,"Make the point, give the reason, then link it to the result. Use because/so and the key science term.","Make the science point. | Use because/so to link cause and effect. | Add the result, consequence or application.",9Jd Resistance PPT slide 16
open-answer-card,derived-y9x-113-9j-plan-an-investigation-into-how-wire-thickness-affects-resistance,y9x-113-9j-plan-an-investigation-into-how-wire-thickness-affects-resistance,9J,physics,written-main,describe,4,Plan an investigation into how wire thickness affects resistance.,"Say what happens, what changes, or what is shown. Use short linked points and include values or labels if given.","Give one clear feature, step or change. | Add another linked feature, step or comparison. | Use values, labels or context from the question where useful.",9Jd Resistance PPT objective
open-answer-card,derived-y9x-114-9j-explain-why-copper-is-commonly-used-for-wires-in-circuits,y9x-114-9j-explain-why-copper-is-commonly-used-for-wires-in-circuits,9J,physics,written-main,explain,3,Explain why copper is commonly used for wires in circuits.,"Make the point, give the reason, then link it to the result. Use because/so and the key science term.","Make the science point. | Use because/so to link cause and effect. | Add the result, consequence or application.",9Jc Current Electricity PPT slide 3 extending
open-answer-card,derived-y9x-115-9j-describe-how-current-behaves-in-series-and-parallel-circuits,y9x-115-9j-describe-how-current-behaves-in-series-and-parallel-circuits,9J,physics,written-main,describe,2,Describe how current behaves in series and parallel circuits.,"Say what happens, what changes, or what is shown. Use short linked points and include values or labels if given.","Give one clear feature, step or change. | Add another linked feature, step or comparison. | Use values, labels or context from the question where useful.",9Jc Current Electricity PPT slide 10
open-answer-card,derived-y9x-116-9j-describe-how-voltage-behaves-in-series-and-parallel-circuits,y9x-116-9j-describe-how-voltage-behaves-in-series-and-parallel-circuits,9J,physics,written-main,describe,2,Describe how voltage / potential difference behaves in series and parallel circuits.,"Say what happens, what changes, or what is shown. Use short linked points and include values or labels if given.","Give one clear feature, step or change. | Add another linked feature, step or comparison. | Use values, labels or context from the question where useful.",9Jc Current Electricity PPT slide 13
open-answer-card,derived-y9x-117-9j-explain-the-difference-between-an-electromagnet-and-a-bar-magnet,y9x-117-9j-explain-the-difference-between-an-electromagnet-and-a-bar-magnet,9J,physics,written-main,explain,3,Explain the difference between an electromagnet and a bar magnet.,"Make the point, give the reason, then link it to the result. Use because/so and the key science term.","Make the science point. | Use because/so to link cause and effect. | Add the result, consequence or application.",9Je Electromagnets PPT slide 3 extending
open-answer-card,derived-y9x-118-9j-predict-how-changing-current-magnetic-field-strength-or-current-direction-affect,y9x-118-9j-predict-how-changing-current-magnetic-field-strength-or-current-direction-affect,9J,physics,written-main,describe,3,"Predict how changing current, magnetic field strength or current direction affects a motor.","Say what happens, what changes, or what is shown. Use short linked points and include values or labels if given.","Give one clear feature, step or change. | Add another linked feature, step or comparison. | Use values, labels or context from the question where useful.",9Je Electromagnets PPT slide 8
open-answer-card,derived-y9x-119-9j-gamora-has-mass-54-kg-calculate-her-weight-on-earth-where-g-10-n-kg,y9x-119-9j-gamora-has-mass-54-kg-calculate-her-weight-on-earth-where-g-10-n-kg,9J,physics,written-main,calculate,2,"Gamora has mass 54 kg. Calculate her weight on Earth, where g = 10 N/kg.","Write the formula or method, substitute values, then give the answer with a unit or required rounding.",Write the equation or method. | Substitute the values and show working. | Give the final answer with the correct unit or rounding.,9Ja Force Fields PPT slide 17
open-answer-card,derived-y9x-120-9j-gamora-has-mass-54-kg-on-a-planet-where-g-5-n-kg-calculate-her-weight,y9x-120-9j-gamora-has-mass-54-kg-on-a-planet-where-g-5-n-kg-calculate-her-weight,9J,physics,written-main,calculate,2,Gamora has mass 54 kg on a planet where g = 5 N/kg. Calculate her weight.,"Write the formula or method, substitute values, then give the answer with a unit or required rounding.",Write the equation or method. | Substitute the values and show working. | Give the final answer with the correct unit or rounding.,9Ja Force Fields PPT slide 17
open-answer-card,derived-y9x-121-9j-star-lord-has-mass-96-kg-calculate-his-weight-on-earth-where-g-10-n-kg,y9x-121-9j-star-lord-has-mass-96-kg-calculate-his-weight-on-earth-where-g-10-n-kg,9J,physics,written-main,calculate,2,"Star Lord has mass 96 kg. Calculate his weight on Earth, where g = 10 N/kg.","Write the formula or method, substitute values, then give the answer with a unit or required rounding.",Write the equation or method. | Substitute the values and show working. | Give the final answer with the correct unit or rounding.,9Ja Force Fields PPT slide 18
open-answer-card,derived-y9x-122-9j-star-lord-has-mass-96-kg-on-a-planet-where-g-14-n-kg-calculate-his-weight,y9x-122-9j-star-lord-has-mass-96-kg-on-a-planet-where-g-14-n-kg-calculate-his-weight,9J,physics,written-main,calculate,2,Star Lord has mass 96 kg on a planet where g = 14 N/kg. Calculate his weight.,"Write the formula or method, substitute values, then give the answer with a unit or required rounding.",Write the equation or method. | Substitute the values and show working. | Give the final answer with the correct unit or rounding.,9Ja Force Fields PPT slide 18
open-answer-card,derived-y9x-123-9j-drax-weighs-1220-n-on-earth-where-g-10-n-kg-calculate-his-mass,y9x-123-9j-drax-weighs-1220-n-on-earth-where-g-10-n-kg-calculate-his-mass,9J,physics,written-main,calculate,2,Drax weighs 1220 N on Earth where g = 10 N/kg. Calculate his mass.,"Write the formula or method, substitute values, then give the answer with a unit or required rounding.",Write the equation or method. | Substitute the values and show working. | Give the final answer with the correct unit or rounding.,9Ja Force Fields PPT slide 19
open-answer-card,derived-y9x-124-9j-drax-has-mass-122-kg-on-a-planet-where-g-7-5-n-kg-calculate-his-weight,y9x-124-9j-drax-has-mass-122-kg-on-a-planet-where-g-7-5-n-kg-calculate-his-weight,9J,physics,written-main,calculate,2,Drax has mass 122 kg on a planet where g = 7.5 N/kg. Calculate his weight.,"Write the formula or method, substitute values, then give the answer with a unit or required rounding.",Write the equation or method. | Substitute the values and show working. | Give the final answer with the correct unit or rounding.,9Ja Force Fields PPT slide 19
open-answer-card,derived-y9x-125-9j-rocket-weighs-470-n-on-earth-where-g-10-n-kg-calculate-his-mass,y9x-125-9j-rocket-weighs-470-n-on-earth-where-g-10-n-kg-calculate-his-mass,9J,physics,written-main,calculate,2,Rocket weighs 470 N on Earth where g = 10 N/kg. Calculate his mass.,"Write the formula or method, substitute values, then give the answer with a unit or required rounding.",Write the equation or method. | Substitute the values and show working. | Give the final answer with the correct unit or rounding.,9Ja Force Fields PPT slide 20
open-answer-card,derived-y9x-126-9j-rocket-has-mass-47-kg-on-a-planet-where-g-22-8-n-kg-calculate-his-weight,y9x-126-9j-rocket-has-mass-47-kg-on-a-planet-where-g-22-8-n-kg-calculate-his-weight,9J,physics,written-main,calculate,2,Rocket has mass 47 kg on a planet where g = 22.8 N/kg. Calculate his weight.,"Write the formula or method, substitute values, then give the answer with a unit or required rounding.",Write the equation or method. | Substitute the values and show working. | Give the final answer with the correct unit or rounding.,9Ja Force Fields PPT slide 20
open-answer-card,derived-y9x-127-9j-mantis-has-mass-56-kg-calculate-her-weight-on-earth-where-g-10-n-kg,y9x-127-9j-mantis-has-mass-56-kg-calculate-her-weight-on-earth-where-g-10-n-kg,9J,physics,written-main,calculate,2,Mantis has mass 56 kg. Calculate her weight on Earth where g = 10 N/kg.,"Write the formula or method, substitute values, then give the answer with a unit or required rounding.",Write the equation or method. | Substitute the values and show working. | Give the final answer with the correct unit or rounding.,9Ja Force Fields PPT slide 21
open-answer-card,derived-y9x-128-9j-mantis-has-mass-56-kg-and-weight-686-n-on-a-planet-calculate-g,y9x-128-9j-mantis-has-mass-56-kg-and-weight-686-n-on-a-planet-calculate-g,9J,physics,written-main,calculate,2,Mantis has mass 56 kg and weight 686 N on a planet. Calculate g.,"Write the formula or method, substitute values, then give the answer with a unit or required rounding.",Write the equation or method. | Substitute the values and show working. | Give the final answer with the correct unit or rounding.,9Ja Force Fields PPT slide 21
open-answer-card,derived-y9x-129-9j-groot-has-mass-34-kg-on-a-planet-where-g-6-8-n-kg-calculate-his-weight,y9x-129-9j-groot-has-mass-34-kg-on-a-planet-where-g-6-8-n-kg-calculate-his-weight,9J,physics,written-main,calculate,2,Groot has mass 34 kg on a planet where g = 6.8 N/kg. Calculate his weight.,"Write the formula or method, substitute values, then give the answer with a unit or required rounding.",Write the equation or method. | Substitute the values and show working. | Give the final answer with the correct unit or rounding.,9Ja Force Fields PPT slide 22
open-answer-card,derived-y9x-130-9j-groot-has-mass-34-kg-and-weight-724-2-n-on-a-planet-calculate-g,y9x-130-9j-groot-has-mass-34-kg-and-weight-724-2-n-on-a-planet-calculate-g,9J,physics,written-main,calculate,2,Groot has mass 34 kg and weight 724.2 N on a planet. Calculate g.,"Write the formula or method, substitute values, then give the answer with a unit or required rounding.",Write the equation or method. | Substitute the values and show working. | Give the final answer with the correct unit or rounding.,9Ja Force Fields PPT slide 22
open-answer-card,derived-y9x-131-9j-oberon-has-about-1-3-times-the-mass-of-rhea-but-a-similar-diameter-which-moon-ha,y9x-131-9j-oberon-has-about-1-3-times-the-mass-of-rhea-but-a-similar-diameter-which-moon-ha,9J,physics,written-main,identify,2,Oberon has about 1.3 times the mass of Rhea but a similar diameter. Which moon has greater surface gravity?,"Use the labels, diagram or question clue to name the correct item(s). Keep the answer concise.","Look carefully at the label, diagram or clue. | Name the correct item(s), part(s) or feature(s). | Use letters/names clearly if the diagram uses labels.",9Ja Force Fields PPT slide 23 practice question
open-answer-card,derived-y9x-132-9j-calculate-resistance-voltage-12-v-current-2-a,y9x-132-9j-calculate-resistance-voltage-12-v-current-2-a,9J,physics,written-main,calculate,2,"Calculate resistance: voltage = 12 V, current = 2 A.","Write the formula or method, substitute values, then give the answer with a unit or required rounding.",Write the equation or method. | Substitute the values and show working. | Give the final answer with the correct unit or rounding.,9Jd Resistance formula practice
open-answer-card,derived-y9x-133-9j-calculate-resistance-voltage-9-v-current-0-3-a,y9x-133-9j-calculate-resistance-voltage-9-v-current-0-3-a,9J,physics,written-main,calculate,2,"Calculate resistance: voltage = 9 V, current = 0.3 A.","Write the formula or method, substitute values, then give the answer with a unit or required rounding.",Write the equation or method. | Substitute the values and show working. | Give the final answer with the correct unit or rounding.,9Jd Resistance formula practice
open-answer-card,derived-y9x-134-9j-calculate-resistance-voltage-8-v-current-0-02-a,y9x-134-9j-calculate-resistance-voltage-8-v-current-0-02-a,9J,physics,written-main,calculate,2,"Calculate resistance: voltage = 8 V, current = 0.02 A.","Write the formula or method, substitute values, then give the answer with a unit or required rounding.",Write the equation or method. | Substitute the values and show working. | Give the final answer with the correct unit or rounding.,9Jd Resistance PPT table-style practice
open-answer-card,derived-y9x-135-9j-calculate-current-voltage-6-v-resistance-30,y9x-135-9j-calculate-current-voltage-6-v-resistance-30,9J,physics,written-main,calculate,2,"Calculate current: voltage = 6 V, resistance = 30 Ω.","Write the formula or method, substitute values, then give the answer with a unit or required rounding.",Write the equation or method. | Substitute the values and show working. | Give the final answer with the correct unit or rounding.,9Jd Resistance formula practice
open-answer-card,derived-y9x-136-9j-calculate-voltage-current-0-5-a-resistance-20,y9x-136-9j-calculate-voltage-current-0-5-a-resistance-20,9J,physics,written-main,calculate,2,"Calculate voltage: current = 0.5 A, resistance = 20 Ω.","Write the formula or method, substitute values, then give the answer with a unit or required rounding.",Write the equation or method. | Substitute the values and show working. | Give the final answer with the correct unit or rounding.,9Jd Resistance PPT modelled answer extension
open-answer-card,derived-y9x-137-9j-calculate-voltage-current-0-02-a-resistance-5200,y9x-137-9j-calculate-voltage-current-0-02-a-resistance-5200,9J,physics,written-main,calculate,2,"Calculate voltage: current = 0.02 A, resistance = 5200 Ω.","Write the formula or method, substitute values, then give the answer with a unit or required rounding.",Write the equation or method. | Substitute the values and show working. | Give the final answer with the correct unit or rounding.,9Jd Resistance PPT table-style practice
open-answer-card,derived-y9x-138-9i-a-stone-is-moved-65-km-in-65-h-calculate-the-mean-speed,y9x-138-9i-a-stone-is-moved-65-km-in-65-h-calculate-the-mean-speed,9I,physics,written-main,calculate,2,A stone is moved 65 km in 65 h. Calculate the mean speed.,"Write the formula or method, substitute values, then give the answer with a unit or required rounding.",Write the equation or method. | Substitute the values and show working. | Give the final answer with the correct unit or rounding.,9I assess-yourself journey context
open-answer-card,derived-y9x-139-9i-a-river-section-is-40-km-and-the-stones-move-at-3-km-h-calculate-the-time-taken,y9x-139-9i-a-river-section-is-40-km-and-the-stones-move-at-3-km-h-calculate-the-time-taken,9I,physics,written-main,calculate,2,A river section is 40 km and the stones move at 3 km/h. Calculate the time taken.,"Write the formula or method, substitute values, then give the answer with a unit or required rounding.",Write the equation or method. | Substitute the values and show working. | Give the final answer with the correct unit or rounding.,9I assess-yourself journey context
open-answer-card,derived-y9x-140-9i-a-final-overland-section-is-5-km-at-1-km-h-calculate-the-time-taken,y9x-140-9i-a-final-overland-section-is-5-km-at-1-km-h-calculate-the-time-taken,9I,physics,written-main,calculate,2,A final overland section is 5 km at 1 km/h. Calculate the time taken.,"Write the formula or method, substitute values, then give the answer with a unit or required rounding.",Write the equation or method. | Substitute the values and show working. | Give the final answer with the correct unit or rounding.,9I assess-yourself journey context
open-answer-card,derived-y9x-141-9i-a-force-of-200-n-acts-0-5-m-from-a-pivot-calculate-the-moment,y9x-141-9i-a-force-of-200-n-acts-0-5-m-from-a-pivot-calculate-the-moment,9I,physics,written-main,calculate,2,A force of 200 N acts 0.5 m from a pivot. Calculate the moment.,"Write the formula or method, substitute values, then give the answer with a unit or required rounding.",Write the equation or method. | Substitute the values and show working. | Give the final answer with the correct unit or rounding.,9I moments practice
open-answer-card,derived-y9x-142-9i-a-moment-of-120-n-m-is-needed-using-a-lever-2-m-from-the-pivot-calculate-the-for,y9x-142-9i-a-moment-of-120-n-m-is-needed-using-a-lever-2-m-from-the-pivot-calculate-the-for,9I,physics,written-main,calculate,2,A moment of 120 N m is needed using a lever 2 m from the pivot. Calculate the force.,"Write the formula or method, substitute values, then give the answer with a unit or required rounding.",Write the equation or method. | Substitute the values and show working. | Give the final answer with the correct unit or rounding.,9I moments practice
open-answer-card,derived-y9x-143-9i-a-300-n-force-moves-a-load-4-m-calculate-the-work-done,y9x-143-9i-a-300-n-force-moves-a-load-4-m-calculate-the-work-done,9I,physics,written-main,calculate,2,A 300 N force moves a load 4 m. Calculate the work done.,"Write the formula or method, substitute values, then give the answer with a unit or required rounding.",Write the equation or method. | Substitute the values and show working. | Give the final answer with the correct unit or rounding.,9I work-done practice
open-answer-card,derived-y9x-144-9i-a-ramp-requires-1500-j-of-work-over-5-m-calculate-the-average-force,y9x-144-9i-a-ramp-requires-1500-j-of-work-over-5-m-calculate-the-average-force,9I,physics,written-main,calculate,2,A ramp requires 1500 J of work over 5 m. Calculate the average force.,"Write the formula or method, substitute values, then give the answer with a unit or required rounding.",Write the equation or method. | Substitute the values and show working. | Give the final answer with the correct unit or rounding.,9I ramps/work-done practice
open-answer-card,derived-y9x-145-9i-a-cyclist-travels-at-6-m-s-for-20-s-calculate-the-distance-travelled,y9x-145-9i-a-cyclist-travels-at-6-m-s-for-20-s-calculate-the-distance-travelled,9I,physics,written-main,calculate,2,A cyclist travels at 6 m/s for 20 s. Calculate the distance travelled.,"Write the formula or method, substitute values, then give the answer with a unit or required rounding.",Write the equation or method. | Substitute the values and show working. | Give the final answer with the correct unit or rounding.,9I speed practice
open-answer-card,derived-y9x-138-9j-match-common-circuit-symbols-to-their-component-names,y9x-138-9j-match-common-circuit-symbols-to-their-component-names,9J,physics,written-main,identify,4,"Use the circuit symbol grid. Match labels A–H to these components: cell, battery, open switch, closed switch, lamp, resistor, ammeter and voltmeter.","Use the labels, diagram or question clue to name the correct item(s). Keep the answer concise.","Look carefully at the label, diagram or clue. | Name the correct item(s), part(s) or feature(s). | Use letters/names clearly if the diagram uses labels.",9Jc Current Electricity PPT / revision pack circuit-symbol coverage
open-answer-card,derived-y9x-148-9j-compare-current-and-voltage-in-the-two-circuits,y9x-148-9j-compare-current-and-voltage-in-the-two-circuits,9J,physics,written-main,describe,4,Use the circuit diagrams. Compare how current and voltage behave in Circuit A and Circuit B.,"Say what happens, what changes, or what is shown. Use short linked points and include values or labels if given.","Give one clear feature, step or change. | Add another linked feature, step or comparison. | Use values, labels or context from the question where useful.",9Jc Current Electricity PPT / series and parallel circuits
open-answer-card,derived-y9x-153-9j-use-the-charge-pair-diagram-identify-which-pairs-repel-and-which-attract,y9x-153-9j-use-the-charge-pair-diagram-identify-which-pairs-repel-and-which-attract,9J,physics,written-main,identify,1,Use the charge-pair diagram. Identify which labelled pairs repel and which labelled pairs attract.,"Use the labels, diagram or question clue to name the correct item(s). Keep the answer concise.","Look carefully at the label, diagram or clue. | Name the correct item(s), part(s) or feature(s). | Use letters/names clearly if the diagram uses labels.",9Jb Static-Electricity PPT / 9J summary sheet - charge attraction and repulsion visual practice
open-answer-card,derived-y9x-154-9j-use-the-charge-transfer-diagram-what-particle-has-moved-and-what-charge-does-the-rod-gain,y9x-154-9j-use-the-charge-transfer-diagram-what-particle-has-moved-and-what-charge-does-the-rod-gain,9J,physics,written-main,identify,2,"Use the charge-transfer diagram. What particle has moved, and what overall charge does the rod gain?","Use the labels, diagram or question clue to name the correct item(s). Keep the answer concise.","Look carefully at the label, diagram or clue. | Name the correct item(s), part(s) or feature(s). | Use letters/names clearly if the diagram uses labels.",9Jb Static-Electricity PPT / 9J summary sheet - charging by rubbing visual practice
open-answer-card,derived-y9x-155-9j-use-the-electromagnet-diagram-match-labels-a-to-d-to-the-coil-core-cell-and-switch,y9x-155-9j-use-the-electromagnet-diagram-match-labels-a-to-d-to-the-coil-core-cell-and-switch,9J,physics,written-main,identify,4,"Use the electromagnet diagram. Match labels A–D to the coil of wire, iron core, cell/battery and switch.","Use the labels, diagram or question clue to name the correct item(s). Keep the answer concise.","Look carefully at the label, diagram or clue. | Name the correct item(s), part(s) or feature(s). | Use letters/names clearly if the diagram uses labels.",9Je Electromagnets PPT / 9J summary sheet - electromagnet parts visual practice
open-answer-card,derived-y9x-157-9j-use-the-relay-diagram-match-labels-a-to-d-to-control-circuit-electromagnet-switch-and-load,y9x-157-9j-use-the-relay-diagram-match-labels-a-to-d-to-control-circuit-electromagnet-switch-and-load,9J,physics,written-main,identify,4,"Use the relay diagram. Match labels A–D to the control circuit, electromagnet, switch contacts and load/lamp.","Use the labels, diagram or question clue to name the correct item(s). Keep the answer concise.","Look carefully at the label, diagram or clue. | Name the correct item(s), part(s) or feature(s). | Use letters/names clearly if the diagram uses labels.",9Je Electromagnets PPT / 9J summary sheet - relay diagram visual practice
open-answer-card,derived-y9x-158-9j-use-the-relay-diagram-explain-why-a-relay-is-useful,y9x-158-9j-use-the-relay-diagram-explain-why-a-relay-is-useful,9J,physics,written-main,explain,3,Use the relay diagram. Explain why a relay is useful in an electrical system.,"Make the point, give the reason, then link it to the result. Use because/so and the key science term.","Make the science point. | Use because/so to link cause and effect. | Add the result, consequence or application.",9Je Electromagnets PPT / 9J summary sheet - relay explanation visual practice
open-answer-card,derived-y9r-001-9b-what-is-sustainable development,y9r-001-9b-what-is-sustainable development,9B,biology,written-recall,state,1,What is sustainable development?,"Give the exact fact, term, equation or short list. Keep it short and use the science key words.","Find the exact fact the question is asking for. | Write the key word, equation or short list. | Do not add a long explanation unless the question asks for it.",9B Summary sheet p2 Farming
open-answer-card,derived-y9r-002-9b-why-is-land-cleared-of-hedges-and-trees-in-modern-farming,y9r-002-9b-why-is-land-cleared-of-hedges-and-trees-in-modern-farming,9B,biology,written-recall,state,1,A farmer clears hedges and trees from a field. Give one benefit for farming and one environmental problem this can cause.,"Give the exact fact, term, equation or short list. Keep it short and use the science key words.","Find the exact fact the question is asking for. | Write the key word, equation or short list. | Do not add a long explanation unless the question asks for it.",9B Summary sheet p2 Farming table
open-answer-card,derived-y9r-003-9b-what-problem-can-be-caused-by-clearing-hedges-and-trees,y9r-003-9b-what-problem-can-be-caused-by-clearing-hedges-and-trees,9B,biology,written-main,state,2,What problem can be caused by clearing hedges and trees?,"Give the exact fact, term, equation or short list. Keep it short and use the science key words.","Find the exact fact the question is asking for. | Write the key word, equation or short list. | Do not add a long explanation unless the question asks for it.",9B Summary sheet p2 Farming table
open-answer-card,derived-y9r-004-9b-why-are-pesticides-used-on-crops,y9r-004-9b-why-are-pesticides-used-on-crops,9B,biology,written-main,explain,3,Why are pesticides used on crops?,"Make the point, give the reason, then link it to the result. Use because/so and the key science term.","Make the science point. | Use because/so to link cause and effect. | Add the result, consequence or application.",9B Summary sheet p2 Farming table
open-answer-card,derived-y9r-005-9b-what-problem-can-pesticides-cause,y9r-005-9b-what-problem-can-pesticides-cause,9B,biology,written-main,state,2,What problem can pesticides cause?,"Give the exact fact, term, equation or short list. Keep it short and use the science key words.","Find the exact fact the question is asking for. | Write the key word, equation or short list. | Do not add a long explanation unless the question asks for it.",9B Summary sheet p2 Farming table
open-answer-card,derived-y9r-006-9b-why-are-fertilisers-used,y9r-006-9b-why-are-fertilisers-used,9B,biology,written-main,explain,3,Why are fertilisers used?,"Make the point, give the reason, then link it to the result. Use because/so and the key science term.","Make the science point. | Use because/so to link cause and effect. | Add the result, consequence or application.",9B Summary sheet p2 Farming table
open-answer-card,derived-y9r-007-9b-what-problem-can-fertilisers-cause-if-they-wash-into-streams-and-rivers,y9r-007-9b-what-problem-can-fertilisers-cause-if-they-wash-into-streams-and-rivers,9B,biology,written-main,explain,2,Fertiliser washes from a field into a stream. What problem can this cause?,"Make the point, give the reason, then link it to the result. Use because/so and the key science term.","Make the science point. | Use because/so to link cause and effect. | Add the result, consequence or application.",9B Summary sheet p2 Farming table
open-answer-card,derived-y9r-008-9b-what-is-the-problem-with-planting-huge-areas-of-a-single-variety,y9r-008-9b-what-is-the-problem-with-planting-huge-areas-of-a-single-variety,9B,biology,written-recall,state,1,What is the problem with planting huge areas of a single variety?,"Give the exact fact, term, equation or short list. Keep it short and use the science key words.","Find the exact fact the question is asking for. | Write the key word, equation or short list. | Do not add a long explanation unless the question asks for it.",9B Summary sheet p2 Farming table
open-answer-card,derived-y9r-009-9b-what-is-cross-breeding,y9r-009-9b-what-is-cross-breeding,9B,biology,written-recall,state,1,What is cross-breeding?,"Give the exact fact, term, equation or short list. Keep it short and use the science key words.","Find the exact fact the question is asking for. | Write the key word, equation or short list. | Do not add a long explanation unless the question asks for it.",9B Summary sheet p2 Breeding varieties
open-answer-card,derived-y9r-010-9b-what-happens-to-the-energy-released-from-glucose-in-aerobic-respiration,y9r-010-9b-what-happens-to-the-energy-released-from-glucose-in-aerobic-respiration,9B,biology,written-main,describe,2,What happens to the energy released from glucose in aerobic respiration?,"Say what happens, what changes, or what is shown. Use short linked points and include values or labels if given.","Give one clear feature, step or change. | Add another linked feature, step or comparison. | Use values, labels or context from the question where useful.",9B Summary sheet p2 Aerobic respiration
open-answer-card,derived-y9r-011-9b-why-do-plants-need-magnesium-salts,y9r-011-9b-why-do-plants-need-magnesium-salts,9B,biology,written-main,explain,3,Why do plants need magnesium salts?,"Make the point, give the reason, then link it to the result. Use because/so and the key science term.","Make the science point. | Use because/so to link cause and effect. | Add the result, consequence or application.",9B Summary sheet p1 Getting water
open-answer-card,derived-y9r-012-9b-where-does-most-photosynthesis-happen-in-leaves,y9r-012-9b-where-does-most-photosynthesis-happen-in-leaves,9B,biology,written-main,identify,2,Where does most photosynthesis happen in leaves?,"Use the labels, diagram or question clue to name the correct item(s). Keep the answer concise.","Look carefully at the label, diagram or clue. | Name the correct item(s), part(s) or feature(s). | Use letters/names clearly if the diagram uses labels.",9B Summary sheet p1 Getting light
open-answer-card,derived-y9r-013-9e-what-do-exothermic-reactions-do-to-the-surroundings,y9r-013-9e-what-do-exothermic-reactions-do-to-the-surroundings,9E,chemistry,written-main,state,2,What do exothermic reactions do to the surroundings?,"Give the exact fact, term, equation or short list. Keep it short and use the science key words.","Find the exact fact the question is asking for. | Write the key word, equation or short list. | Do not add a long explanation unless the question asks for it.",9E Summary sheet p2 Endothermic and exothermic reactions
open-answer-card,derived-y9r-014-9e-what-do-endothermic-reactions-do-to-the-surroundings,y9r-014-9e-what-do-endothermic-reactions-do-to-the-surroundings,9E,chemistry,written-main,state,2,What do endothermic reactions do to the surroundings?,"Give the exact fact, term, equation or short list. Keep it short and use the science key words.","Find the exact fact the question is asking for. | Write the key word, equation or short list. | Do not add a long explanation unless the question asks for it.",9E Summary sheet p2 Endothermic and exothermic reactions
open-answer-card,derived-y9r-015-9e-give-an-example-of-an-endothermic-reaction-from-the-revision-sheet,y9r-015-9e-give-an-example-of-an-endothermic-reaction-from-the-revision-sheet,9E,chemistry,written-recall,state,1,Give an example of an endothermic reaction from the revision sheet.,"Give the exact fact, term, equation or short list. Keep it short and use the science key words.","Find the exact fact the question is asking for. | Write the key word, equation or short list. | Do not add a long explanation unless the question asks for it.",9E Summary sheet p2 Endothermic and exothermic reactions
open-answer-card,derived-y9r-016-9e-what-do-the-state-symbols-s-l-g-and-aq-mean,y9r-016-9e-what-do-the-state-symbols-s-l-g-and-aq-mean,9E,chemistry,written-recall,state,1,"What do the state symbols s, l, g and aq mean?","Give the exact fact, term, equation or short list. Keep it short and use the science key words.","Find the exact fact the question is asking for. | Write the key word, equation or short list. | Do not add a long explanation unless the question asks for it.",9E Summary sheet p2 Endothermic and exothermic reactions
open-answer-card,derived-y9r-017-9e-what-is-made-when-calcium-carbonate-thermally-decomposes,y9r-017-9e-what-is-made-when-calcium-carbonate-thermally-decomposes,9E,chemistry,written-recall,state,1,What is made when calcium carbonate thermally decomposes?,"Give the exact fact, term, equation or short list. Keep it short and use the science key words.","Find the exact fact the question is asking for. | Write the key word, equation or short list. | Do not add a long explanation unless the question asks for it.",9E Summary sheet p2 Thermal decomposition equation
open-answer-card,derived-y9r-018-9e-in-peer-review-what-do-scientists-check-in-a-paper,y9r-018-9e-in-peer-review-what-do-scientists-check-in-a-paper,9E,chemistry,written-main,state,3,"In peer review, what do scientists check in a paper?","Give the exact fact, term, equation or short list. Keep it short and use the science key words.","Find the exact fact the question is asking for. | Write the key word, equation or short list. | Do not add a long explanation unless the question asks for it.",9E Summary sheet p2 Peer review
open-answer-card,derived-y9r-019-9e-after-peer-review-what-can-a-paper-be-recommended-for,y9r-019-9e-after-peer-review-what-can-a-paper-be-recommended-for,9E,chemistry,written-main,state,3,"After peer review, what can a paper be recommended for?","Give the exact fact, term, equation or short list. Keep it short and use the science key words.","Find the exact fact the question is asking for. | Write the key word, equation or short list. | Do not add a long explanation unless the question asks for it.",9E Summary sheet p2 Peer review
open-answer-card,derived-y9r-020-9e-how-are-metals-recycled-according-to-the-revision-sheet,y9r-020-9e-how-are-metals-recycled-according-to-the-revision-sheet,9E,chemistry,written-main,describe,2,"How are metals recycled, according to the revision sheet?","Say what happens, what changes, or what is shown. Use short linked points and include values or labels if given.","Give one clear feature, step or change. | Add another linked feature, step or comparison. | Use values, labels or context from the question where useful.",9E Summary sheet p2 Recycling materials
open-answer-card,derived-y9r-021-9e-how-is-glass-recycled-according-to-the-revision-sheet,y9r-021-9e-how-is-glass-recycled-according-to-the-revision-sheet,9E,chemistry,written-main,describe,2,"How is glass recycled, according to the revision sheet?","Say what happens, what changes, or what is shown. Use short linked points and include values or labels if given.","Give one clear feature, step or change. | Add another linked feature, step or comparison. | Use values, labels or context from the question where useful.",9E Summary sheet p2 Recycling materials
open-answer-card,derived-y9r-022-9e-how-is-paper-recycled-according-to-the-revision-sheet,y9r-022-9e-how-is-paper-recycled-according-to-the-revision-sheet,9E,chemistry,written-main,describe,2,"How is paper recycled, according to the revision sheet?","Say what happens, what changes, or what is shown. Use short linked points and include values or labels if given.","Give one clear feature, step or change. | Add another linked feature, step or comparison. | Use values, labels or context from the question where useful.",9E Summary sheet p2 Recycling materials
open-answer-card,derived-y9r-023-9e-how-is-concrete-recycled-according-to-the-revision-sheet,y9r-023-9e-how-is-concrete-recycled-according-to-the-revision-sheet,9E,chemistry,written-main,describe,2,"How is concrete recycled, according to the revision sheet?","Say what happens, what changes, or what is shown. Use short linked points and include values or labels if given.","Give one clear feature, step or change. | Add another linked feature, step or comparison. | Use values, labels or context from the question where useful.",9E Summary sheet p2 Recycling materials
open-answer-card,derived-y9r-024-9e-give-two-reasons-why-recycling-materials-to-use-again-is-useful,y9r-024-9e-give-two-reasons-why-recycling-materials-to-use-again-is-useful,9E,chemistry,written-main,explain,3,Give two reasons why recycling materials to use again is useful.,"Make the point, give the reason, then link it to the result. Use because/so and the key science term.","Make the science point. | Use because/so to link cause and effect. | Add the result, consequence or application.",9E Summary sheet p2 Recycling materials
open-answer-card,derived-y9r-025-9e-what-is-biomagnification,y9r-025-9e-what-is-biomagnification,9E,chemistry,written-main,explain,3,"A toxin is eaten by small animals, and then many small animals are eaten by a predator. Why can toxin levels become highest in the predator?","Make the point, give the reason, then link it to the result. Use because/so and the key science term.","Make the science point. | Use because/so to link cause and effect. | Add the result, consequence or application.",9E Summary sheet p2 Problems with materials
open-answer-card,derived-y9r-026-9f-in-reactions-and-physical-changes-what-happens-to-the-number-of-atoms,y9r-026-9f-in-reactions-and-physical-changes-what-happens-to-the-number-of-atoms,9F,chemistry,written-main,explain,3,Why is there no overall change in mass in a reaction or physical change?,"Make the point, give the reason, then link it to the result. Use because/so and the key science term.","Make the science point. | Use because/so to link cause and effect. | Add the result, consequence or application.",9F Summary sheet p1 Reactions and equations
open-answer-card,derived-y9r-027-9f-what-do-the-large-numbers-in-an-equation-show,y9r-027-9f-what-do-the-large-numbers-in-an-equation-show,9F,chemistry,written-main,identify,1,What do the large numbers in an equation show?,"Use the labels, diagram or question clue to name the correct item(s). Keep the answer concise.","Look carefully at the label, diagram or clue. | Name the correct item(s), part(s) or feature(s). | Use letters/names clearly if the diagram uses labels.",9F Summary sheet p1 Reactions and equations
open-answer-card,derived-y9r-028-9f-what-do-the-letters-in-brackets-in-an-equation-show,y9r-028-9f-what-do-the-letters-in-brackets-in-an-equation-show,9F,chemistry,written-main,identify,2,What do the letters in brackets in an equation show?,"Use the labels, diagram or question clue to name the correct item(s). Keep the answer concise.","Look carefully at the label, diagram or clue. | Name the correct item(s), part(s) or feature(s). | Use letters/names clearly if the diagram uses labels.",9F Summary sheet p1 Reactions and equations
open-answer-card,derived-y9r-029-9f-what-does-an-atom-contain,y9r-029-9f-what-does-an-atom-contain,9F,chemistry,written-recall,state,1,What does an atom contain?,"Give the exact fact, term, equation or short list. Keep it short and use the science key words.","Find the exact fact the question is asking for. | Write the key word, equation or short list. | Do not add a long explanation unless the question asks for it.",9F Summary sheet p2 Atomic structure
open-answer-card,derived-y9r-030-9f-what-is-the-atomic-number-or-proton-number,y9r-030-9f-what-is-the-atomic-number-or-proton-number,9F,chemistry,written-recall,state,1,What is the atomic number or proton number?,"Give the exact fact, term, equation or short list. Keep it short and use the science key words.","Find the exact fact the question is asking for. | Write the key word, equation or short list. | Do not add a long explanation unless the question asks for it.",9F Summary sheet p2 Atomic structure
open-answer-card,derived-y9r-031-9f-how-are-elements-arranged-in-the-periodic-table,y9r-031-9f-how-are-elements-arranged-in-the-periodic-table,9F,chemistry,written-main,describe,2,How are elements arranged in the periodic table?,"Say what happens, what changes, or what is shown. Use short linked points and include values or labels if given.","Give one clear feature, step or change. | Add another linked feature, step or comparison. | Use values, labels or context from the question where useful.",9F Summary sheet p2 Atomic structure
open-answer-card,derived-y9r-032-9f-what-is-the-mass-number-of-an-atom,y9r-032-9f-what-is-the-mass-number-of-an-atom,9F,chemistry,written-recall,state,1,What is the mass number of an atom?,"Give the exact fact, term, equation or short list. Keep it short and use the science key words.","Find the exact fact the question is asking for. | Write the key word, equation or short list. | Do not add a long explanation unless the question asks for it.",9F Summary sheet p2 Atomic structure
open-answer-card,derived-y9r-033-9f-what-are-groups-and-periods-in-the-periodic-table,y9r-033-9f-what-are-groups-and-periods-in-the-periodic-table,9F,chemistry,written-recall,state,1,What are groups and periods in the periodic table?,"Give the exact fact, term, equation or short list. Keep it short and use the science key words.","Find the exact fact the question is asking for. | Write the key word, equation or short list. | Do not add a long explanation unless the question asks for it.",9F Summary sheet p2 Atomic structure
open-answer-card,derived-y9r-034-9f-what-do-metals-that-react-with-water-produce,y9r-034-9f-what-do-metals-that-react-with-water-produce,9F,chemistry,written-main,state,2,What do metals that react with water produce?,"Give the exact fact, term, equation or short list. Keep it short and use the science key words.","Find the exact fact the question is asking for. | Write the key word, equation or short list. | Do not add a long explanation unless the question asks for it.",9F Summary sheet p1 The reactivity series
open-answer-card,derived-y9r-035-9f-what-do-metals-that-react-with-dilute-acids-produce,y9r-035-9f-what-do-metals-that-react-with-dilute-acids-produce,9F,chemistry,written-main,state,2,What do metals that react with dilute acids produce?,"Give the exact fact, term, equation or short list. Keep it short and use the science key words.","Find the exact fact the question is asking for. | Write the key word, equation or short list. | Do not add a long explanation unless the question asks for it.",9F Summary sheet p1 The reactivity series
open-answer-card,derived-y9r-036-9f-what-is-an-oxidation-reaction-in-the-reactivity-series-section,y9r-036-9f-what-is-an-oxidation-reaction-in-the-reactivity-series-section,9F,chemistry,written-recall,state,1,What is an oxidation reaction in the reactivity-series section?,"Give the exact fact, term, equation or short list. Keep it short and use the science key words.","Find the exact fact the question is asking for. | Write the key word, equation or short list. | Do not add a long explanation unless the question asks for it.",9F Summary sheet p1 The reactivity series
open-answer-card,derived-y9r-037-9f-what-is-a-hydrocarbon,y9r-037-9f-what-is-a-hydrocarbon,9F,chemistry,written-recall,state,1,What is a hydrocarbon?,"Give the exact fact, term, equation or short list. Keep it short and use the science key words.","Find the exact fact the question is asking for. | Write the key word, equation or short list. | Do not add a long explanation unless the question asks for it.",9F Summary sheet p3 Hydrocarbons
open-answer-card,derived-y9r-038-9f-what-is-the-word-equation-for-complete-combustion-of-a-hydrocarbon,y9r-038-9f-what-is-the-word-equation-for-complete-combustion-of-a-hydrocarbon,9F,chemistry,written-recall,state,1,What is the word equation for complete combustion of a hydrocarbon?,"Give the exact fact, term, equation or short list. Keep it short and use the science key words.","Find the exact fact the question is asking for. | Write the key word, equation or short list. | Do not add a long explanation unless the question asks for it.",9F Summary sheet p3 Hydrocarbons
open-answer-card,derived-y9r-039-9f-what-is-the-test-for-oxygen,y9r-039-9f-what-is-the-test-for-oxygen,9F,chemistry,written-recall,state,1,What is the test for oxygen?,"Give the exact fact, term, equation or short list. Keep it short and use the science key words.","Find the exact fact the question is asking for. | Write the key word, equation or short list. | Do not add a long explanation unless the question asks for it.",9F Summary sheet p3 Hydrocarbons
open-answer-card,derived-y9r-040-9f-why-is-an-input-of-energy-from-a-flame-or-spark-needed-to-start-combustion,y9r-040-9f-why-is-an-input-of-energy-from-a-flame-or-spark-needed-to-start-combustion,9F,chemistry,written-main,explain,3,Why is an input of energy from a flame or spark needed to start combustion?,"Make the point, give the reason, then link it to the result. Use because/so and the key science term.","Make the science point. | Use because/so to link cause and effect. | Add the result, consequence or application.",9F Summary sheet p3 Hydrocarbons
open-answer-card,derived-y9r-041-9f-what-increases-the-rate-of-reaction-according-to-the-revision-sheet,y9r-041-9f-what-increases-the-rate-of-reaction-according-to-the-revision-sheet,9F,chemistry,written-recall,state,1,A student wants a reaction to happen faster. Give three changes from the revision sheet that could increase the rate.,"Give the exact fact, term, equation or short list. Keep it short and use the science key words.","Find the exact fact the question is asking for. | Write the key word, equation or short list. | Do not add a long explanation unless the question asks for it.",9F Summary sheet p3 Rates of reaction
open-answer-card,derived-y9r-042-9f-what-is-a-displacement-reaction,y9r-042-9f-what-is-a-displacement-reaction,9F,chemistry,written-recall,state,1,What is a displacement reaction?,"Give the exact fact, term, equation or short list. Keep it short and use the science key words.","Find the exact fact the question is asking for. | Write the key word, equation or short list. | Do not add a long explanation unless the question asks for it.",9F Summary sheet p3 Displacement reactions
open-answer-card,derived-y9r-043-9f-where-do-most-metals-occur,y9r-043-9f-where-do-most-metals-occur,9F,chemistry,written-main,state,2,Where do most metals occur?,"Give the exact fact, term, equation or short list. Keep it short and use the science key words.","Find the exact fact the question is asking for. | Write the key word, equation or short list. | Do not add a long explanation unless the question asks for it.",9F Summary sheet p3 Extracting metals
open-answer-card,derived-y9r-044-9f-which-metals-can-be-extracted-from-their-ores-by-heating-with-carbon,y9r-044-9f-which-metals-can-be-extracted-from-their-ores-by-heating-with-carbon,9F,chemistry,written-main,identify,1,A metal is zinc or below zinc in the reactivity series. Which extraction method can be used?,"Use the labels, diagram or question clue to name the correct item(s). Keep the answer concise.","Look carefully at the label, diagram or clue. | Name the correct item(s), part(s) or feature(s). | Use letters/names clearly if the diagram uses labels.",9F Summary sheet p3 Extracting metals
open-answer-card,derived-y9r-045-9f-which-metals-need-electrolysis-to-extract-them-from-their-ores,y9r-045-9f-which-metals-need-electrolysis-to-extract-them-from-their-ores,9F,chemistry,written-main,explain,3,A metal is above zinc in the reactivity series. Why is electrolysis needed to extract it from its ore?,"Make the point, give the reason, then link it to the result. Use because/so and the key science term.","Make the science point. | Use because/so to link cause and effect. | Add the result, consequence or application.",9F Summary sheet p3 Extracting metals
open-answer-card,derived-y9r-046-9f-what-are-oxidation-reduction-and-redox,y9r-046-9f-what-are-oxidation-reduction-and-redox,9F,chemistry,written-recall,state,1,"What are oxidation, reduction and redox?","Give the exact fact, term, equation or short list. Keep it short and use the science key words.","Find the exact fact the question is asking for. | Write the key word, equation or short list. | Do not add a long explanation unless the question asks for it.",9F Summary sheet p3 Extracting metals
open-answer-card,derived-y9r-047-9i-what-can-forces-make-objects-do,y9r-047-9i-what-can-forces-make-objects-do,9I,physics,written-main,state,3,What can forces make objects do?,"Give the exact fact, term, equation or short list. Keep it short and use the science key words.","Find the exact fact the question is asking for. | Write the key word, equation or short list. | Do not add a long explanation unless the question asks for it.",9I Summary sheet p1 Forces and motion
open-answer-card,derived-y9r-048-9i-what-is-true-about-the-forces-on-an-object-moving-at-a-constant-speed,y9r-048-9i-what-is-true-about-the-forces-on-an-object-moving-at-a-constant-speed,9I,physics,written-recall,state,1,What is true about the forces on an object moving at a constant speed?,"Give the exact fact, term, equation or short list. Keep it short and use the science key words.","Find the exact fact the question is asking for. | Write the key word, equation or short list. | Do not add a long explanation unless the question asks for it.",9I Summary sheet p1 Forces and motion
open-answer-card,derived-y9r-049-9i-what-happens-to-air-resistance-as-a-falling-object-gets-faster,y9r-049-9i-what-happens-to-air-resistance-as-a-falling-object-gets-faster,9I,physics,written-main,describe,2,What happens to air resistance as a falling object gets faster?,"Say what happens, what changes, or what is shown. Use short linked points and include values or labels if given.","Give one clear feature, step or change. | Add another linked feature, step or comparison. | Use values, labels or context from the question where useful.",9I Summary sheet p1 Forces and motion
open-answer-card,derived-y9r-050-9i-what-has-happened-when-a-falling-object-reaches-terminal-velocity,y9r-050-9i-what-has-happened-when-a-falling-object-reaches-terminal-velocity,9I,physics,written-main,explain,2,A falling object is moving at terminal velocity. What has happened to air resistance and weight?,"Make the point, give the reason, then link it to the result. Use because/so and the key science term.","Make the science point. | Use because/so to link cause and effect. | Add the result, consequence or application.",9I Summary sheet p1 Forces and motion
open-answer-card,derived-y9r-051-9i-how-do-you-convert-a-speed-in-m-s-to-km-h,y9r-051-9i-how-do-you-convert-a-speed-in-m-s-to-km-h,9I,physics,written-main,explain,3,How do you convert a speed in m/s to km/h?,"Make the point, give the reason, then link it to the result. Use because/so and the key science term.","Make the science point. | Use because/so to link cause and effect. | Add the result, consequence or application.",9I Summary sheet p1 Speed
open-answer-card,derived-y9r-052-9i-how-do-you-convert-a-speed-in-km-h-to-m-s,y9r-052-9i-how-do-you-convert-a-speed-in-km-h-to-m-s,9I,physics,written-main,explain,3,How do you convert a speed in km/h to m/s?,"Make the point, give the reason, then link it to the result. Use because/so and the key science term.","Make the science point. | Use because/so to link cause and effect. | Add the result, consequence or application.",9I Summary sheet p1 Speed
open-answer-card,derived-y9r-053-9i-what-is-mean-speed,y9r-053-9i-what-is-mean-speed,9I,physics,written-recall,state,1,What is mean speed?,"Give the exact fact, term, equation or short list. Keep it short and use the science key words.","Find the exact fact the question is asking for. | Write the key word, equation or short list. | Do not add a long explanation unless the question asks for it.",9I Summary sheet p1 Speed
open-answer-card,derived-y9r-054-9i-what-is-the-relative-speed-of-a-car-travelling-at-50-km-h-compared-to-one-t,y9r-054-9i-what-is-the-relative-speed-of-a-car-travelling-at-50-km-h-compared-to-one-t,9I,physics,written-main,calculate,2,One car travels at 50 km/h and another travels at 30 km/h in the same direction. What is the relative speed?,"Write the formula or method, substitute values, then give the answer with a unit or required rounding.",Write the equation or method. | Substitute the values and show working. | Give the final answer with the correct unit or rounding.,9I Summary sheet p1 Speed
open-answer-card,derived-y9r-055-9i-what-does-a-speed-time-graph-show,y9r-055-9i-what-does-a-speed-time-graph-show,9I,physics,written-main,graph,3,What does a speed-time graph show?,"Read the axes and scale first. Use values where useful, then describe or draw the trend/relationship.","Check the x-axis, y-axis and scale. | Use values, gradients or line shape where useful. | Describe the trend or draw/plot the requested relationship.",9I Summary sheet p1 Speed-time graphs
open-answer-card,derived-y9r-056-9i-what-do-horizontal-lines-show-on-a-speed-time-graph,y9r-056-9i-what-do-horizontal-lines-show-on-a-speed-time-graph,9I,physics,written-main,graph,3,What do horizontal lines show on a speed-time graph?,"Read the axes and scale first. Use values where useful, then describe or draw the trend/relationship.","Check the x-axis, y-axis and scale. | Use values, gradients or line shape where useful. | Describe the trend or draw/plot the requested relationship.",9I Summary sheet p1 Speed-time graphs
open-answer-card,derived-y9r-057-9i-what-do-sloping-lines-show-on-a-speed-time-graph,y9r-057-9i-what-do-sloping-lines-show-on-a-speed-time-graph,9I,physics,written-main,graph,3,What do sloping lines show on a speed-time graph?,"Read the axes and scale first. Use values where useful, then describe or draw the trend/relationship.","Check the x-axis, y-axis and scale. | Use values, gradients or line shape where useful. | Describe the trend or draw/plot the requested relationship.",9I Summary sheet p1 Speed-time graphs
open-answer-card,derived-y9r-058-9i-on-a-distance-time-graph-what-does-the-gradient-of-a-line-give,y9r-058-9i-on-a-distance-time-graph-what-does-the-gradient-of-a-line-give,9I,physics,written-main,graph,3,"On a distance-time graph, what does the gradient of a line give?","Read the axes and scale first. Use values where useful, then describe or draw the trend/relationship.","Check the x-axis, y-axis and scale. | Use values, gradients or line shape where useful. | Describe the trend or draw/plot the requested relationship.",9I Summary sheet p2 Gradients
open-answer-card,derived-y9r-059-9i-what-is-a-pivot-also-known-as,y9r-059-9i-what-is-a-pivot-also-known-as,9I,physics,written-recall,state,1,What is a pivot also known as?,"Give the exact fact, term, equation or short list. Keep it short and use the science key words.","Find the exact fact the question is asking for. | Write the key word, equation or short list. | Do not add a long explanation unless the question asks for it.",9I Summary sheet p2 Levers and moments
open-answer-card,derived-y9r-060-9i-what-is-a-turning-force-called,y9r-060-9i-what-is-a-turning-force-called,9I,physics,written-recall,state,1,What is a turning force called?,"Give the exact fact, term, equation or short list. Keep it short and use the science key words.","Find the exact fact the question is asking for. | Write the key word, equation or short list. | Do not add a long explanation unless the question asks for it.",9I Summary sheet p2 Levers and moments
open-answer-card,derived-y9r-061-9i-what-is-the-formula-for-moment,y9r-061-9i-what-is-the-formula-for-moment,9I,physics,written-recall,state,1,What is the formula for moment?,"Give the exact fact, term, equation or short list. Keep it short and use the science key words.","Find the exact fact the question is asking for. | Write the key word, equation or short list. | Do not add a long explanation unless the question asks for it.",9I Summary sheet p2 Levers and moments
open-answer-card,derived-y9r-062-9i-what-is-true-when-an-object-is-balanced,y9r-062-9i-what-is-true-when-an-object-is-balanced,9I,physics,written-recall,state,1,What is true when an object is balanced?,"Give the exact fact, term, equation or short list. Keep it short and use the science key words.","Find the exact fact the question is asking for. | Write the key word, equation or short list. | Do not add a long explanation unless the question asks for it.",9I Summary sheet p3 Levers and moments
open-answer-card,derived-y9r-063-9i-what-is-work-done,y9r-063-9i-what-is-work-done,9I,physics,written-recall,state,1,What is work done?,"Give the exact fact, term, equation or short list. Keep it short and use the science key words.","Find the exact fact the question is asking for. | Write the key word, equation or short list. | Do not add a long explanation unless the question asks for it.",9I Summary sheet p3 Simple machines
open-answer-card,derived-y9r-064-9i-what-is-the-formula-for-work-done,y9r-064-9i-what-is-the-formula-for-work-done,9I,physics,written-recall,state,1,What is the formula for work done?,"Give the exact fact, term, equation or short list. Keep it short and use the science key words.","Find the exact fact the question is asking for. | Write the key word, equation or short list. | Do not add a long explanation unless the question asks for it.",9I Summary sheet p3 Simple machines
open-answer-card,derived-y9r-065-9j-what-is-a-force-field,y9r-065-9j-what-is-a-force-field,9J,physics,written-recall,state,1,What is a force field?,"Give the exact fact, term, equation or short list. Keep it short and use the science key words.","Find the exact fact the question is asking for. | Write the key word, equation or short list. | Do not add a long explanation unless the question asks for it.",9J Summary sheet p1 Force fields
open-answer-card,derived-y9r-066-9j-what-is-the-earths-gravitational-field-strength-according-to-the-revision-s,y9r-066-9j-what-is-the-earths-gravitational-field-strength-according-to-the-revision-s,9J,physics,written-recall,state,1,"What is the Earth’s gravitational field strength, according to the revision sheet?","Give the exact fact, term, equation or short list. Keep it short and use the science key words.","Find the exact fact the question is asking for. | Write the key word, equation or short list. | Do not add a long explanation unless the question asks for it.",9J Summary sheet p1 Gravitational fields
open-answer-card,derived-y9r-067-9j-what-formula-is-used-to-calculate-weight,y9r-067-9j-what-formula-is-used-to-calculate-weight,9J,physics,written-main,calculate,2,What formula is used to calculate weight?,"Write the formula or method, substitute values, then give the answer with a unit or required rounding.",Write the equation or method. | Substitute the values and show working. | Give the final answer with the correct unit or rounding.,9J Summary sheet p1 Gravitational fields
open-answer-card,derived-y9r-068-9j-in-an-electric-field-diagram-what-do-the-arrows-show,y9r-068-9j-in-an-electric-field-diagram-what-do-the-arrows-show,9J,physics,written-main,identify,1,"In an electric field diagram, what do the arrows show?","Use the labels, diagram or question clue to name the correct item(s). Keep the answer concise.","Look carefully at the label, diagram or clue. | Name the correct item(s), part(s) or feature(s). | Use letters/names clearly if the diagram uses labels.",9J Summary sheet p1 Static electricity
open-answer-card,derived-y9r-069-9j-what-is-current,y9r-069-9j-what-is-current,9J,physics,written-recall,state,1,What is current?,"Give the exact fact, term, equation or short list. Keep it short and use the science key words.","Find the exact fact the question is asking for. | Write the key word, equation or short list. | Do not add a long explanation unless the question asks for it.",9J Summary sheet p1 Electric circuits
open-answer-card,derived-y9r-070-9j-how-do-we-measure-current,y9r-070-9j-how-do-we-measure-current,9J,physics,written-main,explain,3,How do we measure current?,"Make the point, give the reason, then link it to the result. Use because/so and the key science term.","Make the science point. | Use because/so to link cause and effect. | Add the result, consequence or application.",9J Summary sheet p1 Electric circuits
open-answer-card,derived-y9r-071-9j-how-do-we-measure-voltage,y9r-071-9j-how-do-we-measure-voltage,9J,physics,written-main,explain,3,How do we measure voltage?,"Make the point, give the reason, then link it to the result. Use because/so and the key science term.","Make the science point. | Use because/so to link cause and effect. | Add the result, consequence or application.",9J Summary sheet p1 Electric circuits
open-answer-card,derived-y9r-072-9j-what-is-resistance,y9r-072-9j-what-is-resistance,9J,physics,written-recall,state,1,What is resistance?,"Give the exact fact, term, equation or short list. Keep it short and use the science key words.","Find the exact fact the question is asking for. | Write the key word, equation or short list. | Do not add a long explanation unless the question asks for it.",9J Summary sheet p2 Resistance
open-answer-card,derived-y9r-073-9j-if-resistance-stays-the-same-what-happens-when-voltage-is-higher,y9r-073-9j-if-resistance-stays-the-same-what-happens-when-voltage-is-higher,9J,physics,written-main,explain,2,"A component has the same resistance, but the voltage across it is increased. What happens to the current?","Make the point, give the reason, then link it to the result. Use because/so and the key science term.","Make the science point. | Use because/so to link cause and effect. | Add the result, consequence or application.",9J Summary sheet p2 Resistance
open-answer-card,derived-y9r-074-9j-if-voltage-stays-the-same-what-happens-when-resistance-is-higher,y9r-074-9j-if-voltage-stays-the-same-what-happens-when-resistance-is-higher,9J,physics,written-main,explain,2,"A circuit has the same voltage, but the resistance is increased. What happens to the current?","Make the point, give the reason, then link it to the result. Use because/so and the key science term.","Make the science point. | Use because/so to link cause and effect. | Add the result, consequence or application.",9J Summary sheet p2 Resistance
open-answer-card,derived-y9r-075-9j-what-three-things-does-the-resistance-of-a-wire-depend-on,y9r-075-9j-what-three-things-does-the-resistance-of-a-wire-depend-on,9J,physics,written-main,state,3,What three things does the resistance of a wire depend on?,"Give the exact fact, term, equation or short list. Keep it short and use the science key words.","Find the exact fact the question is asking for. | Write the key word, equation or short list. | Do not add a long explanation unless the question asks for it.",9J Summary sheet p2 Resistance
open-answer-card,derived-y9r-076-9j-how-does-wire-length-affect-resistance,y9r-076-9j-how-does-wire-length-affect-resistance,9J,physics,written-main,explain,3,How does wire length affect resistance?,"Make the point, give the reason, then link it to the result. Use because/so and the key science term.","Make the science point. | Use because/so to link cause and effect. | Add the result, consequence or application.",9J Summary sheet p2 Resistance
open-answer-card,derived-y9r-077-9j-how-does-wire-thickness-affect-resistance,y9r-077-9j-how-does-wire-thickness-affect-resistance,9J,physics,written-main,explain,3,How does wire thickness affect resistance?,"Make the point, give the reason, then link it to the result. Use because/so and the key science term.","Make the science point. | Use because/so to link cause and effect. | Add the result, consequence or application.",9J Summary sheet p2 Resistance
open-answer-card,derived-y9r-078-9j-what-is-the-formula-for-calculating-resistance-from-voltage-and-current,y9r-078-9j-what-is-the-formula-for-calculating-resistance-from-voltage-and-current,9J,physics,written-recall,state,1,What is the formula for calculating resistance from voltage and current?,"Give the exact fact, term, equation or short list. Keep it short and use the science key words.","Find the exact fact the question is asking for. | Write the key word, equation or short list. | Do not add a long explanation unless the question asks for it.",9J Summary sheet p2 Calculating resistance
open-answer-card,derived-y9r-079-9j-what-is-an-electromagnet,y9r-079-9j-what-is-an-electromagnet,9J,physics,written-recall,state,1,What is an electromagnet?,"Give the exact fact, term, equation or short list. Keep it short and use the science key words.","Find the exact fact the question is asking for. | Write the key word, equation or short list. | Do not add a long explanation unless the question asks for it.",9J Summary sheet p2 Electromagnets
open-answer-card,derived-y9r-080-9j-when-is-an-electromagnet-magnetic,y9r-080-9j-when-is-an-electromagnet-magnetic,9J,physics,written-main,state,1,When is an electromagnet magnetic?,"Give the exact fact, term, equation or short list. Keep it short and use the science key words.","Find the exact fact the question is asking for. | Write the key word, equation or short list. | Do not add a long explanation unless the question asks for it.",9J Summary sheet p2 Electromagnets
open-answer-card,derived-y9r-081-9j-give-three-ways-to-make-an-electromagnet-stronger,y9r-081-9j-give-three-ways-to-make-an-electromagnet-stronger,9J,physics,written-recall,state,1,Give three ways to make an electromagnet stronger.,"Give the exact fact, term, equation or short list. Keep it short and use the science key words.","Find the exact fact the question is asking for. | Write the key word, equation or short list. | Do not add a long explanation unless the question asks for it.",9J Summary sheet p2 Electromagnets
open-answer-card,derived-y9r-082-9j-what-is-the-motor-effect,y9r-082-9j-what-is-the-motor-effect,9J,physics,written-recall,state,1,What is the motor effect?,"Give the exact fact, term, equation or short list. Keep it short and use the science key words.","Find the exact fact the question is asking for. | Write the key word, equation or short list. | Do not add a long explanation unless the question asks for it.",9J Summary sheet p3 Motors
open-answer-card,derived-y9r-083-9j-what-does-an-electric-motor-consist-of,y9r-083-9j-what-does-an-electric-motor-consist-of,9J,physics,written-recall,state,1,What does an electric motor consist of?,"Give the exact fact, term, equation or short list. Keep it short and use the science key words.","Find the exact fact the question is asking for. | Write the key word, equation or short list. | Do not add a long explanation unless the question asks for it.",9J Summary sheet p3 Motors
open-answer-card,derived-y9r-084-9j-what-makes-the-coil-in-an-electric-motor-turn,y9r-084-9j-what-makes-the-coil-in-an-electric-motor-turn,9J,physics,written-main,explain,2,What makes the coil in an electric motor turn?,"Make the point, give the reason, then link it to the result. Use because/so and the key science term.","Make the science point. | Use because/so to link cause and effect. | Add the result, consequence or application.",9J Summary sheet p3 Motors
open-answer-card,derived-y9r-085-9j-how-can-the-speed-of-the-motor-or-the-force-it-provides-be-increased,y9r-085-9j-how-can-the-speed-of-the-motor-or-the-force-it-provides-be-increased,9J,physics,written-main,explain,3,"How can the speed of the motor, or the force it provides, be increased?","Make the point, give the reason, then link it to the result. Use because/so and the key science term.","Make the science point. | Use because/so to link cause and effect. | Add the result, consequence or application.",9J Summary sheet p3 Motors
open-answer-card,derived-y9p-001-9a-what-is-an-abiotic-factor,y9p-001-9a-what-is-an-abiotic-factor,9A,biology,written-recall,state,1,What is an abiotic factor?,"Give the exact fact, term, equation or short list. Keep it short and use the science key words.","Find the exact fact the question is asking for. | Write the key word, equation or short list. | Do not add a long explanation unless the question asks for it.",9A Word sheet 9Aa Environmental variation
open-answer-card,derived-y9p-002-9a-what-is-a-biotic-factor,y9p-002-9a-what-is-a-biotic-factor,9A,biology,written-recall,state,1,What is a biotic factor?,"Give the exact fact, term, equation or short list. Keep it short and use the science key words.","Find the exact fact the question is asking for. | Write the key word, equation or short list. | Do not add a long explanation unless the question asks for it.",9A Word sheet 9Aa Environmental variation
open-answer-card,derived-y9p-003-9a-give-three-examples-of-living-or-biotic-factors-from-the-revision-sheet,y9p-003-9a-give-three-examples-of-living-or-biotic-factors-from-the-revision-sheet,9A,biology,written-recall,state,1,Give three examples of living or biotic factors from the revision sheet.,"Give the exact fact, term, equation or short list. Keep it short and use the science key words.","Find the exact fact the question is asking for. | Write the key word, equation or short list. | Do not add a long explanation unless the question asks for it.",9A Summary sheet p1 Environmental variation
open-answer-card,derived-y9p-004-9a-what-are-abiotic-factors,y9p-004-9a-what-are-abiotic-factors,9A,biology,written-recall,state,1,What are abiotic factors?,"Give the exact fact, term, equation or short list. Keep it short and use the science key words.","Find the exact fact the question is asking for. | Write the key word, equation or short list. | Do not add a long explanation unless the question asks for it.",9A Summary sheet p1 Environmental variation
open-answer-card,derived-y9p-005-9a-what-forms-an-ecosystem,y9p-005-9a-what-forms-an-ecosystem,9A,biology,written-main,state,2,What forms an ecosystem?,"Give the exact fact, term, equation or short list. Keep it short and use the science key words.","Find the exact fact the question is asking for. | Write the key word, equation or short list. | Do not add a long explanation unless the question asks for it.",9A Summary sheet p1 Environmental variation
open-answer-card,derived-y9p-006-9a-how-can-probabilities-be-shown-in-inheritance-questions,y9p-006-9a-how-can-probabilities-be-shown-in-inheritance-questions,9A,biology,written-main,explain,3,How can probabilities be shown in inheritance questions?,"Make the point, give the reason, then link it to the result. Use because/so and the key science term.","Make the science point. | Use because/so to link cause and effect. | Add the result, consequence or application.","9A Summary sheet p1 Chromosomes, genes and DNA"
open-answer-card,derived-y9p-007-9a-what-does-probability-mean,y9p-007-9a-what-does-probability-mean,9A,biology,written-recall,state,1,What does probability mean?,"Give the exact fact, term, equation or short list. Keep it short and use the science key words.","Find the exact fact the question is asking for. | Write the key word, equation or short list. | Do not add a long explanation unless the question asks for it.",9A Word sheet 9Ab Probability
open-answer-card,derived-y9p-008-9a-write-25-as-a-decimal-and-as-a-fraction,y9p-008-9a-write-25-as-a-decimal-and-as-a-fraction,9A,biology,written-recall,state,1,Write 25% as a decimal and as a fraction.,"Give the exact fact, term, equation or short list. Keep it short and use the science key words.","Find the exact fact the question is asking for. | Write the key word, equation or short list. | Do not add a long explanation unless the question asks for it.","9A Summary sheet p1 Chromosomes, genes and DNA"
open-answer-card,derived-y9p-009-9f-what-is-neutralisation,y9p-009-9f-what-is-neutralisation,9F,chemistry,written-recall,state,1,What is neutralisation?,"Give the exact fact, term, equation or short list. Keep it short and use the science key words.","Find the exact fact the question is asking for. | Write the key word, equation or short list. | Do not add a long explanation unless the question asks for it.",9F Word sheet 9Fc Energy and reactions
open-answer-card,derived-y9p-010-9f-what-is-a-thermite-reaction,y9p-010-9f-what-is-a-thermite-reaction,9F,chemistry,written-recall,state,1,What is a thermite reaction?,"Give the exact fact, term, equation or short list. Keep it short and use the science key words.","Find the exact fact the question is asking for. | Write the key word, equation or short list. | Do not add a long explanation unless the question asks for it.",9F Word sheet 9Fd Displacement
open-answer-card,derived-y9p-012-9f-in-the-thermite-reaction-which-metal-displaces-iron,y9p-012-9f-in-the-thermite-reaction-which-metal-displaces-iron,9F,chemistry,written-main,identify,1,"In the thermite reaction, which metal displaces iron?","Use the labels, diagram or question clue to name the correct item(s). Keep the answer concise.","Look carefully at the label, diagram or clue. | Name the correct item(s), part(s) or feature(s). | Use letters/names clearly if the diagram uses labels.",9F Quick Quiz 9Fd Q4
open-answer-card,derived-y9p-013-9f-what-is-thermal-decomposition,y9p-013-9f-what-is-thermal-decomposition,9F,chemistry,written-recall,state,1,What is thermal decomposition?,"Give the exact fact, term, equation or short list. Keep it short and use the science key words.","Find the exact fact the question is asking for. | Write the key word, equation or short list. | Do not add a long explanation unless the question asks for it.",9E Word sheet 9Ec/9Ed Thermal decomposition
open-answer-card,derived-y9p-014-9f-what-energy-supply-do-thermal-decomposition-reactions-need-to-keep-going,y9p-014-9f-what-energy-supply-do-thermal-decomposition-reactions-need-to-keep-going,9F,chemistry,written-main,state,1,What energy supply do thermal decomposition reactions need to keep going?,"Give the exact fact, term, equation or short list. Keep it short and use the science key words.","Find the exact fact the question is asking for. | Write the key word, equation or short list. | Do not add a long explanation unless the question asks for it.",9F Summary sheet p3 Hydrocarbons
open-answer-card,derived-y9p-015-9f-what-is-an-oxidising-agent,y9p-015-9f-what-is-an-oxidising-agent,9F,chemistry,written-recall,state,1,What is an oxidising agent?,"Give the exact fact, term, equation or short list. Keep it short and use the science key words.","Find the exact fact the question is asking for. | Write the key word, equation or short list. | Do not add a long explanation unless the question asks for it.",9F Word sheet 9Fc Energy and reactions
open-answer-card,derived-y9p-016-9f-what-is-a-reducing-agent,y9p-016-9f-what-is-a-reducing-agent,9F,chemistry,written-recall,state,1,What is a reducing agent?,"Give the exact fact, term, equation or short list. Keep it short and use the science key words.","Find the exact fact the question is asking for. | Write the key word, equation or short list. | Do not add a long explanation unless the question asks for it.",9F Word sheet 9Fe Extracting metals
open-answer-card,derived-y9p-017-9f-when-has-a-substance-been-reduced,y9p-017-9f-when-has-a-substance-been-reduced,9F,chemistry,written-main,state,1,When has a substance been reduced?,"Give the exact fact, term, equation or short list. Keep it short and use the science key words.","Find the exact fact the question is asking for. | Write the key word, equation or short list. | Do not add a long explanation unless the question asks for it.",9F Word sheet 9Fe Extracting metals
open-answer-card,derived-y9p-018-9f-what-is-a-redox-reaction,y9p-018-9f-what-is-a-redox-reaction,9F,chemistry,written-recall,state,1,What is a redox reaction?,"Give the exact fact, term, equation or short list. Keep it short and use the science key words.","Find the exact fact the question is asking for. | Write the key word, equation or short list. | Do not add a long explanation unless the question asks for it.",9F Word sheet 9Fe Extracting metals
open-answer-card,derived-y9p-019-9f-what-is-oxidation,y9p-019-9f-what-is-oxidation,9F,chemistry,written-recall,state,1,What is oxidation?,"Give the exact fact, term, equation or short list. Keep it short and use the science key words.","Find the exact fact the question is asking for. | Write the key word, equation or short list. | Do not add a long explanation unless the question asks for it.",9F Word sheet 9Fb Reactivity
open-answer-card,derived-y9p-020-9f-what-is-the-percentage-loss-or-gain-formula-from-the-revision-sheet,y9p-020-9f-what-is-the-percentage-loss-or-gain-formula-from-the-revision-sheet,9F,chemistry,written-recall,state,1,What is the percentage loss or gain formula from the revision sheet?,"Give the exact fact, term, equation or short list. Keep it short and use the science key words.","Find the exact fact the question is asking for. | Write the key word, equation or short list. | Do not add a long explanation unless the question asks for it.",9F Summary sheet p3 Percentage loss or gain
open-answer-card,derived-y9p-021-9j-what-is-a-decimal-place,y9p-021-9j-what-is-a-decimal-place,9J,physics,written-recall,state,1,What is a decimal place?,"Give the exact fact, term, equation or short list. Keep it short and use the science key words.","Find the exact fact the question is asking for. | Write the key word, equation or short list. | Do not add a long explanation unless the question asks for it.",9J Word sheet 9Jd WS Rounding numbers
open-answer-card,derived-y9p-022-9j-how-do-you-find-the-number-of-decimal-places-in-a-number,y9p-022-9j-how-do-you-find-the-number-of-decimal-places-in-a-number,9J,physics,written-main,explain,3,How do you find the number of decimal places in a number?,"Make the point, give the reason, then link it to the result. Use because/so and the key science term.","Make the science point. | Use because/so to link cause and effect. | Add the result, consequence or application.",9J Word sheet 9Jd WS Rounding numbers
open-answer-card,derived-y9p-023-9j-what-is-the-first-significant-figure-in-a-number,y9p-023-9j-what-is-the-first-significant-figure-in-a-number,9J,physics,written-recall,state,1,What is the first significant figure in a number?,"Give the exact fact, term, equation or short list. Keep it short and use the science key words.","Find the exact fact the question is asking for. | Write the key word, equation or short list. | Do not add a long explanation unless the question asks for it.",9J Word sheet 9Jd WS Rounding numbers
open-answer-card,derived-y9p-024-9j-what-is-the-second-significant-figure-in-a-number,y9p-024-9j-what-is-the-second-significant-figure-in-a-number,9J,physics,written-recall,state,1,What is the second significant figure in a number?,"Give the exact fact, term, equation or short list. Keep it short and use the science key words.","Find the exact fact the question is asking for. | Write the key word, equation or short list. | Do not add a long explanation unless the question asks for it.",9J Word sheet 9Jd WS Rounding numbers
open-answer-card,derived-y9p-025-9j-in-the-number-3-407-how-many-decimal-places-are-there,y9p-025-9j-in-the-number-3-407-how-many-decimal-places-are-there,9J,physics,written-main,calculate,1,"In the number 3.407, how many decimal places are there?","Write the formula or method, substitute values, then give the answer with a unit or required rounding.",Write the equation or method. | Substitute the values and show working. | Give the final answer with the correct unit or rounding.,9J Word sheet 9Jd WS Rounding numbers
open-answer-card,derived-y9p-026-9j-in-the-number-0-0632-what-is-the-first-significant-figure,y9p-026-9j-in-the-number-0-0632-what-is-the-first-significant-figure,9J,physics,written-main,identify,1,"In the number 0.0632, what is the first significant figure?","Use the labels, diagram or question clue to name the correct item(s). Keep the answer concise.","Look carefully at the label, diagram or clue. | Name the correct item(s), part(s) or feature(s). | Use letters/names clearly if the diagram uses labels.",9J Word sheet 9Jd WS Rounding numbers
open-answer-card,derived-y9p-027-9j-round-42-786-to-one-decimal-place,y9p-027-9j-round-42-786-to-one-decimal-place,9J,physics,written-main,calculate,1,Round 42.786 to one decimal place.,"Write the formula or method, substitute values, then give the answer with a unit or required rounding.",Write the equation or method. | Substitute the values and show working. | Give the final answer with the correct unit or rounding.,9J Word sheet 9Jd WS Rounding numbers
open-answer-card,derived-y9p-028-9j-round-42-786-to-two-decimal-places,y9p-028-9j-round-42-786-to-two-decimal-places,9J,physics,written-main,calculate,1,Round 42.786 to two decimal places.,"Write the formula or method, substitute values, then give the answer with a unit or required rounding.",Write the equation or method. | Substitute the values and show working. | Give the final answer with the correct unit or rounding.,9J Word sheet 9Jd WS Rounding numbers
open-answer-card,derived-y9p-029-9j-round-0-0632-to-one-significant-figure,y9p-029-9j-round-0-0632-to-one-significant-figure,9J,physics,written-main,calculate,1,Round 0.0632 to one significant figure.,"Write the formula or method, substitute values, then give the answer with a unit or required rounding.",Write the equation or method. | Substitute the values and show working. | Give the final answer with the correct unit or rounding.,9J Word sheet 9Jd WS Rounding numbers
open-answer-card,derived-y9p-030-9j-round-0-0632-to-two-significant-figures,y9p-030-9j-round-0-0632-to-two-significant-figures,9J,physics,written-main,calculate,1,Round 0.0632 to two significant figures.,"Write the formula or method, substitute values, then give the answer with a unit or required rounding.",Write the equation or method. | Substitute the values and show working. | Give the final answer with the correct unit or rounding.,9J Word sheet 9Jd WS Rounding numbers
open-answer-card,derived-y9p-031-9j-what-is-the-difference-between-decimal-places-and-significant-figures,y9p-031-9j-what-is-the-difference-between-decimal-places-and-significant-figures,9J,physics,written-recall,state,1,What is the difference between decimal places and significant figures?,"Give the exact fact, term, equation or short list. Keep it short and use the science key words.","Find the exact fact the question is asking for. | Write the key word, equation or short list. | Do not add a long explanation unless the question asks for it.",9J Word sheet 9Jd WS Rounding numbers
open-answer-card,derived-y9qb-001-9b-farming-benefit-problem-compare,y9qb-001-9b-farming-benefit-problem-compare,9B,biology,written-main,explain,3,A farmer uses fertilisers and pesticides to increase crop yield. Explain one benefit and one possible problem for each method.,"Make the point, give the reason, then link it to the result. Use because/so and the key science term.","Make the science point. | Use because/so to link cause and effect. | Add the result, consequence or application.",9B revision pack farming methods / sustainability notes
open-answer-card,derived-y9qb-002-9e-thermal-decomposition-state-symbols,y9qb-002-9e-thermal-decomposition-state-symbols,9E,chemistry,written-recall,state,1,Calcium carbonate thermally decomposes. Name the two products and give the state symbol meaning for gas.,"Give the exact fact, term, equation or short list. Keep it short and use the science key words.","Find the exact fact the question is asking for. | Write the key word, equation or short list. | Do not add a long explanation unless the question asks for it.",9E revision pack thermal decomposition / state symbols
open-answer-card,derived-y9qb-003-9f-redox-thermite-application,y9qb-003-9f-redox-thermite-application,9F,chemistry,written-main,explain,3,"In the thermite reaction, aluminium reacts with iron oxide to form aluminium oxide and iron. Which substance is reduced, and why?","Make the point, give the reason, then link it to the result. Use because/so and the key science term.","Make the science point. | Use because/so to link cause and effect. | Add the result, consequence or application.","9F revision pack thermite / oxidation, reduction and redox"
open-answer-card,derived-y9qb-004-9i-moments-balanced-application,y9qb-004-9i-moments-balanced-application,9I,physics,written-main,calculate,2,"A 20 N force acts 0.5 m from a pivot. What moment does it produce, and what equal opposite moment is needed for balance?","Write the formula or method, substitute values, then give the answer with a unit or required rounding.",Write the equation or method. | Substitute the values and show working. | Give the final answer with the correct unit or rounding.,9I revision pack moments / balanced moments
open-answer-card,derived-y9qb-005-9j-wire-resistance-investigation-variables,y9qb-005-9j-wire-resistance-investigation-variables,9J,physics,written-main,identify,1,"In a wire-resistance investigation, which variables should be controlled if you are testing how length affects resistance?","Use the labels, diagram or question clue to name the correct item(s). Keep the answer concise.","Look carefully at the label, diagram or clue. | Name the correct item(s), part(s) or feature(s). | Use letters/names clearly if the diagram uses labels.",9J revision pack wire resistance investigation
open-answer-card,derived-y9qb-006-9j-significant-figures-application,y9qb-006-9j-significant-figures-application,9J,physics,written-recall,calculate,1,A calculated value is 0.0632 A. Write it to one significant figure and to two significant figures.,"Write the formula or method, substitute values, then give the answer with a unit or required rounding.",Write the equation or method. | Substitute the values and show working. | Give the final answer with the correct unit or rounding.,9J Word sheet 9Jd WS Rounding numbers
open-answer-card,derived-y9cgp-004-I-pressure-calculate-the-pressure-when-a-120-n-force-acts-on-an-area-of,y9cgp-004-I-pressure-calculate-the-pressure-when-a-120-n-force-acts-on-an-area-of,9I,physics,written-main,calculate,2,Calculate the pressure when a 120 N force acts on an area of 0.50 m².,"Write the formula or method, substitute values, then give the answer with a unit or required rounding.",Write the equation or method. | Substitute the values and show working. | Give the final answer with the correct unit or rounding.,CGP KS3 Science syllabus map Year 9 Topic 1 Pressure; Oak pressure/floating lessons
open-answer-card,derived-y9cgp-005-I-pressure-a-force-of-60-n-produces-a-pressure-of-300-pa-calculate-the-,y9cgp-005-I-pressure-a-force-of-60-n-produces-a-pressure-of-300-pa-calculate-the-,9I,physics,written-main,calculate,2,A force of 60 N produces a pressure of 300 Pa. Calculate the area.,"Write the formula or method, substitute values, then give the answer with a unit or required rounding.",Write the equation or method. | Substitute the values and show working. | Give the final answer with the correct unit or rounding.,CGP KS3 Science syllabus map Year 9 Topic 1 Pressure; Oak pressure/floating lessons
open-answer-card,derived-y9cgp-006-I-pressure-describe-how-liquid-pressure-changes-with-depth,y9cgp-006-I-pressure-describe-how-liquid-pressure-changes-with-depth,9I,physics,written-main,describe,2,Describe how liquid pressure changes with depth.,"Say what happens, what changes, or what is shown. Use short linked points and include values or labels if given.","Give one clear feature, step or change. | Add another linked feature, step or comparison. | Use values, labels or context from the question where useful.",CGP KS3 Science syllabus map Year 9 Topic 1 Pressure; Oak pressure/floating lessons
open-answer-card,derived-y9cgp-007-I-pressure-why-does-a-dam-wall-need-to-be-stronger-near-the-bottom,y9cgp-007-I-pressure-why-does-a-dam-wall-need-to-be-stronger-near-the-bottom,9I,physics,written-main,explain,3,Why does a dam wall need to be stronger near the bottom?,"Make the point, give the reason, then link it to the result. Use because/so and the key science term.","Make the science point. | Use because/so to link cause and effect. | Add the result, consequence or application.",CGP KS3 Science syllabus map Year 9 Topic 1 Pressure; Oak pressure/floating lessons
open-answer-card,derived-y9cgp-009-I-pressure-describe-how-atmospheric-pressure-changes-with-height,y9cgp-009-I-pressure-describe-how-atmospheric-pressure-changes-with-height,9I,physics,written-main,describe,2,Describe how atmospheric pressure changes with height.,"Say what happens, what changes, or what is shown. Use short linked points and include values or labels if given.","Give one clear feature, step or change. | Add another linked feature, step or comparison. | Use values, labels or context from the question where useful.",CGP KS3 Science syllabus map Year 9 Topic 1 Pressure; Oak pressure/floating lessons
open-answer-card,derived-y9cgp-010-I-pressure-why-can-a-large-ship-float-even-though-it-is-made-from-dense,y9cgp-010-I-pressure-why-can-a-large-ship-float-even-though-it-is-made-from-dense,9I,physics,written-main,explain,3,Why can a large ship float even though it is made from dense metal?,"Make the point, give the reason, then link it to the result. Use because/so and the key science term.","Make the science point. | Use because/so to link cause and effect. | Add the result, consequence or application.",CGP KS3 Science syllabus map Year 9 Topic 1 Pressure; Oak pressure/floating lessons
open-answer-card,derived-y9cgp-011-I-pressure-what-does-it-mean-if-an-object-floats,y9cgp-011-I-pressure-what-does-it-mean-if-an-object-floats,9I,physics,written-recall,state,1,What does it mean if an object floats?,"Give the exact fact, term, equation or short list. Keep it short and use the science key words.","Find the exact fact the question is asking for. | Write the key word, equation or short list. | Do not add a long explanation unless the question asks for it.",CGP KS3 Science syllabus map Year 9 Topic 1 Pressure; Oak pressure/floating lessons
open-answer-card,derived-y9cgp-013-I-pressure-why-do-snowshoes-help-a-person-walk-on-soft-snow,y9cgp-013-I-pressure-why-do-snowshoes-help-a-person-walk-on-soft-snow,9I,physics,written-main,explain,3,Why do snowshoes help a person walk on soft snow?,"Make the point, give the reason, then link it to the result. Use because/so and the key science term.","Make the science point. | Use because/so to link cause and effect. | Add the result, consequence or application.",CGP KS3 Science syllabus map Year 9 Topic 1 Pressure; Oak pressure/floating lessons
open-answer-card,derived-y9cgp-014-I-pressure-a-block-underwater-has-equal-sized-top-and-bottom-faces-expl,y9cgp-014-I-pressure-a-block-underwater-has-equal-sized-top-and-bottom-faces-expl,9I,physics,written-main,explain,3,A block underwater has equal-sized top and bottom faces. Explain why water can produce an upward resultant force on it.,"Make the point, give the reason, then link it to the result. Use because/so and the key science term.","Make the science point. | Use because/so to link cause and effect. | Add the result, consequence or application.",CGP KS3 Science syllabus map Year 9 Topic 1 Pressure; Oak pressure/floating lessons
open-answer-card,derived-y9cgp-015-I-pressure-correct-the-misconception-liquid-pressure-at-the-bottom-depe,y9cgp-015-I-pressure-correct-the-misconception-liquid-pressure-at-the-bottom-depe,9I,physics,written-main,explain,2,Correct the misconception: “Liquid pressure at the bottom depends mainly on container width.”,"Make the point, give the reason, then link it to the result. Use because/so and the key science term.","Make the science point. | Use because/so to link cause and effect. | Add the result, consequence or application.",CGP KS3 Science syllabus map Year 9 Topic 1 Pressure; Oak pressure/floating lessons
open-answer-card,derived-y9cgp-048-E-heating-cooling-what-happens-to-particles-in-a-solid-when-it-is-heated,y9cgp-048-E-heating-cooling-what-happens-to-particles-in-a-solid-when-it-is-heated,9E,chemistry,written-main,describe,2,What happens to particles in a solid when it is heated?,"Say what happens, what changes, or what is shown. Use short linked points and include values or labels if given.","Give one clear feature, step or change. | Add another linked feature, step or comparison. | Use values, labels or context from the question where useful.",CGP KS3 Science syllabus map Year 9 Topic 5 Heating and cooling; Oak heating/cooling lessons
open-answer-card,derived-y9cgp-049-E-heating-cooling-what-happens-to-particles-in-a-hot-object-as-it-cools,y9cgp-049-E-heating-cooling-what-happens-to-particles-in-a-hot-object-as-it-cools,9E,chemistry,written-main,describe,2,What happens to particles in a hot object as it cools?,"Say what happens, what changes, or what is shown. Use short linked points and include values or labels if given.","Give one clear feature, step or change. | Add another linked feature, step or comparison. | Use values, labels or context from the question where useful.",CGP KS3 Science syllabus map Year 9 Topic 5 Heating and cooling; Oak heating/cooling lessons
open-answer-card,derived-y9cgp-052-E-heating-cooling-describe-conduction-using-particles,y9cgp-052-E-heating-cooling-describe-conduction-using-particles,9E,chemistry,written-main,describe,2,Describe conduction using particles.,"Say what happens, what changes, or what is shown. Use short linked points and include values or labels if given.","Give one clear feature, step or change. | Add another linked feature, step or comparison. | Use values, labels or context from the question where useful.",CGP KS3 Science syllabus map Year 9 Topic 5 Heating and cooling; Oak heating/cooling lessons
open-answer-card,derived-y9cgp-053-E-heating-cooling-why-does-a-metal-spoon-in-hot-soup-become-hot-quickly,y9cgp-053-E-heating-cooling-why-does-a-metal-spoon-in-hot-soup-become-hot-quickly,9E,chemistry,written-main,explain,3,Why does a metal spoon in hot soup become hot quickly?,"Make the point, give the reason, then link it to the result. Use because/so and the key science term.","Make the science point. | Use because/so to link cause and effect. | Add the result, consequence or application.",CGP KS3 Science syllabus map Year 9 Topic 5 Heating and cooling; Oak heating/cooling lessons
open-answer-card,derived-y9cgp-054-E-heating-cooling-why-does-a-plastic-handle-help-protect-your-hand-from-a-hot-,y9cgp-054-E-heating-cooling-why-does-a-plastic-handle-help-protect-your-hand-from-a-hot-,9E,chemistry,written-main,explain,3,Why does a plastic handle help protect your hand from a hot pan?,"Make the point, give the reason, then link it to the result. Use because/so and the key science term.","Make the science point. | Use because/so to link cause and effect. | Add the result, consequence or application.",CGP KS3 Science syllabus map Year 9 Topic 5 Heating and cooling; Oak heating/cooling lessons
open-answer-card,derived-y9cgp-055-E-heating-cooling-what-does-a-cooling-curve-show,y9cgp-055-E-heating-cooling-what-does-a-cooling-curve-show,9E,chemistry,written-recall,state,1,What does a cooling curve show?,"Give the exact fact, term, equation or short list. Keep it short and use the science key words.","Find the exact fact the question is asking for. | Write the key word, equation or short list. | Do not add a long explanation unless the question asks for it.",CGP KS3 Science syllabus map Year 9 Topic 5 Heating and cooling; Oak heating/cooling lessons
open-answer-card,derived-y9cgp-056-E-heating-cooling-why-does-a-very-hot-drink-cool-faster-at-first-than-later,y9cgp-056-E-heating-cooling-why-does-a-very-hot-drink-cool-faster-at-first-than-later,9E,chemistry,written-main,explain,3,Why does a very hot drink cool faster at first than later?,"Make the point, give the reason, then link it to the result. Use because/so and the key science term.","Make the science point. | Use because/so to link cause and effect. | Add the result, consequence or application.",CGP KS3 Science syllabus map Year 9 Topic 5 Heating and cooling; Oak heating/cooling lessons
open-answer-card,derived-y9cgp-057-E-heating-cooling-correct-the-misconception-energy-disappears-when-an-object-c,y9cgp-057-E-heating-cooling-correct-the-misconception-energy-disappears-when-an-object-c,9E,chemistry,written-main,explain,2,Correct the misconception: “Energy disappears when an object cools.”,"Make the point, give the reason, then link it to the result. Use because/so and the key science term.","Make the science point. | Use because/so to link cause and effect. | Add the result, consequence or application.",CGP KS3 Science syllabus map Year 9 Topic 5 Heating and cooling; Oak heating/cooling lessons
open-answer-card,derived-y9cgp-059-E-heating-cooling-explain-why-insulation-does-not-make-heat-it-helps-keep-some,y9cgp-059-E-heating-cooling-explain-why-insulation-does-not-make-heat-it-helps-keep-some,9E,chemistry,written-main,explain,3,Explain why insulation does not “make heat”; it helps keep something warm.,"Make the point, give the reason, then link it to the result. Use because/so and the key science term.","Make the science point. | Use because/so to link cause and effect. | Add the result, consequence or application.",CGP KS3 Science syllabus map Year 9 Topic 5 Heating and cooling; Oak heating/cooling lessons
open-answer-card,derived-y9cgp-061-F-periodic-table-bridge-what-does-an-atom-contain,y9cgp-061-F-periodic-table-bridge-what-does-an-atom-contain,9F,chemistry,written-recall,state,1,What does an atom contain?,"Give the exact fact, term, equation or short list. Keep it short and use the science key words.","Find the exact fact the question is asking for. | Write the key word, equation or short list. | Do not add a long explanation unless the question asks for it.",9F Summary sheet p2 Atomic structure; CGP KS3 Year 9 Topic 7 Periodic table; Oak periodic table lessons
open-answer-card,derived-y9cgp-062-F-periodic-table-bridge-what-is-the-atomic-number-or-proton-number,y9cgp-062-F-periodic-table-bridge-what-is-the-atomic-number-or-proton-number,9F,chemistry,written-recall,state,1,What is the atomic number or proton number?,"Give the exact fact, term, equation or short list. Keep it short and use the science key words.","Find the exact fact the question is asking for. | Write the key word, equation or short list. | Do not add a long explanation unless the question asks for it.",9F Summary sheet p2 Atomic structure; CGP KS3 Year 9 Topic 7 Periodic table; Oak periodic table lessons
open-answer-card,derived-y9cgp-063-F-periodic-table-bridge-what-is-the-mass-number-of-an-atom,y9cgp-063-F-periodic-table-bridge-what-is-the-mass-number-of-an-atom,9F,chemistry,written-recall,state,1,What is the mass number of an atom?,"Give the exact fact, term, equation or short list. Keep it short and use the science key words.","Find the exact fact the question is asking for. | Write the key word, equation or short list. | Do not add a long explanation unless the question asks for it.",9F Summary sheet p2 Atomic structure; CGP KS3 Year 9 Topic 7 Periodic table; Oak periodic table lessons
open-answer-card,derived-y9cgp-064-F-periodic-table-bridge-what-are-groups-and-periods-in-the-periodic-table,y9cgp-064-F-periodic-table-bridge-what-are-groups-and-periods-in-the-periodic-table,9F,chemistry,written-recall,state,1,What are groups and periods in the periodic table?,"Give the exact fact, term, equation or short list. Keep it short and use the science key words.","Find the exact fact the question is asking for. | Write the key word, equation or short list. | Do not add a long explanation unless the question asks for it.",9F Summary sheet p2 Atomic structure; CGP KS3 Year 9 Topic 7 Periodic table; Oak periodic table lessons
open-answer-card,derived-y9cgp-067-F-periodic-table-bridge-where-are-metals-usually-found-in-the-periodic-table,y9cgp-067-F-periodic-table-bridge-where-are-metals-usually-found-in-the-periodic-table,9F,chemistry,written-main,identify,1,Where are metals usually found in the periodic table?,"Use the labels, diagram or question clue to name the correct item(s). Keep the answer concise.","Look carefully at the label, diagram or clue. | Name the correct item(s), part(s) or feature(s). | Use letters/names clearly if the diagram uses labels.",9F Summary sheet p2 Atomic structure; CGP KS3 Year 9 Topic 7 Periodic table; Oak periodic table lessons
open-answer-card,derived-y9cgp-068-F-periodic-table-bridge-give-two-general-properties-of-metals,y9cgp-068-F-periodic-table-bridge-give-two-general-properties-of-metals,9F,chemistry,written-recall,state,1,Give two general properties of metals.,"Give the exact fact, term, equation or short list. Keep it short and use the science key words.","Find the exact fact the question is asking for. | Write the key word, equation or short list. | Do not add a long explanation unless the question asks for it.",9F Summary sheet p2 Atomic structure; CGP KS3 Year 9 Topic 7 Periodic table; Oak periodic table lessons
open-answer-card,derived-y9cgp-069-F-periodic-table-bridge-give-two-general-properties-of-non-metals,y9cgp-069-F-periodic-table-bridge-give-two-general-properties-of-non-metals,9F,chemistry,written-recall,state,1,Give two general properties of non-metals.,"Give the exact fact, term, equation or short list. Keep it short and use the science key words.","Find the exact fact the question is asking for. | Write the key word, equation or short list. | Do not add a long explanation unless the question asks for it.",9F Summary sheet p2 Atomic structure; CGP KS3 Year 9 Topic 7 Periodic table; Oak periodic table lessons
open-answer-card,derived-y9cgp-071-F-periodic-table-bridge-describe-the-reactivity-trend-down-group-1,y9cgp-071-F-periodic-table-bridge-describe-the-reactivity-trend-down-group-1,9F,chemistry,written-main,describe,2,Describe the reactivity trend down Group 1.,"Say what happens, what changes, or what is shown. Use short linked points and include values or labels if given.","Give one clear feature, step or change. | Add another linked feature, step or comparison. | Use values, labels or context from the question where useful.",9F Summary sheet p2 Atomic structure; CGP KS3 Year 9 Topic 7 Periodic table; Oak periodic table lessons
open-answer-card,derived-y9cgp-073-F-periodic-table-bridge-describe-the-reactivity-trend-down-group-7,y9cgp-073-F-periodic-table-bridge-describe-the-reactivity-trend-down-group-7,9F,chemistry,written-main,describe,2,Describe the reactivity trend down Group 7.,"Say what happens, what changes, or what is shown. Use short linked points and include values or labels if given.","Give one clear feature, step or change. | Add another linked feature, step or comparison. | Use values, labels or context from the question where useful.",9F Summary sheet p2 Atomic structure; CGP KS3 Year 9 Topic 7 Periodic table; Oak periodic table lessons
open-answer-card,derived-y9cgp-076-E-climate-bridge-what-causes-the-natural-greenhouse-effect,y9cgp-076-E-climate-bridge-what-causes-the-natural-greenhouse-effect,9E,chemistry,written-main,explain,2,What causes the natural greenhouse effect?,"Make the point, give the reason, then link it to the result. Use because/so and the key science term.","Make the science point. | Use because/so to link cause and effect. | Add the result, consequence or application.",9E environmental impacts/greenhouse gas revision content; CGP KS3 Year 9 Topic 11 Climate; Oak climate lessons
open-answer-card,derived-y9cgp-077-E-climate-bridge-why-can-extra-greenhouse-gases-increase-global-temperature,y9cgp-077-E-climate-bridge-why-can-extra-greenhouse-gases-increase-global-temperature,9E,chemistry,written-main,explain,3,Why can extra greenhouse gases increase global temperature?,"Make the point, give the reason, then link it to the result. Use because/so and the key science term.","Make the science point. | Use because/so to link cause and effect. | Add the result, consequence or application.",9E environmental impacts/greenhouse gas revision content; CGP KS3 Year 9 Topic 11 Climate; Oak climate lessons
open-answer-card,derived-y9cgp-079-E-climate-bridge-give-two-examples-of-evidence-used-for-global-warming,y9cgp-079-E-climate-bridge-give-two-examples-of-evidence-used-for-global-warming,9E,chemistry,written-recall,state,1,Give two examples of evidence used for global warming.,"Give the exact fact, term, equation or short list. Keep it short and use the science key words.","Find the exact fact the question is asking for. | Write the key word, equation or short list. | Do not add a long explanation unless the question asks for it.",9E environmental impacts/greenhouse gas revision content; CGP KS3 Year 9 Topic 11 Climate; Oak climate lessons
open-answer-card,derived-y9cgp-080-E-climate-bridge-how-can-cutting-fossil-fuel-use-help-reduce-global-warming,y9cgp-080-E-climate-bridge-how-can-cutting-fossil-fuel-use-help-reduce-global-warming,9E,chemistry,written-main,explain,3,How can cutting fossil fuel use help reduce global warming?,"Make the point, give the reason, then link it to the result. Use because/so and the key science term.","Make the science point. | Use because/so to link cause and effect. | Add the result, consequence or application.",9E environmental impacts/greenhouse gas revision content; CGP KS3 Year 9 Topic 11 Climate; Oak climate lessons
open-answer-card,derived-y9cgp-081-E-climate-bridge-explain-one-environmental-problem-caused-by-making-materials,y9cgp-081-E-climate-bridge-explain-one-environmental-problem-caused-by-making-materials,9E,chemistry,written-main,explain,3,Explain one environmental problem caused by making materials.,"Make the point, give the reason, then link it to the result. Use because/so and the key science term.","Make the science point. | Use because/so to link cause and effect. | Add the result, consequence or application.",9E environmental impacts/greenhouse gas revision content; CGP KS3 Year 9 Topic 11 Climate; Oak climate lessons
open-answer-card,derived-y9cgp-083-E-climate-bridge-why-is-climate-change-more-than-just-one-hot-day,y9cgp-083-E-climate-bridge-why-is-climate-change-more-than-just-one-hot-day,9E,chemistry,written-main,explain,3,Why is climate change more than just “one hot day”?,"Make the point, give the reason, then link it to the result. Use because/so and the key science term.","Make the science point. | Use because/so to link cause and effect. | Add the result, consequence or application.",9E environmental impacts/greenhouse gas revision content; CGP KS3 Year 9 Topic 11 Climate; Oak climate lessons
open-answer-card,derived-y9cgp-084-E-climate-bridge-why-do-scientists-compare-modern-temperatures-with-long-term,y9cgp-084-E-climate-bridge-why-do-scientists-compare-modern-temperatures-with-long-term,9E,chemistry,written-main,explain,3,Why do scientists compare modern temperatures with long-term averages?,"Make the point, give the reason, then link it to the result. Use because/so and the key science term.","Make the science point. | Use because/so to link cause and effect. | Add the result, consequence or application.",9E environmental impacts/greenhouse gas revision content; CGP KS3 Year 9 Topic 11 Climate; Oak climate lessons
open-answer-card,derived-y9cgp-085-E-climate-bridge-explain-why-a-correlation-between-greenhouse-gas-emissions-a,y9cgp-085-E-climate-bridge-explain-why-a-correlation-between-greenhouse-gas-emissions-a,9E,chemistry,written-main,explain,3,Explain why a correlation between greenhouse gas emissions and temperature is important but not the only evidence needed.,"Make the point, give the reason, then link it to the result. Use because/so and the key science term.","Make the science point. | Use because/so to link cause and effect. | Add the result, consequence or application.",9E environmental impacts/greenhouse gas revision content; CGP KS3 Year 9 Topic 11 Climate; Oak climate lessons
open-answer-card,derived-y9cgp-098-F-chemical-energy-bridge-what-do-exothermic-reactions-do-to-the-surroundings,y9cgp-098-F-chemical-energy-bridge-what-do-exothermic-reactions-do-to-the-surroundings,9F,chemistry,written-main,state,2,What do exothermic reactions do to the surroundings?,"Give the exact fact, term, equation or short list. Keep it short and use the science key words.","Find the exact fact the question is asking for. | Write the key word, equation or short list. | Do not add a long explanation unless the question asks for it.",9E/9F Summary sheet exothermic and endothermic reactions; CGP KS3 Year 9 Topic 10 Chemical energy; Oak chemical energy lesson
open-answer-card,derived-y9cgp-099-F-chemical-energy-bridge-what-do-endothermic-reactions-do-to-the-surroundings,y9cgp-099-F-chemical-energy-bridge-what-do-endothermic-reactions-do-to-the-surroundings,9F,chemistry,written-main,state,2,What do endothermic reactions do to the surroundings?,"Give the exact fact, term, equation or short list. Keep it short and use the science key words.","Find the exact fact the question is asking for. | Write the key word, equation or short list. | Do not add a long explanation unless the question asks for it.",9E/9F Summary sheet exothermic and endothermic reactions; CGP KS3 Year 9 Topic 10 Chemical energy; Oak chemical energy lesson
open-answer-card,derived-y9cgp-102-F-chemical-energy-bridge-why-should-temperature-be-measured-before-and-after-a-reacti,y9cgp-102-F-chemical-energy-bridge-why-should-temperature-be-measured-before-and-after-a-reacti,9F,chemistry,written-main,explain,3,Why should temperature be measured before and after a reaction?,"Make the point, give the reason, then link it to the result. Use because/so and the key science term.","Make the science point. | Use because/so to link cause and effect. | Add the result, consequence or application.",9E/9F Summary sheet exothermic and endothermic reactions; CGP KS3 Year 9 Topic 10 Chemical energy; Oak chemical energy lesson
open-answer-card,derived-y9cgp-103-F-chemical-energy-bridge-give-one-example-of-an-endothermic-reaction-from-the-revisio,y9cgp-103-F-chemical-energy-bridge-give-one-example-of-an-endothermic-reaction-from-the-revisio,9F,chemistry,written-recall,state,1,Give one example of an endothermic reaction from the revision sheet.,"Give the exact fact, term, equation or short list. Keep it short and use the science key words.","Find the exact fact the question is asking for. | Write the key word, equation or short list. | Do not add a long explanation unless the question asks for it.",9E/9F Summary sheet exothermic and endothermic reactions; CGP KS3 Year 9 Topic 10 Chemical energy; Oak chemical energy lesson
open-answer-card,derived-y9cgp-104-F-chemical-energy-bridge-why-is-combustion-usually-described-as-exothermic,y9cgp-104-F-chemical-energy-bridge-why-is-combustion-usually-described-as-exothermic,9F,chemistry,written-main,explain,3,Why is combustion usually described as exothermic?,"Make the point, give the reason, then link it to the result. Use because/so and the key science term.","Make the science point. | Use because/so to link cause and effect. | Add the result, consequence or application.",9E/9F Summary sheet exothermic and endothermic reactions; CGP KS3 Year 9 Topic 10 Chemical energy; Oak chemical energy lesson
open-answer-card,derived-y9cgp-105-F-chemical-energy-bridge-correct-the-misconception-a-cold-reaction-makes-cold-energy,y9cgp-105-F-chemical-energy-bridge-correct-the-misconception-a-cold-reaction-makes-cold-energy,9F,chemistry,written-main,explain,2,Correct the misconception: “A cold reaction makes cold energy.”,"Make the point, give the reason, then link it to the result. Use because/so and the key science term.","Make the science point. | Use because/so to link cause and effect. | Add the result, consequence or application.",9E/9F Summary sheet exothermic and endothermic reactions; CGP KS3 Year 9 Topic 10 Chemical energy; Oak chemical energy lesson
open-answer-card,derived-y9img-001-9i-density-water-displacement-calculate-density,y9img-001-9i-density-water-displacement-calculate-density,9I,physics,written-main,calculate,2,Use the measuring cylinders. Calculate the density of the object. Give your answer in g/cm³.,"Write the formula or method, substitute values, then give the answer with a unit or required rounding.",Write the equation or method. | Substitute the values and show working. | Give the final answer with the correct unit or rounding.,Visual integration v1.52.0
open-answer-card,derived-y9img-002-9i-density-cuboid-calculate-density,y9img-002-9i-density-cuboid-calculate-density,9I,physics,written-main,calculate,2,Use the cuboid diagram. Calculate the density of the object in g/cm³.,"Write the formula or method, substitute values, then give the answer with a unit or required rounding.",Write the equation or method. | Substitute the values and show working. | Give the final answer with the correct unit or rounding.,Visual integration v1.52.0
open-answer-card,derived-y9img-003-9i-pressure-solid-block-calculate-pressure,y9img-003-9i-pressure-solid-block-calculate-pressure,9I,physics,written-main,calculate,2,Use the block diagram. Calculate the pressure on the surface in N/cm².,"Write the formula or method, substitute values, then give the answer with a unit or required rounding.",Write the equation or method. | Substitute the values and show working. | Give the final answer with the correct unit or rounding.,Visual integration v1.52.0
open-answer-card,derived-y9img-005-9i-moment-balanced-missing-distance,y9img-005-9i-moment-balanced-missing-distance,9I,physics,written-main,calculate,2,Use the balanced lever diagram. Calculate the missing distance on the right-hand side.,"Write the formula or method, substitute values, then give the answer with a unit or required rounding.",Write the equation or method. | Substitute the values and show working. | Give the final answer with the correct unit or rounding.,Visual integration v1.52.0
open-answer-card,derived-y9r6-004-9j-current-voltage-resistance-calculate,y9r6-004-9j-current-voltage-resistance-calculate,9J,physics,written-main,calculate,2,Use the current-voltage graph. Calculate the resistance of line B at 6 V.,"Write the formula or method, substitute values, then give the answer with a unit or required rounding.",Write the equation or method. | Substitute the values and show working. | Give the final answer with the correct unit or rounding.,Reaction images r6 integration v1.53.0
