card_id,unit,exam_pool,question_unchanged,previous_exam_command,exam_command,previous_answer_format_hint,answer_format_hint,answer_format_steps,source,source_fidelity
y9-093-9i-for-a-lever-the-pivot-is-also-called-the,9I,written-main,True,identify,identify,Use the diagram labels or names only. Do not add a long explanation unless it helps clarity.,"Use the labels, diagram or question clue to name the correct item(s). Keep the answer concise.","Look carefully at the label, diagram or clue. | Name the correct item(s), part(s) or feature(s). | Use letters/names clearly if the diagram uses labels.",9I quick quiz 9Id Q1 - source-style diagram redraw,source-style-redraw
y9-229-9a-describe-what-environmental-variation-is,9A,written-main,True,describe,describe,"Use short linked sentences. Say what happens, what is shown, or what changes.","Say what happens, what changes, or what is shown. Use short linked points and include values or labels if given.","Give one clear feature, step or change. | Add another linked feature, step or comparison. | Use values, labels or context from the question where useful.",9A revision worksheet,progress-check-derived
y9-230-9a-give-three-examples-of-environmental-variation-in-plants,9A,written-recall,True,state,state,Use one short sentence or a compact list. Include the exact science term.,"Give the exact fact, term, equation or short list. Keep it short and use the science key words.","Find the exact fact the question is asking for. | Write the key word, equation or short list. | Do not add a long explanation unless the question asks for it.",9A revision worksheet,progress-check-derived
y9-231-9a-give-three-examples-of-environmental-variation-in-humans,9A,written-recall,True,state,state,Use one short sentence or a compact list. Include the exact science term.,"Give the exact fact, term, equation or short list. Keep it short and use the science key words.","Find the exact fact the question is asking for. | Write the key word, equation or short list. | Do not add a long explanation unless the question asks for it.",9A revision worksheet,progress-check-derived
y9-232-9a-define-classification,9A,written-main,True,explain,explain,Use point → because → result. Link the cause to the science effect.,"Make the point, give the reason, then link it to the result. Use because/so and the key science term.","Make the science point. | Use because/so to link cause and effect. | Add the result, consequence or application.",9A revision worksheet,progress-check-derived
y9-233-9a-define-species,9A,written-main,True,explain,explain,Use point → because → result. Link the cause to the science effect.,"Make the point, give the reason, then link it to the result. Use because/so and the key science term.","Make the science point. | Use because/so to link cause and effect. | Add the result, consequence or application.",9A revision worksheet,progress-check-derived
y9-234-9a-explain-how-environmental-variation-can-cause-problems-with-classifica,9A,written-main,True,explain,explain,Use point → because → result. Link the cause to the science effect.,"Make the point, give the reason, then link it to the result. Use because/so and the key science term.","Make the science point. | Use because/so to link cause and effect. | Add the result, consequence or application.",9A revision worksheet,progress-check-derived
y9-235-9a-describe-what-happens-during-fertilisation-and-what-is-formed,9A,written-main,True,describe,describe,"Use short linked sentences. Say what happens, what is shown, or what changes.","Say what happens, what changes, or what is shown. Use short linked points and include values or labels if given.","Give one clear feature, step or change. | Add another linked feature, step or comparison. | Use values, labels or context from the question where useful.",9A revision worksheet,progress-check-derived
y9-236-9a-describe-how-chromosomes-dna-and-genes-are-linked-together,9A,written-main,True,describe,describe,"Use short linked sentences. Say what happens, what is shown, or what changes.","Say what happens, what changes, or what is shown. Use short linked points and include values or labels if given.","Give one clear feature, step or change. | Add another linked feature, step or comparison. | Use values, labels or context from the question where useful.",9A revision worksheet,progress-check-derived
y9-237-9a-state-three-ways-we-can-preserve-biodiversity,9A,written-recall,True,state,state,Use one short sentence or a compact list. Include the exact science term.,"Give the exact fact, term, equation or short list. Keep it short and use the science key words.","Find the exact fact the question is asking for. | Write the key word, equation or short list. | Do not add a long explanation unless the question asks for it.",9A revision worksheet,progress-check-derived
y9-238-9a-describe-natural-selection,9A,written-main,True,describe,describe,"Use short linked sentences. Say what happens, what is shown, or what changes.","Say what happens, what changes, or what is shown. Use short linked points and include values or labels if given.","Give one clear feature, step or change. | Add another linked feature, step or comparison. | Use values, labels or context from the question where useful.",9A revision worksheet,progress-check-derived
y9-239-9b-state-where-a-plant-gets-the-reactants-it-needs-for-photosynthesis,9B,written-recall,True,state,state,Use one short sentence or a compact list. Include the exact science term.,"Give the exact fact, term, equation or short list. Keep it short and use the science key words.","Find the exact fact the question is asking for. | Write the key word, equation or short list. | Do not add a long explanation unless the question asks for it.",9B Plant Growth PPT progress check slide 14,progress-check-derived
y9-240-9b-describe-what-happens-to-the-products-of-photosynthesis,9B,written-main,True,describe,describe,"Use short linked sentences. Say what happens, what is shown, or what changes.","Say what happens, what changes, or what is shown. Use short linked points and include values or labels if given.","Give one clear feature, step or change. | Add another linked feature, step or comparison. | Use values, labels or context from the question where useful.",9B Plant Growth PPT progress check slide 14,progress-check-derived
y9-241-9b-describe-what-a-limiting-factor-is,9B,written-main,True,describe,describe,"Use short linked sentences. Say what happens, what is shown, or what changes.","Say what happens, what changes, or what is shown. Use short linked points and include values or labels if given.","Give one clear feature, step or change. | Add another linked feature, step or comparison. | Use values, labels or context from the question where useful.",9B Plant Growth PPT progress check slide 14,progress-check-derived
y9-242-9b-suggest-when-photosynthesis-might-occur-in-plants,9B,written-main,True,state,state,Use one short sentence or a compact list. Include the exact science term.,"Give the exact fact, term, equation or short list. Keep it short and use the science key words.","Find the exact fact the question is asking for. | Write the key word, equation or short list. | Do not add a long explanation unless the question asks for it.",9B Plant Growth PPT progress check slide 14,progress-check-derived
y9-243-9b-describe-the-route-water-takes-from-soil-to-a-leaf,9B,written-main,True,describe,describe,"Use short linked sentences. Say what happens, what is shown, or what changes.","Say what happens, what changes, or what is shown. Use short linked points and include values or labels if given.","Give one clear feature, step or change. | Add another linked feature, step or comparison. | Use values, labels or context from the question where useful.",9B Plant Growth PPT progress check slide 43,progress-check-derived
y9-244-9b-explain-the-structure-of-xylem-vessels,9B,written-main,True,explain,explain,Use point → because → result. Link the cause to the science effect.,"Make the point, give the reason, then link it to the result. Use because/so and the key science term.","Make the science point. | Use because/so to link cause and effect. | Add the result, consequence or application.",9B Plant Growth PPT progress check slide 43,progress-check-derived
y9-245-9b-state-the-cells-that-control-gas-exchange-in-leaves,9B,written-recall,True,state,state,Use one short sentence or a compact list. Include the exact science term.,"Give the exact fact, term, equation or short list. Keep it short and use the science key words.","Find the exact fact the question is asking for. | Write the key word, equation or short list. | Do not add a long explanation unless the question asks for it.",9B Plant Growth PPT progress check slide 48,progress-check-derived
y9-246-9b-suggest-why-stomata-shut-at-night,9B,written-main,True,explain,explain,Use point → because → result. Link the cause to the science effect.,"Make the point, give the reason, then link it to the result. Use because/so and the key science term.","Make the science point. | Use because/so to link cause and effect. | Add the result, consequence or application.",9B Plant Growth PPT progress check slide 48,progress-check-derived
y9-247-9b-draw-or-describe-the-relationship-between-glucose-and-starch,9B,written-main,True,describe,describe,"Use short linked sentences. Say what happens, what is shown, or what changes.","Say what happens, what changes, or what is shown. Use short linked points and include values or labels if given.","Give one clear feature, step or change. | Add another linked feature, step or comparison. | Use values, labels or context from the question where useful.",9B Plant Growth PPT progress check slide 62,progress-check-derived
y9-248-9b-suggest-why-seeds-need-starch,9B,written-main,True,explain,explain,Use point → because → result. Link the cause to the science effect.,"Make the point, give the reason, then link it to the result. Use because/so and the key science term.","Make the science point. | Use because/so to link cause and effect. | Add the result, consequence or application.",9B Plant Growth PPT progress check slide 62,progress-check-derived
y9-249-9e-design-poster-prompt-list-what-a-year-9-poster-on-ceramics-polymers-an,9E,written-recall,True,state,state,Use one short sentence or a compact list. Include the exact science term.,"Give the exact fact, term, equation or short list. Keep it short and use the science key words.","Find the exact fact the question is asking for. | Write the key word, equation or short list. | Do not add a long explanation unless the question asks for it.",9E assess yourself,progress-check-derived
y9-250-9e-explain-how-properties-of-ceramics-link-to-bonding-and-structure,9E,written-main,True,explain,explain,Use point → because → result. Link the cause to the science effect.,"Make the point, give the reason, then link it to the result. Use because/so and the key science term.","Make the science point. | Use because/so to link cause and effect. | Add the result, consequence or application.",9E assess yourself,progress-check-derived
y9-251-9e-explain-why-composites-often-have-better-properties-than-their-separat,9E,written-main,True,explain,explain,Use point → because → result. Link the cause to the science effect.,"Make the point, give the reason, then link it to the result. Use because/so and the key science term.","Make the science point. | Use because/so to link cause and effect. | Add the result, consequence or application.",9E assess yourself,progress-check-derived
y9-252-9e-explain-one-environmental-problem-caused-by-making-materials,9E,written-main,True,explain,explain,Use point → because → result. Link the cause to the science effect.,"Make the point, give the reason, then link it to the result. Use because/so and the key science term.","Make the science point. | Use because/so to link cause and effect. | Add the result, consequence or application.",9E summary sheet / assess yourself,progress-check-derived
y9-253-9f-prepare-a-talk-what-should-be-included-on-extracting-iron-and-preventi,9F,written-main,True,describe,describe,Use a compact checklist or short linked sentences. Include both extraction and rusting prevention.,"Say what happens, what changes, or what is shown. Use short linked points and include values or labels if given.","Give one clear feature, step or change. | Add another linked feature, step or comparison. | Use values, labels or context from the question where useful.",9F assess yourself,progress-check-derived
y9-254-9f-why-is-a-metal-oxide-reduced-when-carbon-extracts-a-metal,9F,written-main,True,explain,explain,Use point → because → result. Link the cause to the science effect.,"Make the point, give the reason, then link it to the result. Use because/so and the key science term.","Make the science point. | Use because/so to link cause and effect. | Add the result, consequence or application.",9F summary sheet / assess yourself,progress-check-derived
y9-255-9f-explain-why-aluminium-is-extracted-by-electrolysis-rather-than-carbon-,9F,written-main,True,explain,explain,Use point → because → result. Link the cause to the science effect.,"Make the point, give the reason, then link it to the result. Use because/so and the key science term.","Make the science point. | Use because/so to link cause and effect. | Add the result, consequence or application.",9F quick quiz / summary sheet,progress-check-derived
y9-256-9f-explain-why-rusting-is-a-problem-and-name-two-prevention-methods,9F,written-main,True,explain,explain,Use point → because → result. Link the cause to the science effect.,"Make the point, give the reason, then link it to the result. Use because/so and the key science term.","Make the science point. | Use because/so to link cause and effect. | Add the result, consequence or application.",9F assess yourself,progress-check-derived
y9-257-9i-describe-how-to-raise-a-large-upright-stone-using-levers-moments-and-r,9I,written-main,True,describe,describe,"Use short linked sentences. Say what happens, what is shown, or what changes.","Say what happens, what changes, or what is shown. Use short linked points and include values or labels if given.","Give one clear feature, step or change. | Add another linked feature, step or comparison. | Use values, labels or context from the question where useful.",9I assess yourself,progress-check-derived
y9-258-9i-explain-why-a-shallow-ramp-needs-less-force-but-more-distance,9I,written-main,True,explain,explain,Use point → because → result. Link the cause to the science effect.,"Make the point, give the reason, then link it to the result. Use because/so and the key science term.","Make the science point. | Use because/so to link cause and effect. | Add the result, consequence or application.",9I assess yourself / simple machines,progress-check-derived
y9-259-9i-calculate-the-weight-of-a-54-kg-person-on-earth-where-g-10-n-kg,9I,written-main,True,calculate,calculate,"Write formula, substitution, answer and unit where possible.","Write the formula or method, substitute values, then give the answer with a unit or required rounding.",Write the equation or method. | Substitute the values and show working. | Give the final answer with the correct unit or rounding.,9Ja Force Fields PPT Guardians calculation,progress-check-derived
y9-260-9i-a-96-kg-person-is-on-a-planet-where-g-14-n-kg-calculate-weight,9I,written-main,True,calculate,calculate,"Write formula, substitution, answer and unit where possible.","Write the formula or method, substitute values, then give the answer with a unit or required rounding.",Write the equation or method. | Substitute the values and show working. | Give the final answer with the correct unit or rounding.,9Ja Force Fields PPT Guardians calculation,progress-check-derived
y9-261-9i-a-person-weighs-1220-n-on-earth-where-g-10-n-kg-calculate-mass,9I,written-main,True,calculate,calculate,"Write formula, substitution, answer and unit where possible.","Write the formula or method, substitute values, then give the answer with a unit or required rounding.",Write the equation or method. | Substitute the values and show working. | Give the final answer with the correct unit or rounding.,9Ja Force Fields PPT Guardians calculation,progress-check-derived
y9-262-9j-describe-what-an-electromagnet-is-and-how-its-magnetic-field-is-shaped,9J,written-main,True,describe,describe,"Use short linked sentences. Say what happens, what is shown, or what changes.","Say what happens, what changes, or what is shown. Use short linked points and include values or labels if given.","Give one clear feature, step or change. | Add another linked feature, step or comparison. | Use values, labels or context from the question where useful.",9Je Electromagnets PPT,progress-check-derived
y9-263-9j-how-can-the-strength-of-an-electromagnet-be-increased,9J,written-main,True,explain,explain,Use point → because → result. Link the cause to the science effect.,"Make the point, give the reason, then link it to the result. Use because/so and the key science term.","Make the science point. | Use because/so to link cause and effect. | Add the result, consequence or application.",9Je Electromagnets PPT,progress-check-derived
y9-264-9j-explain-how-a-relay-works,9J,written-main,True,explain,explain,Use point → because → result. Link the cause to the science effect.,"Make the point, give the reason, then link it to the result. Use because/so and the key science term.","Make the science point. | Use because/so to link cause and effect. | Add the result, consequence or application.",9Je Electromagnets PPT / word sheet,progress-check-derived
y9-265-9j-describe-the-difference-between-current-and-voltage,9J,written-main,True,describe,describe,"Use short linked sentences. Say what happens, what is shown, or what changes.","Say what happens, what changes, or what is shown. Use short linked points and include values or labels if given.","Give one clear feature, step or change. | Add another linked feature, step or comparison. | Use values, labels or context from the question where useful.",9Jc Current Electricity PPT,progress-check-derived
y9-266-9j-explain-why-plastic-handles-are-safe-on-electrical-wires,9J,written-main,True,explain,explain,Use point → because → result. Link the cause to the science effect.,"Make the point, give the reason, then link it to the result. Use because/so and the key science term.","Make the science point. | Use because/so to link cause and effect. | Add the result, consequence or application.",9Jd Resistance PPT progress check,progress-check-derived
y9-267-9j-describe-how-to-test-whether-resistance-depends-on-wire-length,9J,written-main,True,describe,describe,"Use short linked sentences. Say what happens, what is shown, or what changes.","Say what happens, what changes, or what is shown. Use short linked points and include values or labels if given.","Give one clear feature, step or change. | Add another linked feature, step or comparison. | Use values, labels or context from the question where useful.",9Jd Resistance PPT exam-style question,progress-check-derived
y9-268-9j-calculate-weight-mass-34-kg-and-gravitational-field-strength-6-8-n-kg,9J,written-main,True,calculate,calculate,"Write formula, substitution, answer and unit where possible.","Write the formula or method, substitute values, then give the answer with a unit or required rounding.",Write the equation or method. | Substitute the values and show working. | Give the final answer with the correct unit or rounding.,9Ja Force Fields PPT Guardians calculation,calculation-practice-derived
y9-269-9j-a-person-has-weight-686-n-and-mass-56-kg-calculate-gravitational-field,9J,written-main,True,calculate,calculate,"Write formula, substitution, answer and unit where possible.","Write the formula or method, substitute values, then give the answer with a unit or required rounding.",Write the equation or method. | Substitute the values and show working. | Give the final answer with the correct unit or rounding.,9Ja Force Fields PPT Guardians calculation,calculation-practice-derived
y9-270-9j-a-component-has-voltage-10-v-and-current-0-5-a-calculate-resistance,9J,written-main,True,calculate,calculate,"Write formula, substitution, answer and unit where possible.","Write the formula or method, substitute values, then give the answer with a unit or required rounding.",Write the equation or method. | Substitute the values and show working. | Give the final answer with the correct unit or rounding.,9Jd Resistance PPT modelled answer,calculation-practice-derived
y9-271-9j-a-resistor-has-voltage-6-v-and-current-0-2-a-calculate-resistance,9J,written-main,True,calculate,calculate,"Write formula, substitution, answer and unit where possible.","Write the formula or method, substitute values, then give the answer with a unit or required rounding.",Write the equation or method. | Substitute the values and show working. | Give the final answer with the correct unit or rounding.,9Jd Resistance formula practice,calculation-practice-derived
y9-272-9i-a-cyclist-travels-12-km-in-0-5-h-calculate-mean-speed,9I,written-main,True,calculate,calculate,"Write formula, substitution, answer and unit where possible.","Write the formula or method, substitute values, then give the answer with a unit or required rounding.",Write the equation or method. | Substitute the values and show working. | Give the final answer with the correct unit or rounding.,9I speed summary / quick quiz style,calculation-practice-derived
y9-273-9i-a-force-of-40-n-moves-a-box-3-m-calculate-work-done,9I,written-main,True,calculate,calculate,"Write formula, substitution, answer and unit where possible.","Write the formula or method, substitute values, then give the answer with a unit or required rounding.",Write the equation or method. | Substitute the values and show working. | Give the final answer with the correct unit or rounding.,9I simple machines / work done,calculation-practice-derived
y9-274-9i-a-5-n-force-acts-0-4-m-from-a-pivot-calculate-the-moment,9I,written-main,True,calculate,calculate,"Write formula, substitution, answer and unit where possible.","Write the formula or method, substitute values, then give the answer with a unit or required rounding.",Write the equation or method. | Substitute the values and show working. | Give the final answer with the correct unit or rounding.,9I moments quick quiz style,calculation-practice-derived
y9x-001-9a-state-what-variation-is,9A,written-recall,True,state,state,Use one short sentence or a compact list. Include the exact science term.,"Give the exact fact, term, equation or short list. Keep it short and use the science key words.","Find the exact fact the question is asking for. | Write the key word, equation or short list. | Do not add a long explanation unless the question asks for it.",9A assess-yourself success criterion 01,success-criterion-derived
y9x-002-9a-outline-why-dinosaurs-became-extinct,9A,written-main,True,explain,explain,Use point → because → result. Link the cause to the science effect.,"Make the point, give the reason, then link it to the result. Use because/so and the key science term.","Make the science point. | Use because/so to link cause and effect. | Add the result, consequence or application.",9A assess-yourself success criterion 02,success-criterion-derived
y9x-003-9a-use-evidence-to-explain-how-scientists-can-infer-something-about-triceratops-suc,9A,written-main,True,explain,explain,Use point → because → result. Link the cause to the science effect.,"Make the point, give the reason, then link it to the result. Use because/so and the key science term.","Make the science point. | Use because/so to link cause and effect. | Add the result, consequence or application.",9A assess-yourself success criterion 03,success-criterion-derived
y9x-004-9a-identify-examples-of-environmental-variation,9A,written-main,True,identify,identify,Use the diagram labels or names only. Do not add a long explanation unless it helps clarity.,"Use the labels, diagram or question clue to name the correct item(s). Keep the answer concise.","Look carefully at the label, diagram or clue. | Name the correct item(s), part(s) or feature(s). | Use letters/names clearly if the diagram uses labels.",9A assess-yourself success criterion 04,success-criterion-derived
y9x-005-9a-identify-examples-of-inherited-variation,9A,written-main,True,identify,identify,Use the diagram labels or names only. Do not add a long explanation unless it helps clarity.,"Use the labels, diagram or question clue to name the correct item(s). Keep the answer concise.","Look carefully at the label, diagram or clue. | Name the correct item(s), part(s) or feature(s). | Use letters/names clearly if the diagram uses labels.",9A assess-yourself success criterion 05,success-criterion-derived
y9x-006-9a-explain-how-changes-in-an-ecosystem-can-cause-extinction,9A,written-main,True,explain,explain,Use point → because → result. Link the cause to the science effect.,"Make the point, give the reason, then link it to the result. Use because/so and the key science term.","Make the science point. | Use because/so to link cause and effect. | Add the result, consequence or application.",9A assess-yourself success criterion 06,success-criterion-derived
y9x-007-9a-identify-adaptations-of-triceratops-that-could-be-labelled-on-a-model,9A,written-main,True,identify,identify,Use the diagram labels or names only. Do not add a long explanation unless it helps clarity.,"Use the labels, diagram or question clue to name the correct item(s). Keep the answer concise.","Look carefully at the label, diagram or clue. | Name the correct item(s), part(s) or feature(s). | Use letters/names clearly if the diagram uses labels.",9A assess-yourself success criterion 07,success-criterion-derived
y9x-008-9a-explain-how-environmental-variation-is-caused,9A,written-main,True,explain,explain,Use point → because → result. Link the cause to the science effect.,"Make the point, give the reason, then link it to the result. Use because/so and the key science term.","Make the science point. | Use because/so to link cause and effect. | Add the result, consequence or application.",9A assess-yourself success criterion 08,success-criterion-derived
y9x-009-9a-outline-how-some-variation-is-inherited-from-parents,9A,written-main,True,describe,describe,"Use short linked sentences. Say what happens, what is shown, or what changes.","Say what happens, what changes, or what is shown. Use short linked points and include values or labels if given.","Give one clear feature, step or change. | Add another linked feature, step or comparison. | Use values, labels or context from the question where useful.",9A assess-yourself success criterion 09,success-criterion-derived
y9x-010-9a-explain-how-triceratops-adaptations-helped-survival,9A,written-main,True,explain,explain,Use point → because → result. Link the cause to the science effect.,"Make the point, give the reason, then link it to the result. Use because/so and the key science term.","Make the science point. | Use because/so to link cause and effect. | Add the result, consequence or application.",9A assess-yourself success criterion 10,success-criterion-derived
y9x-011-9a-identify-and-explain-triceratops-adaptations-beyond-the-obvious-labels,9A,written-main,True,explain,explain,Use point → because → result. Link the cause to the science effect.,"Make the point, give the reason, then link it to the result. Use because/so and the key science term.","Make the science point. | Use because/so to link cause and effect. | Add the result, consequence or application.",9A assess-yourself success criterion 11,success-criterion-derived
y9x-012-9a-describe-the-relationship-between-cells-nuclei-chromosomes-genes-dna-and-genetic,9A,written-main,True,describe,describe,"Use short linked sentences. Say what happens, what is shown, or what changes.","Say what happens, what changes, or what is shown. Use short linked points and include values or labels if given.","Give one clear feature, step or change. | Add another linked feature, step or comparison. | Use values, labels or context from the question where useful.",9A assess-yourself success criterion 12,success-criterion-derived
y9x-013-9a-describe-how-variation-in-adaptations-affects-survival-within-a-species,9A,written-main,True,describe,describe,"Use short linked sentences. Say what happens, what is shown, or what changes.","Say what happens, what changes, or what is shown. Use short linked points and include values or labels if given.","Give one clear feature, step or change. | Add another linked feature, step or comparison. | Use values, labels or context from the question where useful.",9A assess-yourself success criterion 13,success-criterion-derived
y9x-014-9a-state-what-evolution-is,9A,written-recall,True,state,state,Use one short sentence or a compact list. Include the exact science term.,"Give the exact fact, term, equation or short list. Keep it short and use the science key words.","Find the exact fact the question is asking for. | Write the key word, equation or short list. | Do not add a long explanation unless the question asks for it.",9A assess-yourself success criterion 14,success-criterion-derived
y9x-015-9a-explain-how-natural-selection-works,9A,written-main,True,explain,explain,Use point → because → result. Link the cause to the science effect.,"Make the point, give the reason, then link it to the result. Use because/so and the key science term.","Make the science point. | Use because/so to link cause and effect. | Add the result, consequence or application.",9A assess-yourself success criterion 15,success-criterion-derived
y9x-016-9b-name-some-common-crop-plants,9B,written-recall,True,state,state,Use one short sentence or a compact list. Include the exact science term.,"Give the exact fact, term, equation or short list. Keep it short and use the science key words.","Find the exact fact the question is asking for. | Write the key word, equation or short list. | Do not add a long explanation unless the question asks for it.",9B assess-yourself success criterion 01,success-criterion-derived
y9x-017-9b-explain-why-it-is-important-to-look-after-crop-plants,9B,written-main,True,explain,explain,Use point → because → result. Link the cause to the science effect.,"Make the point, give the reason, then link it to the result. Use because/so and the key science term.","Make the science point. | Use because/so to link cause and effect. | Add the result, consequence or application.",9B assess-yourself success criterion 02,success-criterion-derived
y9x-018-9b-state-that-plants-make-their-own-food,9B,written-recall,True,state,state,Use one short sentence or a compact list. Include the exact science term.,"Give the exact fact, term, equation or short list. Keep it short and use the science key words.","Find the exact fact the question is asking for. | Write the key word, equation or short list. | Do not add a long explanation unless the question asks for it.",9B assess-yourself success criterion 03,success-criterion-derived
y9x-019-9b-recall-the-resources-plants-need-to-grow-well,9B,written-recall,True,state,state,Use one short sentence or a compact list. Include the exact science term.,"Give the exact fact, term, equation or short list. Keep it short and use the science key words.","Find the exact fact the question is asking for. | Write the key word, equation or short list. | Do not add a long explanation unless the question asks for it.",9B assess-yourself success criterion 04,success-criterion-derived
y9x-020-9b-list-chemical-substances-farmers-may-apply-to-crops,9B,written-recall,True,state,state,Use one short sentence or a compact list. Include the exact science term.,"Give the exact fact, term, equation or short list. Keep it short and use the science key words.","Find the exact fact the question is asking for. | Write the key word, equation or short list. | Do not add a long explanation unless the question asks for it.",9B assess-yourself success criterion 05,success-criterion-derived
y9x-021-9b-describe-photosynthesis-in-terms-of-reactants-products-and-energy-source,9B,written-main,True,describe,describe,"Use short linked sentences. Say what happens, what is shown, or what changes.","Say what happens, what changes, or what is shown. Use short linked points and include values or labels if given.","Give one clear feature, step or change. | Add another linked feature, step or comparison. | Use values, labels or context from the question where useful.",9B assess-yourself success criterion 06,success-criterion-derived
y9x-022-9b-explain-how-leaves-roots-and-stems-help-photosynthesis,9B,written-main,True,explain,explain,Use point → because → result. Link the cause to the science effect.,"Make the point, give the reason, then link it to the result. Use because/so and the key science term.","Make the science point. | Use because/so to link cause and effect. | Add the result, consequence or application.",9B assess-yourself success criterion 07,success-criterion-derived
y9x-023-9b-explain-why-insecticides-and-fungicides-are-used-on-crop-plants,9B,written-main,True,explain,explain,Use point → because → result. Link the cause to the science effect.,"Make the point, give the reason, then link it to the result. Use because/so and the key science term.","Make the science point. | Use because/so to link cause and effect. | Add the result, consequence or application.",9B assess-yourself success criterion 08,success-criterion-derived
y9x-024-9b-explain-why-herbicides-or-weedkillers-are-used-on-crop-plants,9B,written-main,True,explain,explain,Use point → because → result. Link the cause to the science effect.,"Make the point, give the reason, then link it to the result. Use because/so and the key science term.","Make the science point. | Use because/so to link cause and effect. | Add the result, consequence or application.",9B assess-yourself success criterion 09,success-criterion-derived
y9x-025-9b-explain-how-fertilisers-help-crop-plants-grow-well,9B,written-main,True,explain,explain,Use point → because → result. Link the cause to the science effect.,"Make the point, give the reason, then link it to the result. Use because/so and the key science term.","Make the science point. | Use because/so to link cause and effect. | Add the result, consequence or application.",9B assess-yourself success criterion 10,success-criterion-derived
y9x-026-9b-use-word-equations-for-photosynthesis-and-aerobic-respiration,9B,written-main,True,state,state,Use one short sentence or a compact list. Include the exact science term.,"Give the exact fact, term, equation or short list. Keep it short and use the science key words.","Find the exact fact the question is asking for. | Write the key word, equation or short list. | Do not add a long explanation unless the question asks for it.",9B assess-yourself success criterion 11,success-criterion-derived
y9x-027-9b-explain-what-happens-when-plants-lack-water-or-mineral-salts,9B,written-main,True,explain,explain,Use point → because → result. Link the cause to the science effect.,"Make the point, give the reason, then link it to the result. Use because/so and the key science term.","Make the science point. | Use because/so to link cause and effect. | Add the result, consequence or application.",9B assess-yourself success criterion 12,success-criterion-derived
y9x-028-9b-describe-substances-made-in-plants-and-their-uses,9B,written-main,True,describe,describe,"Use short linked sentences. Say what happens, what is shown, or what changes.","Say what happens, what changes, or what is shown. Use short linked points and include values or labels if given.","Give one clear feature, step or change. | Add another linked feature, step or comparison. | Use values, labels or context from the question where useful.",9B assess-yourself success criterion 13,success-criterion-derived
y9x-029-9b-explain-that-chlorophyll-traps-energy-transferred-by-light,9B,written-main,True,explain,explain,Use point → because → result. Link the cause to the science effect.,"Make the point, give the reason, then link it to the result. Use because/so and the key science term.","Make the science point. | Use because/so to link cause and effect. | Add the result, consequence or application.",9B assess-yourself success criterion 14,success-criterion-derived
y9x-030-9b-explain-how-farming-can-change-the-carbon-cycle,9B,written-main,True,explain,explain,Use point → because → result. Link the cause to the science effect.,"Make the point, give the reason, then link it to the result. Use because/so and the key science term.","Make the science point. | Use because/so to link cause and effect. | Add the result, consequence or application.",9B assess-yourself success criterion 15,success-criterion-derived
y9x-031-9b-explain-problems-caused-by-fertilisers-including-effects-on-fish-in-lakes,9B,written-main,True,explain,explain,Use point → because → result. Link the cause to the science effect.,"Make the point, give the reason, then link it to the result. Use because/so and the key science term.","Make the science point. | Use because/so to link cause and effect. | Add the result, consequence or application.",9B assess-yourself success criterion 16,success-criterion-derived
y9x-032-9b-explain-problems-caused-by-pesticides-including-persistent-insecticides,9B,written-main,True,explain,explain,Use point → because → result. Link the cause to the science effect.,"Make the point, give the reason, then link it to the result. Use because/so and the key science term.","Make the science point. | Use because/so to link cause and effect. | Add the result, consequence or application.",9B assess-yourself success criterion 17,success-criterion-derived
y9x-033-9b-describe-how-limiting-factors-stop-photosynthesis-rate-increasing,9B,written-main,True,describe,describe,"Use short linked sentences. Say what happens, what is shown, or what changes.","Say what happens, what changes, or what is shown. Use short linked points and include values or labels if given.","Give one clear feature, step or change. | Add another linked feature, step or comparison. | Use values, labels or context from the question where useful.",9B assess-yourself success criterion 18,success-criterion-derived
y9x-034-9e-name-common-conductors-and-insulators,9E,written-recall,True,state,state,Use one short sentence or a compact list. Include the exact science term.,"Give the exact fact, term, equation or short list. Keep it short and use the science key words.","Find the exact fact the question is asking for. | Write the key word, equation or short list. | Do not add a long explanation unless the question asks for it.",9E assess-yourself success criterion 01,success-criterion-derived
y9x-035-9e-explain-what-a-landfill-site-is-and-why-it-can-cause-problems,9E,written-main,True,explain,explain,Use point → because → result. Link the cause to the science effect.,"Make the point, give the reason, then link it to the result. Use because/so and the key science term.","Make the science point. | Use because/so to link cause and effect. | Add the result, consequence or application.",9E assess-yourself success criterion 02,success-criterion-derived
y9x-036-9e-name-examples-of-ceramic-polymer-and-composite-materials,9E,written-recall,True,state,state,Use one short sentence or a compact list. Include the exact science term.,"Give the exact fact, term, equation or short list. Keep it short and use the science key words.","Find the exact fact the question is asking for. | Write the key word, equation or short list. | Do not add a long explanation unless the question asks for it.",9E assess-yourself success criterion 03,success-criterion-derived
y9x-037-9e-name-the-main-source-of-raw-materials-for-making-polymers,9E,written-recall,True,state,state,Use one short sentence or a compact list. Include the exact science term.,"Give the exact fact, term, equation or short list. Keep it short and use the science key words.","Find the exact fact the question is asking for. | Write the key word, equation or short list. | Do not add a long explanation unless the question asks for it.",9E assess-yourself success criterion 04,success-criterion-derived
y9x-038-9e-describe-the-difference-between-biodegradable-and-non-biodegradable-polymers,9E,written-main,True,describe,describe,"Use short linked sentences. Say what happens, what is shown, or what changes.","Say what happens, what changes, or what is shown. Use short linked points and include values or labels if given.","Give one clear feature, step or change. | Add another linked feature, step or comparison. | Use values, labels or context from the question where useful.",9E assess-yourself success criterion 05,success-criterion-derived
y9x-039-9e-describe-pollution-problems-caused-by-burning-fossil-fuels,9E,written-main,True,describe,describe,"Use short linked sentences. Say what happens, what is shown, or what changes.","Say what happens, what changes, or what is shown. Use short linked points and include values or labels if given.","Give one clear feature, step or change. | Add another linked feature, step or comparison. | Use values, labels or context from the question where useful.",9E assess-yourself success criterion 06,success-criterion-derived
y9x-040-9e-describe-what-a-composite-material-is,9E,written-main,True,describe,describe,"Use short linked sentences. Say what happens, what is shown, or what changes.","Say what happens, what changes, or what is shown. Use short linked points and include values or labels if given.","Give one clear feature, step or change. | Add another linked feature, step or comparison. | Use values, labels or context from the question where useful.",9E assess-yourself success criterion 07,success-criterion-derived
y9x-041-9e-describe-problems-caused-by-disposal-of-artificial-polymers,9E,written-main,True,describe,describe,"Use short linked sentences. Say what happens, what is shown, or what changes.","Say what happens, what changes, or what is shown. Use short linked points and include values or labels if given.","Give one clear feature, step or change. | Add another linked feature, step or comparison. | Use values, labels or context from the question where useful.",9E assess-yourself success criterion 08,success-criterion-derived
y9x-042-9e-explain-the-causes-and-problems-of-acid-rain-and-the-greenhouse-effect,9E,written-main,True,explain,explain,Use point → because → result. Link the cause to the science effect.,"Make the point, give the reason, then link it to the result. Use because/so and the key science term.","Make the science point. | Use because/so to link cause and effect. | Add the result, consequence or application.",9E assess-yourself success criterion 09,success-criterion-derived
y9x-043-9e-link-uses-of-ceramics-polymers-and-composites-to-their-properties,9E,written-main,True,describe,describe,"Use short linked sentences. Say what happens, what is shown, or what changes.","Say what happens, what changes, or what is shown. Use short linked points and include values or labels if given.","Give one clear feature, step or change. | Add another linked feature, step or comparison. | Use values, labels or context from the question where useful.",9E assess-yourself success criterion 10,success-criterion-derived
y9x-044-9e-describe-how-polymers-are-formed-from-monomers,9E,written-main,True,describe,describe,"Use short linked sentences. Say what happens, what is shown, or what changes.","Say what happens, what changes, or what is shown. Use short linked points and include values or labels if given.","Give one clear feature, step or change. | Add another linked feature, step or comparison. | Use values, labels or context from the question where useful.",9E assess-yourself success criterion 11,success-criterion-derived
y9x-045-9e-identify-thermal-decomposition-reactions,9E,written-main,True,identify,identify,Use the diagram labels or names only. Do not add a long explanation unless it helps clarity.,"Use the labels, diagram or question clue to name the correct item(s). Keep the answer concise.","Look carefully at the label, diagram or clue. | Name the correct item(s), part(s) or feature(s). | Use letters/names clearly if the diagram uses labels.",9E assess-yourself success criterion 12,success-criterion-derived
y9x-046-9e-explain-advantages-of-recycling-with-specific-examples,9E,written-main,True,explain,explain,Use point → because → result. Link the cause to the science effect.,"Make the point, give the reason, then link it to the result. Use because/so and the key science term.","Make the science point. | Use because/so to link cause and effect. | Add the result, consequence or application.",9E assess-yourself success criterion 13,success-criterion-derived
y9x-047-9e-justify-using-a-ceramic-polymer-or-composite-for-a-particular-use,9E,written-main,True,explain,explain,Use point → because → result. Link the cause to the science effect.,"Make the point, give the reason, then link it to the result. Use because/so and the key science term.","Make the science point. | Use because/so to link cause and effect. | Add the result, consequence or application.",9E assess-yourself success criterion 14,success-criterion-derived
y9x-048-9e-explain-how-crystal-size-depends-on-cooling-speed,9E,written-main,True,explain,explain,Use point → because → result. Link the cause to the science effect.,"Make the point, give the reason, then link it to the result. Use because/so and the key science term.","Make the science point. | Use because/so to link cause and effect. | Add the result, consequence or application.",9E assess-yourself success criterion 15,success-criterion-derived
y9x-049-9e-explain-how-properties-of-a-material-depend-on-bonding-and-structure,9E,written-main,True,explain,explain,Use point → because → result. Link the cause to the science effect.,"Make the point, give the reason, then link it to the result. Use because/so and the key science term.","Make the science point. | Use because/so to link cause and effect. | Add the result, consequence or application.",9E assess-yourself success criterion 16,success-criterion-derived
y9x-050-9e-classify-exothermic-and-endothermic-reactions-by-temperature-change-and-energy-t,9E,written-main,True,identify,identify,Use the diagram labels or names only. Do not add a long explanation unless it helps clarity.,"Use the labels, diagram or question clue to name the correct item(s). Keep the answer concise.","Look carefully at the label, diagram or clue. | Name the correct item(s), part(s) or feature(s). | Use letters/names clearly if the diagram uses labels.",9E assess-yourself success criterion 17,success-criterion-derived
y9x-051-9e-explain-biomagnification-of-toxins-through-food-chains,9E,written-main,True,explain,explain,Use point → because → result. Link the cause to the science effect.,"Make the point, give the reason, then link it to the result. Use because/so and the key science term.","Make the science point. | Use because/so to link cause and effect. | Add the result, consequence or application.",9E assess-yourself success criterion 18,success-criterion-derived
y9x-052-9e-suggest-ways-to-reduce-global-warming-and-acid-rain-impacts,9E,written-main,True,explain,explain,Use point → because → result. Link the cause to the science effect.,"Make the point, give the reason, then link it to the result. Use because/so and the key science term.","Make the science point. | Use because/so to link cause and effect. | Add the result, consequence or application.",9E assess-yourself success criterion 19,success-criterion-derived
y9x-053-9f-describe-what-causes-rusting,9F,written-main,True,describe,describe,"Use short linked sentences. Say what happens, what is shown, or what changes.","Say what happens, what changes, or what is shown. Use short linked points and include values or labels if given.","Give one clear feature, step or change. | Add another linked feature, step or comparison. | Use values, labels or context from the question where useful.",9F assess-yourself success criterion 01,success-criterion-derived
y9x-054-9f-describe-one-simple-method-of-preventing-rusting,9F,written-main,True,describe,describe,"Use short linked sentences. Say what happens, what is shown, or what changes.","Say what happens, what changes, or what is shown. Use short linked points and include values or labels if given.","Give one clear feature, step or change. | Add another linked feature, step or comparison. | Use values, labels or context from the question where useful.",9F assess-yourself success criterion 02,success-criterion-derived
y9x-055-9f-explain-why-rusting-is-a-problem,9F,written-main,True,explain,explain,Use point → because → result. Link the cause to the science effect.,"Make the point, give the reason, then link it to the result. Use because/so and the key science term.","Make the science point. | Use because/so to link cause and effect. | Add the result, consequence or application.",9F assess-yourself success criterion 03,success-criterion-derived
y9x-056-9f-use-scientific-words-to-explain-how-iron-rusts,9F,written-main,True,explain,explain,Use point → because → result. Link the cause to the science effect.,"Make the point, give the reason, then link it to the result. Use because/so and the key science term.","Make the science point. | Use because/so to link cause and effect. | Add the result, consequence or application.",9F assess-yourself success criterion 04,success-criterion-derived
y9x-057-9f-explain-why-iron-or-steel-is-used-for-a-purpose-because-of-its-properties,9F,written-main,True,explain,explain,Use point → because → result. Link the cause to the science effect.,"Make the point, give the reason, then link it to the result. Use because/so and the key science term.","Make the science point. | Use because/so to link cause and effect. | Add the result, consequence or application.",9F assess-yourself success criterion 05,success-criterion-derived
y9x-058-9f-describe-how-iron-ore-is-obtained-from-mining,9F,written-main,True,describe,describe,"Use short linked sentences. Say what happens, what is shown, or what changes.","Say what happens, what changes, or what is shown. Use short linked points and include values or labels if given.","Give one clear feature, step or change. | Add another linked feature, step or comparison. | Use values, labels or context from the question where useful.",9F assess-yourself success criterion 06,success-criterion-derived
y9x-059-9f-use-word-equations-to-describe-reactions,9F,written-main,True,describe,describe,"Use short linked sentences. Say what happens, what is shown, or what changes.","Say what happens, what changes, or what is shown. Use short linked points and include values or labels if given.","Give one clear feature, step or change. | Add another linked feature, step or comparison. | Use values, labels or context from the question where useful.",9F assess-yourself success criterion 07,success-criterion-derived
y9x-060-9f-describe-the-reactivity-series-and-the-position-of-iron,9F,written-main,True,describe,describe,"Use short linked sentences. Say what happens, what is shown, or what changes.","Say what happens, what changes, or what is shown. Use short linked points and include values or labels if given.","Give one clear feature, step or change. | Add another linked feature, step or comparison. | Use values, labels or context from the question where useful.",9F assess-yourself success criterion 08,success-criterion-derived
y9x-061-9f-explain-how-metal-reactivity-determines-extraction-method,9F,written-main,True,explain,explain,Use point → because → result. Link the cause to the science effect.,"Make the point, give the reason, then link it to the result. Use because/so and the key science term.","Make the science point. | Use because/so to link cause and effect. | Add the result, consequence or application.",9F assess-yourself success criterion 09,success-criterion-derived
y9x-062-9f-explain-why-energy-needs-and-cost-matter-when-selecting-extraction-methods,9F,written-main,True,explain,explain,Use point → because → result. Link the cause to the science effect.,"Make the point, give the reason, then link it to the result. Use because/so and the key science term.","Make the science point. | Use because/so to link cause and effect. | Add the result, consequence or application.",9F assess-yourself success criterion 10,success-criterion-derived
y9x-063-9f-describe-sacrificial-protection-for-preventing-rusting,9F,written-main,True,describe,describe,"Use short linked sentences. Say what happens, what is shown, or what changes.","Say what happens, what changes, or what is shown. Use short linked points and include values or labels if given.","Give one clear feature, step or change. | Add another linked feature, step or comparison. | Use values, labels or context from the question where useful.",9F assess-yourself success criterion 11,success-criterion-derived
y9x-064-9f-explain-how-sacrificial-protection-prevents-rusting-and-link-this-to-the-reactiv,9F,written-main,True,explain,explain,Use point → because → result. Link the cause to the science effect.,"Make the point, give the reason, then link it to the result. Use because/so and the key science term.","Make the science point. | Use because/so to link cause and effect. | Add the result, consequence or application.",9F assess-yourself success criterion 12,success-criterion-derived
y9x-065-9f-explain-why-certain-metals-are-used-for-sacrificial-protection,9F,written-main,True,explain,explain,Use point → because → result. Link the cause to the science effect.,"Make the point, give the reason, then link it to the result. Use because/so and the key science term.","Make the science point. | Use because/so to link cause and effect. | Add the result, consequence or application.",9F assess-yourself success criterion 13,success-criterion-derived
y9x-066-9f-explain-other-reactions-taking-place-in-a-blast-furnace,9F,written-main,True,explain,explain,Use point → because → result. Link the cause to the science effect.,"Make the point, give the reason, then link it to the result. Use because/so and the key science term.","Make the science point. | Use because/so to link cause and effect. | Add the result, consequence or application.",9F assess-yourself success criterion 14,success-criterion-derived
y9x-067-9f-use-balanced-equations-to-represent-reactions,9F,written-main,True,explain,explain,Use point → because → result. Link the cause to the science effect.,"Make the point, give the reason, then link it to the result. Use because/so and the key science term.","Make the science point. | Use because/so to link cause and effect. | Add the result, consequence or application.",9F assess-yourself success criterion 15,success-criterion-derived
y9x-068-9f-describe-the-formation-of-stainless-steel,9F,written-main,True,describe,describe,"Use short linked sentences. Say what happens, what is shown, or what changes.","Say what happens, what changes, or what is shown. Use short linked points and include values or labels if given.","Give one clear feature, step or change. | Add another linked feature, step or comparison. | Use values, labels or context from the question where useful.",9F assess-yourself success criterion 16,success-criterion-derived
y9x-069-9i-recall-units-for-speed-and-explain-what-speed-means,9I,written-main,True,explain,explain,Use point → because → result. Link the cause to the science effect.,"Make the point, give the reason, then link it to the result. Use because/so and the key science term.","Make the science point. | Use because/so to link cause and effect. | Add the result, consequence or application.",9I assess-yourself success criterion 01,success-criterion-derived
y9x-070-9i-explain-how-distance-and-time-affect-speed,9I,written-main,True,explain,explain,Use point → because → result. Link the cause to the science effect.,"Make the point, give the reason, then link it to the result. Use because/so and the key science term.","Make the science point. | Use because/so to link cause and effect. | Add the result, consequence or application.",9I assess-yourself success criterion 02,success-criterion-derived
y9x-071-9i-use-the-formula-relating-speed-distance-and-time,9I,written-main,True,calculate,calculate,"Write formula, substitution, answer and unit where possible.","Write the formula or method, substitute values, then give the answer with a unit or required rounding.",Write the equation or method. | Substitute the values and show working. | Give the final answer with the correct unit or rounding.,9I assess-yourself success criterion 03,success-criterion-derived
y9x-072-9i-describe-levers-ramps-and-pulleys-and-how-they-help-move-loads,9I,written-main,True,describe,describe,"Use short linked sentences. Say what happens, what is shown, or what changes.","Say what happens, what changes, or what is shown. Use short linked points and include values or labels if given.","Give one clear feature, step or change. | Add another linked feature, step or comparison. | Use values, labels or context from the question where useful.",9I assess-yourself success criterion 04,success-criterion-derived
y9x-073-9i-explain-how-levers-ramps-or-pulleys-could-raise-or-lift-stones,9I,written-main,True,explain,explain,Use point → because → result. Link the cause to the science effect.,"Make the point, give the reason, then link it to the result. Use because/so and the key science term.","Make the science point. | Use because/so to link cause and effect. | Add the result, consequence or application.",9I assess-yourself success criterion 05,success-criterion-derived
y9x-074-9i-state-what-a-moment-is-and-when-something-balances,9I,written-recall,True,state,state,Use one short sentence or a compact list. Include the exact science term.,"Give the exact fact, term, equation or short list. Keep it short and use the science key words.","Find the exact fact the question is asking for. | Write the key word, equation or short list. | Do not add a long explanation unless the question asks for it.",9I assess-yourself success criterion 06,success-criterion-derived
y9x-075-9i-explain-why-simple-machines-do-not-mean-less-energy-is-needed,9I,written-main,True,explain,explain,Use point → because → result. Link the cause to the science effect.,"Make the point, give the reason, then link it to the result. Use because/so and the key science term.","Make the science point. | Use because/so to link cause and effect. | Add the result, consequence or application.",9I assess-yourself success criterion 07,success-criterion-derived
y9x-076-9i-represent-part-of-a-journey-on-a-distance-time-graph,9I,written-main,True,graph,graph,"Read the axes, quote the trend or values, and describe the graph clearly.","Read the axes and scale first. Use values where useful, then describe or draw the trend/relationship.","Check the x-axis, y-axis and scale. | Use values, gradients or line shape where useful. | Describe the trend or draw/plot the requested relationship.",9I assess-yourself success criterion 08,success-criterion-derived
y9x-077-9i-use-the-formula-for-moment-force-and-perpendicular-distance,9I,written-main,True,calculate,calculate,"Write formula, substitution, answer and unit where possible.","Write the formula or method, substitute values, then give the answer with a unit or required rounding.",Write the equation or method. | Substitute the values and show working. | Give the final answer with the correct unit or rounding.,9I assess-yourself success criterion 09,success-criterion-derived
y9x-078-9i-explain-the-effect-of-friction-on-force-needed-to-move-a-load,9I,written-main,True,explain,explain,Use point → because → result. Link the cause to the science effect.,"Make the point, give the reason, then link it to the result. Use because/so and the key science term.","Make the science point. | Use because/so to link cause and effect. | Add the result, consequence or application.",9I assess-yourself success criterion 10,success-criterion-derived
y9x-079-9i-explain-why-friction-usually-means-more-energy-is-needed-with-a-simple-machine,9I,written-main,True,explain,explain,Use point → because → result. Link the cause to the science effect.,"Make the point, give the reason, then link it to the result. Use because/so and the key science term.","Make the science point. | Use because/so to link cause and effect. | Add the result, consequence or application.",9I assess-yourself success criterion 11,success-criterion-derived
y9x-080-9i-explain-how-ramp-angle-affects-friction-and-required-force-using-force-component,9I,written-main,True,explain,explain,Use point → because → result. Link the cause to the science effect.,"Make the point, give the reason, then link it to the result. Use because/so and the key science term.","Make the science point. | Use because/so to link cause and effect. | Add the result, consequence or application.",9I assess-yourself success criterion 12,success-criterion-derived
y9x-081-9b-describe-what-gas-exchange-is-and-why-it-needs-to-occur-in-plants,9B,written-main,True,explain,explain,Use point → because → result. Link the cause to the science effect.,"Make the point, give the reason, then link it to the result. Use because/so and the key science term.","Make the science point. | Use because/so to link cause and effect. | Add the result, consequence or application.",9B Plant Growth PPT slide 48 progress check,progress-check-derived
y9x-082-9b-describe-how-a-leaf-is-adapted-so-palisade-cells-get-the-resources-they-need,9B,written-main,True,describe,describe,"Use short linked sentences. Say what happens, what is shown, or what changes.","Say what happens, what changes, or what is shown. Use short linked points and include values or labels if given.","Give one clear feature, step or change. | Add another linked feature, step or comparison. | Use values, labels or context from the question where useful.",9B Plant Growth PPT slide 48 progress check,progress-check-derived
y9x-083-9b-describe-why-starch-in-chloroplasts-is-broken-down,9B,written-main,True,explain,explain,Use point → because → result. Link the cause to the science effect.,"Make the point, give the reason, then link it to the result. Use because/so and the key science term.","Make the science point. | Use because/so to link cause and effect. | Add the result, consequence or application.",9B Plant Growth PPT slide 62 progress check,progress-check-derived
y9x-084-9b-suggest-when-starch-is-broken-down-in-chloroplasts-and-explain-why,9B,written-main,True,explain,explain,Use point → because → result. Link the cause to the science effect.,"Make the point, give the reason, then link it to the result. Use because/so and the key science term.","Make the science point. | Use because/so to link cause and effect. | Add the result, consequence or application.",9B Plant Growth PPT slide 62 progress check,progress-check-derived
y9x-085-9b-explain-why-plants-do-not-grow-well-if-the-soil-lacks-nitrates,9B,written-main,True,explain,explain,Use point → because → result. Link the cause to the science effect.,"Make the point, give the reason, then link it to the result. Use because/so and the key science term.","Make the science point. | Use because/so to link cause and effect. | Add the result, consequence or application.",9B Plant Growth PPT slide 65 extending,progress-check-derived
y9x-086-9b-put-the-main-stages-of-germination-into-a-logical-order,9B,written-main,True,describe,describe,"Use short linked sentences. Say what happens, what is shown, or what changes.","Say what happens, what changes, or what is shown. Use short linked points and include values or labels if given.","Give one clear feature, step or change. | Add another linked feature, step or comparison. | Use values, labels or context from the question where useful.",9B Plant Growth PPT slide 67,progress-check-derived
y9x-087-9b-list-three-substances-found-in-seeds-and-explain-their-functions,9B,written-main,True,explain,explain,Use point → because → result. Link the cause to the science effect.,"Make the point, give the reason, then link it to the result. Use because/so and the key science term.","Make the science point. | Use because/so to link cause and effect. | Add the result, consequence or application.",9B Plant Growth PPT slide 67 extending,progress-check-derived
y9x-088-9b-describe-why-plants-are-cross-bred,9B,written-main,True,explain,explain,Use point → because → result. Link the cause to the science effect.,"Make the point, give the reason, then link it to the result. Use because/so and the key science term.","Make the science point. | Use because/so to link cause and effect. | Add the result, consequence or application.",9B Plant Growth PPT slide 73 objective,progress-check-derived
y9x-089-9b-recall-the-main-mineral-nutrients-plants-need,9B,written-recall,True,state,state,Use one short sentence or a compact list. Include the exact science term.,"Give the exact fact, term, equation or short list. Keep it short and use the science key words.","Find the exact fact the question is asking for. | Write the key word, equation or short list. | Do not add a long explanation unless the question asks for it.",9B Plant Growth PPT slide 73 objective,progress-check-derived
y9x-090-9b-explain-how-food-production-for-humans-can-be-increased,9B,written-main,True,explain,explain,Use point → because → result. Link the cause to the science effect.,"Make the point, give the reason, then link it to the result. Use because/so and the key science term.","Make the science point. | Use because/so to link cause and effect. | Add the result, consequence or application.",9B Plant Growth PPT slide 73 objective,progress-check-derived
y9x-091-9b-explain-why-phosphates-and-potassium-are-important-nutrients-for-plants,9B,written-main,True,explain,explain,Use point → because → result. Link the cause to the science effect.,"Make the point, give the reason, then link it to the result. Use because/so and the key science term.","Make the science point. | Use because/so to link cause and effect. | Add the result, consequence or application.",9B Plant Growth PPT slide 73 objective,progress-check-derived
y9x-092-9b-define-biodiversity,9B,written-main,True,explain,explain,Use point → because → result. Link the cause to the science effect.,"Make the point, give the reason, then link it to the result. Use because/so and the key science term.","Make the science point. | Use because/so to link cause and effect. | Add the result, consequence or application.",9B Plant Growth PPT slide 95,progress-check-derived
y9x-093-9b-describe-how-sampling-can-estimate-biodiversity-in-a-field,9B,written-main,True,describe,describe,"Use short linked sentences. Say what happens, what is shown, or what changes.","Say what happens, what changes, or what is shown. Use short linked points and include values or labels if given.","Give one clear feature, step or change. | Add another linked feature, step or comparison. | Use values, labels or context from the question where useful.",9B Plant Growth PPT slides 97-98,progress-check-derived
y9x-094-9b-explain-why-relying-on-one-crop-variety-can-be-risky,9B,written-main,True,explain,explain,Use point → because → result. Link the cause to the science effect.,"Make the point, give the reason, then link it to the result. Use because/so and the key science term.","Make the science point. | Use because/so to link cause and effect. | Add the result, consequence or application.",9B Plant Growth PPT slide 99 extending,progress-check-derived
y9x-095-9b-label-the-main-processes-in-the-carbon-cycle,9B,written-main,True,identify,identify,Use the diagram labels or names only. Do not add a long explanation unless it helps clarity.,"Use the labels, diagram or question clue to name the correct item(s). Keep the answer concise.","Look carefully at the label, diagram or clue. | Name the correct item(s), part(s) or feature(s). | Use letters/names clearly if the diagram uses labels.",9B Plant Growth PPT slide 103,progress-check-derived
y9x-096-9b-explain-how-farming-affects-the-carbon-cycle,9B,written-main,True,explain,explain,Use point → because → result. Link the cause to the science effect.,"Make the point, give the reason, then link it to the result. Use because/so and the key science term.","Make the science point. | Use because/so to link cause and effect. | Add the result, consequence or application.",9B Plant Growth PPT slide 103 extending,progress-check-derived
y9x-097-9b-give-advantages-and-disadvantages-of-clearing-land-for-farming,9B,written-recall,True,state,state,Use one short sentence or a compact list. Include the exact science term.,"Give the exact fact, term, equation or short list. Keep it short and use the science key words.","Find the exact fact the question is asking for. | Write the key word, equation or short list. | Do not add a long explanation unless the question asks for it.",9B Plant Growth PPT slide 105,progress-check-derived
y9x-098-9b-give-advantages-and-disadvantages-of-insecticides-and-herbicides,9B,written-recall,True,state,state,Use one short sentence or a compact list. Include the exact science term.,"Give the exact fact, term, equation or short list. Keep it short and use the science key words.","Find the exact fact the question is asking for. | Write the key word, equation or short list. | Do not add a long explanation unless the question asks for it.",9B Plant Growth PPT slide 105,progress-check-derived
y9x-099-9b-give-advantages-and-disadvantages-of-fertilisers,9B,written-recall,True,state,state,Use one short sentence or a compact list. Include the exact science term.,"Give the exact fact, term, equation or short list. Keep it short and use the science key words.","Find the exact fact the question is asking for. | Write the key word, equation or short list. | Do not add a long explanation unless the question asks for it.",9B Plant Growth PPT slide 105,progress-check-derived
y9x-100-9b-explain-why-changing-from-wheat-to-rapeseed-after-many-years-may-reduce-yield,9B,written-main,True,explain,explain,Use point → because → result. Link the cause to the science effect.,"Make the point, give the reason, then link it to the result. Use because/so and the key science term.","Make the science point. | Use because/so to link cause and effect. | Add the result, consequence or application.",9B Plant Growth PPT slide 105 extending,progress-check-derived
y9x-101-9j-state-where-electrons-are-found-in-an-atom,9J,written-recall,True,state,state,Use one short sentence or a compact list. Include the exact science term.,"Give the exact fact, term, equation or short list. Keep it short and use the science key words.","Find the exact fact the question is asking for. | Write the key word, equation or short list. | Do not add a long explanation unless the question asks for it.",9Jb Static Electricity PPT slide 9 progress check,progress-check-derived
y9x-102-9j-describe-the-dangers-of-static-electricity,9J,written-main,True,describe,describe,"Use short linked sentences. Say what happens, what is shown, or what changes.","Say what happens, what changes, or what is shown. Use short linked points and include values or labels if given.","Give one clear feature, step or change. | Add another linked feature, step or comparison. | Use values, labels or context from the question where useful.",9Jb Static Electricity PPT slide 9 progress check,progress-check-derived
y9x-103-9j-explain-why-only-negative-charges-transfer-onto-an-insulating-material,9J,written-main,True,explain,explain,Use point → because → result. Link the cause to the science effect.,"Make the point, give the reason, then link it to the result. Use because/so and the key science term.","Make the science point. | Use because/so to link cause and effect. | Add the result, consequence or application.",9Jb Static Electricity PPT slide 9 progress check,progress-check-derived
y9x-104-9j-explain-why-a-rubbed-polythene-rod-has-an-overall-negative-charge,9J,written-main,True,explain,explain,Use point → because → result. Link the cause to the science effect.,"Make the point, give the reason, then link it to the result. Use because/so and the key science term.","Make the science point. | Use because/so to link cause and effect. | Add the result, consequence or application.",9Jb Static Electricity PPT slide 9 progress check,progress-check-derived
y9x-105-9j-describe-how-charged-objects-attract-or-repel-each-other,9J,written-main,True,describe,describe,"Use short linked sentences. Say what happens, what is shown, or what changes.","Say what happens, what changes, or what is shown. Use short linked points and include values or labels if given.","Give one clear feature, step or change. | Add another linked feature, step or comparison. | Use values, labels or context from the question where useful.",9Jb Static Electricity PPT slides 8 and 10,progress-check-derived
y9x-106-9j-describe-a-fair-investigation-of-forces-between-charged-rods,9J,written-main,True,describe,describe,"Use short linked sentences. Say what happens, what is shown, or what changes.","Say what happens, what changes, or what is shown. Use short linked points and include values or labels if given.","Give one clear feature, step or change. | Add another linked feature, step or comparison. | Use values, labels or context from the question where useful.",9Jb Static Electricity PPT slide 12,progress-check-derived
y9x-107-9j-state-three-materials-that-have-high-resistance,9J,written-recall,True,state,state,Use one short sentence or a compact list. Include the exact science term.,"Give the exact fact, term, equation or short list. Keep it short and use the science key words.","Find the exact fact the question is asking for. | Write the key word, equation or short list. | Do not add a long explanation unless the question asks for it.",9Jd Resistance PPT slide 9 progress check,progress-check-derived
y9x-108-9j-describe-what-resistance-is,9J,written-main,True,describe,describe,"Use short linked sentences. Say what happens, what is shown, or what changes.","Say what happens, what changes, or what is shown. Use short linked points and include values or labels if given.","Give one clear feature, step or change. | Add another linked feature, step or comparison. | Use values, labels or context from the question where useful.",9Jd Resistance PPT slide 9 progress check,progress-check-derived
y9x-109-9j-describe-how-to-increase-resistance-in-a-circuit,9J,written-main,True,describe,describe,"Use short linked sentences. Say what happens, what is shown, or what changes.","Say what happens, what changes, or what is shown. Use short linked points and include values or labels if given.","Give one clear feature, step or change. | Add another linked feature, step or comparison. | Use values, labels or context from the question where useful.",9Jd Resistance PPT slide 9 progress check,progress-check-derived
y9x-110-9j-state-the-units-for-voltage-current-and-resistance,9J,written-recall,True,state,state,Use one short sentence or a compact list. Include the exact science term.,"Give the exact fact, term, equation or short list. Keep it short and use the science key words.","Find the exact fact the question is asking for. | Write the key word, equation or short list. | Do not add a long explanation unless the question asks for it.",9Jd Resistance PPT slide 10,progress-check-derived
y9x-111-9j-explain-which-wire-has-higher-resistance-a-long-thin-wire-or-a-short-thick-wire-,9J,written-main,True,explain,explain,Use point → because → result. Link the cause to the science effect.,"Make the point, give the reason, then link it to the result. Use because/so and the key science term.","Make the science point. | Use because/so to link cause and effect. | Add the result, consequence or application.",9Jd Resistance PPT slide 8,progress-check-derived
y9x-112-9j-explain-how-a-current-voltage-graph-shows-which-resistor-has-the-higher-resistan,9J,written-main,True,explain,explain,Use point → because → result. Link the cause to the science effect.,"Make the point, give the reason, then link it to the result. Use because/so and the key science term.","Make the science point. | Use because/so to link cause and effect. | Add the result, consequence or application.",9Jd Resistance PPT slide 16,progress-check-derived
y9x-113-9j-plan-an-investigation-into-how-wire-thickness-affects-resistance,9J,written-main,True,describe,describe,"Use short linked sentences. Say what happens, what is shown, or what changes.","Say what happens, what changes, or what is shown. Use short linked points and include values or labels if given.","Give one clear feature, step or change. | Add another linked feature, step or comparison. | Use values, labels or context from the question where useful.",9Jd Resistance PPT objective,progress-check-derived
y9x-114-9j-explain-why-copper-is-commonly-used-for-wires-in-circuits,9J,written-main,True,explain,explain,Use point → because → result. Link the cause to the science effect.,"Make the point, give the reason, then link it to the result. Use because/so and the key science term.","Make the science point. | Use because/so to link cause and effect. | Add the result, consequence or application.",9Jc Current Electricity PPT slide 3 extending,progress-check-derived
y9x-115-9j-describe-how-current-behaves-in-series-and-parallel-circuits,9J,written-main,True,describe,describe,"Use short linked sentences. Say what happens, what is shown, or what changes.","Say what happens, what changes, or what is shown. Use short linked points and include values or labels if given.","Give one clear feature, step or change. | Add another linked feature, step or comparison. | Use values, labels or context from the question where useful.",9Jc Current Electricity PPT slide 10,progress-check-derived
y9x-116-9j-describe-how-voltage-behaves-in-series-and-parallel-circuits,9J,written-main,True,describe,describe,"Use short linked sentences. Say what happens, what is shown, or what changes.","Say what happens, what changes, or what is shown. Use short linked points and include values or labels if given.","Give one clear feature, step or change. | Add another linked feature, step or comparison. | Use values, labels or context from the question where useful.",9Jc Current Electricity PPT slide 13,progress-check-derived
y9x-117-9j-explain-the-difference-between-an-electromagnet-and-a-bar-magnet,9J,written-main,True,explain,explain,Use point → because → result. Link the cause to the science effect.,"Make the point, give the reason, then link it to the result. Use because/so and the key science term.","Make the science point. | Use because/so to link cause and effect. | Add the result, consequence or application.",9Je Electromagnets PPT slide 3 extending,progress-check-derived
y9x-118-9j-predict-how-changing-current-magnetic-field-strength-or-current-direction-affect,9J,written-main,True,describe,describe,"Use short linked sentences. Say what happens, what is shown, or what changes.","Say what happens, what changes, or what is shown. Use short linked points and include values or labels if given.","Give one clear feature, step or change. | Add another linked feature, step or comparison. | Use values, labels or context from the question where useful.",9Je Electromagnets PPT slide 8,progress-check-derived
y9x-119-9j-gamora-has-mass-54-kg-calculate-her-weight-on-earth-where-g-10-n-kg,9J,written-main,True,calculate,calculate,"Write formula, substitution, answer and unit where possible.","Write the formula or method, substitute values, then give the answer with a unit or required rounding.",Write the equation or method. | Substitute the values and show working. | Give the final answer with the correct unit or rounding.,9Ja Force Fields PPT slide 17,calculation-practice-derived
y9x-120-9j-gamora-has-mass-54-kg-on-a-planet-where-g-5-n-kg-calculate-her-weight,9J,written-main,True,calculate,calculate,"Write formula, substitution, answer and unit where possible.","Write the formula or method, substitute values, then give the answer with a unit or required rounding.",Write the equation or method. | Substitute the values and show working. | Give the final answer with the correct unit or rounding.,9Ja Force Fields PPT slide 17,calculation-practice-derived
y9x-121-9j-star-lord-has-mass-96-kg-calculate-his-weight-on-earth-where-g-10-n-kg,9J,written-main,True,calculate,calculate,"Write formula, substitution, answer and unit where possible.","Write the formula or method, substitute values, then give the answer with a unit or required rounding.",Write the equation or method. | Substitute the values and show working. | Give the final answer with the correct unit or rounding.,9Ja Force Fields PPT slide 18,calculation-practice-derived
y9x-122-9j-star-lord-has-mass-96-kg-on-a-planet-where-g-14-n-kg-calculate-his-weight,9J,written-main,True,calculate,calculate,"Write formula, substitution, answer and unit where possible.","Write the formula or method, substitute values, then give the answer with a unit or required rounding.",Write the equation or method. | Substitute the values and show working. | Give the final answer with the correct unit or rounding.,9Ja Force Fields PPT slide 18,calculation-practice-derived
y9x-123-9j-drax-weighs-1220-n-on-earth-where-g-10-n-kg-calculate-his-mass,9J,written-main,True,calculate,calculate,"Write formula, substitution, answer and unit where possible.","Write the formula or method, substitute values, then give the answer with a unit or required rounding.",Write the equation or method. | Substitute the values and show working. | Give the final answer with the correct unit or rounding.,9Ja Force Fields PPT slide 19,calculation-practice-derived
y9x-124-9j-drax-has-mass-122-kg-on-a-planet-where-g-7-5-n-kg-calculate-his-weight,9J,written-main,True,calculate,calculate,"Write formula, substitution, answer and unit where possible.","Write the formula or method, substitute values, then give the answer with a unit or required rounding.",Write the equation or method. | Substitute the values and show working. | Give the final answer with the correct unit or rounding.,9Ja Force Fields PPT slide 19,calculation-practice-derived
y9x-125-9j-rocket-weighs-470-n-on-earth-where-g-10-n-kg-calculate-his-mass,9J,written-main,True,calculate,calculate,"Write formula, substitution, answer and unit where possible.","Write the formula or method, substitute values, then give the answer with a unit or required rounding.",Write the equation or method. | Substitute the values and show working. | Give the final answer with the correct unit or rounding.,9Ja Force Fields PPT slide 20,calculation-practice-derived
y9x-126-9j-rocket-has-mass-47-kg-on-a-planet-where-g-22-8-n-kg-calculate-his-weight,9J,written-main,True,calculate,calculate,"Write formula, substitution, answer and unit where possible.","Write the formula or method, substitute values, then give the answer with a unit or required rounding.",Write the equation or method. | Substitute the values and show working. | Give the final answer with the correct unit or rounding.,9Ja Force Fields PPT slide 20,calculation-practice-derived
y9x-127-9j-mantis-has-mass-56-kg-calculate-her-weight-on-earth-where-g-10-n-kg,9J,written-main,True,calculate,calculate,"Write formula, substitution, answer and unit where possible.","Write the formula or method, substitute values, then give the answer with a unit or required rounding.",Write the equation or method. | Substitute the values and show working. | Give the final answer with the correct unit or rounding.,9Ja Force Fields PPT slide 21,calculation-practice-derived
y9x-128-9j-mantis-has-mass-56-kg-and-weight-686-n-on-a-planet-calculate-g,9J,written-main,True,calculate,calculate,"Write formula, substitution, answer and unit where possible.","Write the formula or method, substitute values, then give the answer with a unit or required rounding.",Write the equation or method. | Substitute the values and show working. | Give the final answer with the correct unit or rounding.,9Ja Force Fields PPT slide 21,calculation-practice-derived
y9x-129-9j-groot-has-mass-34-kg-on-a-planet-where-g-6-8-n-kg-calculate-his-weight,9J,written-main,True,calculate,calculate,"Write formula, substitution, answer and unit where possible.","Write the formula or method, substitute values, then give the answer with a unit or required rounding.",Write the equation or method. | Substitute the values and show working. | Give the final answer with the correct unit or rounding.,9Ja Force Fields PPT slide 22,calculation-practice-derived
y9x-130-9j-groot-has-mass-34-kg-and-weight-724-2-n-on-a-planet-calculate-g,9J,written-main,True,calculate,calculate,"Write formula, substitution, answer and unit where possible.","Write the formula or method, substitute values, then give the answer with a unit or required rounding.",Write the equation or method. | Substitute the values and show working. | Give the final answer with the correct unit or rounding.,9Ja Force Fields PPT slide 22,calculation-practice-derived
y9x-131-9j-oberon-has-about-1-3-times-the-mass-of-rhea-but-a-similar-diameter-which-moon-ha,9J,written-main,True,identify,identify,Use the diagram labels or names only. Do not add a long explanation unless it helps clarity.,"Use the labels, diagram or question clue to name the correct item(s). Keep the answer concise.","Look carefully at the label, diagram or clue. | Name the correct item(s), part(s) or feature(s). | Use letters/names clearly if the diagram uses labels.",9Ja Force Fields PPT slide 23 practice question,calculation-practice-derived
y9x-132-9j-calculate-resistance-voltage-12-v-current-2-a,9J,written-main,True,calculate,calculate,"Write formula, substitution, answer and unit where possible.","Write the formula or method, substitute values, then give the answer with a unit or required rounding.",Write the equation or method. | Substitute the values and show working. | Give the final answer with the correct unit or rounding.,9Jd Resistance formula practice,calculation-practice-derived
y9x-133-9j-calculate-resistance-voltage-9-v-current-0-3-a,9J,written-main,True,calculate,calculate,"Write formula, substitution, answer and unit where possible.","Write the formula or method, substitute values, then give the answer with a unit or required rounding.",Write the equation or method. | Substitute the values and show working. | Give the final answer with the correct unit or rounding.,9Jd Resistance formula practice,calculation-practice-derived
y9x-134-9j-calculate-resistance-voltage-8-v-current-0-02-a,9J,written-main,True,calculate,calculate,"Write formula, substitution, answer and unit where possible.","Write the formula or method, substitute values, then give the answer with a unit or required rounding.",Write the equation or method. | Substitute the values and show working. | Give the final answer with the correct unit or rounding.,9Jd Resistance PPT table-style practice,calculation-practice-derived
y9x-135-9j-calculate-current-voltage-6-v-resistance-30,9J,written-main,True,calculate,calculate,"Write formula, substitution, answer and unit where possible.","Write the formula or method, substitute values, then give the answer with a unit or required rounding.",Write the equation or method. | Substitute the values and show working. | Give the final answer with the correct unit or rounding.,9Jd Resistance formula practice,calculation-practice-derived
y9x-136-9j-calculate-voltage-current-0-5-a-resistance-20,9J,written-main,True,calculate,calculate,"Write formula, substitution, answer and unit where possible.","Write the formula or method, substitute values, then give the answer with a unit or required rounding.",Write the equation or method. | Substitute the values and show working. | Give the final answer with the correct unit or rounding.,9Jd Resistance PPT modelled answer extension,calculation-practice-derived
y9x-137-9j-calculate-voltage-current-0-02-a-resistance-5200,9J,written-main,True,calculate,calculate,"Write formula, substitution, answer and unit where possible.","Write the formula or method, substitute values, then give the answer with a unit or required rounding.",Write the equation or method. | Substitute the values and show working. | Give the final answer with the correct unit or rounding.,9Jd Resistance PPT table-style practice,calculation-practice-derived
y9x-138-9i-a-stone-is-moved-65-km-in-65-h-calculate-the-mean-speed,9I,written-main,True,calculate,calculate,"Write formula, substitution, answer and unit where possible.","Write the formula or method, substitute values, then give the answer with a unit or required rounding.",Write the equation or method. | Substitute the values and show working. | Give the final answer with the correct unit or rounding.,9I assess-yourself journey context,calculation-practice-derived
y9x-139-9i-a-river-section-is-40-km-and-the-stones-move-at-3-km-h-calculate-the-time-taken,9I,written-main,True,calculate,calculate,"Write formula, substitution, answer and unit where possible.","Write the formula or method, substitute values, then give the answer with a unit or required rounding.",Write the equation or method. | Substitute the values and show working. | Give the final answer with the correct unit or rounding.,9I assess-yourself journey context,calculation-practice-derived
y9x-140-9i-a-final-overland-section-is-5-km-at-1-km-h-calculate-the-time-taken,9I,written-main,True,calculate,calculate,"Write formula, substitution, answer and unit where possible.","Write the formula or method, substitute values, then give the answer with a unit or required rounding.",Write the equation or method. | Substitute the values and show working. | Give the final answer with the correct unit or rounding.,9I assess-yourself journey context,calculation-practice-derived
y9x-141-9i-a-force-of-200-n-acts-0-5-m-from-a-pivot-calculate-the-moment,9I,written-main,True,calculate,calculate,"Write formula, substitution, answer and unit where possible.","Write the formula or method, substitute values, then give the answer with a unit or required rounding.",Write the equation or method. | Substitute the values and show working. | Give the final answer with the correct unit or rounding.,9I moments practice,calculation-practice-derived
y9x-142-9i-a-moment-of-120-n-m-is-needed-using-a-lever-2-m-from-the-pivot-calculate-the-for,9I,written-main,True,calculate,calculate,"Write formula, substitution, answer and unit where possible.","Write the formula or method, substitute values, then give the answer with a unit or required rounding.",Write the equation or method. | Substitute the values and show working. | Give the final answer with the correct unit or rounding.,9I moments practice,calculation-practice-derived
y9x-143-9i-a-300-n-force-moves-a-load-4-m-calculate-the-work-done,9I,written-main,True,calculate,calculate,"Write formula, substitution, answer and unit where possible.","Write the formula or method, substitute values, then give the answer with a unit or required rounding.",Write the equation or method. | Substitute the values and show working. | Give the final answer with the correct unit or rounding.,9I work-done practice,calculation-practice-derived
y9x-144-9i-a-ramp-requires-1500-j-of-work-over-5-m-calculate-the-average-force,9I,written-main,True,calculate,calculate,"Write formula, substitution, answer and unit where possible.","Write the formula or method, substitute values, then give the answer with a unit or required rounding.",Write the equation or method. | Substitute the values and show working. | Give the final answer with the correct unit or rounding.,9I ramps/work-done practice,calculation-practice-derived
y9x-145-9i-a-cyclist-travels-at-6-m-s-for-20-s-calculate-the-distance-travelled,9I,written-main,True,calculate,calculate,"Write formula, substitution, answer and unit where possible.","Write the formula or method, substitute values, then give the answer with a unit or required rounding.",Write the equation or method. | Substitute the values and show working. | Give the final answer with the correct unit or rounding.,9I speed practice,calculation-practice-derived
y9x-138-9j-match-common-circuit-symbols-to-their-component-names,9J,written-main,True,identify,identify,Use the diagram labels or names only. Do not add a long explanation unless it helps clarity.,"Use the labels, diagram or question clue to name the correct item(s). Keep the answer concise.","Look carefully at the label, diagram or clue. | Name the correct item(s), part(s) or feature(s). | Use letters/names clearly if the diagram uses labels.",9Jc Current Electricity PPT / revision pack circuit-symbol coverage,revision-pack-aligned-visual-practice
y9x-148-9j-compare-current-and-voltage-in-the-two-circuits,9J,written-main,True,describe,describe,"Use short linked sentences. Say what happens, what is shown, or what changes.","Say what happens, what changes, or what is shown. Use short linked points and include values or labels if given.","Give one clear feature, step or change. | Add another linked feature, step or comparison. | Use values, labels or context from the question where useful.",9Jc Current Electricity PPT / series and parallel circuits,revision-pack-aligned-visual-practice
y9x-153-9j-use-the-charge-pair-diagram-identify-which-pairs-repel-and-which-attract,9J,written-main,True,identify,identify,Use the diagram labels or names only. Do not add a long explanation unless it helps clarity.,"Use the labels, diagram or question clue to name the correct item(s). Keep the answer concise.","Look carefully at the label, diagram or clue. | Name the correct item(s), part(s) or feature(s). | Use letters/names clearly if the diagram uses labels.",9Jb Static-Electricity PPT / 9J summary sheet - charge attraction and repulsion visual practice,source-style-redraw
y9x-154-9j-use-the-charge-transfer-diagram-what-particle-has-moved-and-what-charge-does-the-rod-gain,9J,written-main,True,identify,identify,Use the diagram labels or names only. Do not add a long explanation unless it helps clarity.,"Use the labels, diagram or question clue to name the correct item(s). Keep the answer concise.","Look carefully at the label, diagram or clue. | Name the correct item(s), part(s) or feature(s). | Use letters/names clearly if the diagram uses labels.",9Jb Static-Electricity PPT / 9J summary sheet - charging by rubbing visual practice,source-style-redraw
y9x-155-9j-use-the-electromagnet-diagram-match-labels-a-to-d-to-the-coil-core-cell-and-switch,9J,written-main,True,identify,identify,Use the diagram labels or names only. Do not add a long explanation unless it helps clarity.,"Use the labels, diagram or question clue to name the correct item(s). Keep the answer concise.","Look carefully at the label, diagram or clue. | Name the correct item(s), part(s) or feature(s). | Use letters/names clearly if the diagram uses labels.",9Je Electromagnets PPT / 9J summary sheet - electromagnet parts visual practice,source-style-redraw
y9x-157-9j-use-the-relay-diagram-match-labels-a-to-d-to-control-circuit-electromagnet-switch-and-load,9J,written-main,True,identify,identify,Use the diagram labels or names only. Do not add a long explanation unless it helps clarity.,"Use the labels, diagram or question clue to name the correct item(s). Keep the answer concise.","Look carefully at the label, diagram or clue. | Name the correct item(s), part(s) or feature(s). | Use letters/names clearly if the diagram uses labels.",9Je Electromagnets PPT / 9J summary sheet - relay diagram visual practice,source-style-redraw
y9x-158-9j-use-the-relay-diagram-explain-why-a-relay-is-useful,9J,written-main,True,explain,explain,Use point → because → result. Link the cause to the science effect.,"Make the point, give the reason, then link it to the result. Use because/so and the key science term.","Make the science point. | Use because/so to link cause and effect. | Add the result, consequence or application.",9Je Electromagnets PPT / 9J summary sheet - relay explanation visual practice,source-style-redraw
y9r-001-9b-what-is-sustainable development,9B,written-recall,True,state,state,Use one short sentence or a compact list. Include the exact science term.,"Give the exact fact, term, equation or short list. Keep it short and use the science key words.","Find the exact fact the question is asking for. | Write the key word, equation or short list. | Do not add a long explanation unless the question asks for it.",9B Summary sheet p2 Farming,exact-source-answer
y9r-002-9b-why-is-land-cleared-of-hedges-and-trees-in-modern-farming,9B,written-recall,True,state,state,Use one short sentence or a compact list. Include the exact science term.,"Give the exact fact, term, equation or short list. Keep it short and use the science key words.","Find the exact fact the question is asking for. | Write the key word, equation or short list. | Do not add a long explanation unless the question asks for it.",9B Summary sheet p2 Farming table,exact-source-answer
y9r-003-9b-what-problem-can-be-caused-by-clearing-hedges-and-trees,9B,written-main,True,state,state,Use one short sentence or a compact list. Include the exact science term.,"Give the exact fact, term, equation or short list. Keep it short and use the science key words.","Find the exact fact the question is asking for. | Write the key word, equation or short list. | Do not add a long explanation unless the question asks for it.",9B Summary sheet p2 Farming table,exact-source-answer
y9r-004-9b-why-are-pesticides-used-on-crops,9B,written-main,True,explain,explain,Use point → because → result. Link the cause to the science effect.,"Make the point, give the reason, then link it to the result. Use because/so and the key science term.","Make the science point. | Use because/so to link cause and effect. | Add the result, consequence or application.",9B Summary sheet p2 Farming table,exact-source-answer
y9r-005-9b-what-problem-can-pesticides-cause,9B,written-main,True,state,state,Use one short sentence or a compact list. Include the exact science term.,"Give the exact fact, term, equation or short list. Keep it short and use the science key words.","Find the exact fact the question is asking for. | Write the key word, equation or short list. | Do not add a long explanation unless the question asks for it.",9B Summary sheet p2 Farming table,exact-source-answer
y9r-006-9b-why-are-fertilisers-used,9B,written-main,True,explain,explain,Use point → because → result. Link the cause to the science effect.,"Make the point, give the reason, then link it to the result. Use because/so and the key science term.","Make the science point. | Use because/so to link cause and effect. | Add the result, consequence or application.",9B Summary sheet p2 Farming table,exact-source-answer
y9r-007-9b-what-problem-can-fertilisers-cause-if-they-wash-into-streams-and-rivers,9B,written-main,True,explain,explain,Use point → because → result. Link the cause to the science effect.,"Make the point, give the reason, then link it to the result. Use because/so and the key science term.","Make the science point. | Use because/so to link cause and effect. | Add the result, consequence or application.",9B Summary sheet p2 Farming table,exact-source-answer
y9r-008-9b-what-is-the-problem-with-planting-huge-areas-of-a-single-variety,9B,written-recall,True,state,state,Use one short sentence or a compact list. Include the exact science term.,"Give the exact fact, term, equation or short list. Keep it short and use the science key words.","Find the exact fact the question is asking for. | Write the key word, equation or short list. | Do not add a long explanation unless the question asks for it.",9B Summary sheet p2 Farming table,exact-source-answer
y9r-009-9b-what-is-cross-breeding,9B,written-recall,True,state,state,Use one short sentence or a compact list. Include the exact science term.,"Give the exact fact, term, equation or short list. Keep it short and use the science key words.","Find the exact fact the question is asking for. | Write the key word, equation or short list. | Do not add a long explanation unless the question asks for it.",9B Summary sheet p2 Breeding varieties,exact-source-answer
y9r-010-9b-what-happens-to-the-energy-released-from-glucose-in-aerobic-respiration,9B,written-main,True,describe,describe,"Use short linked sentences. Say what happens, what is shown, or what changes.","Say what happens, what changes, or what is shown. Use short linked points and include values or labels if given.","Give one clear feature, step or change. | Add another linked feature, step or comparison. | Use values, labels or context from the question where useful.",9B Summary sheet p2 Aerobic respiration,exact-source-answer
y9r-011-9b-why-do-plants-need-magnesium-salts,9B,written-main,True,explain,explain,Use point → because → result. Link the cause to the science effect.,"Make the point, give the reason, then link it to the result. Use because/so and the key science term.","Make the science point. | Use because/so to link cause and effect. | Add the result, consequence or application.",9B Summary sheet p1 Getting water,exact-source-answer
y9r-012-9b-where-does-most-photosynthesis-happen-in-leaves,9B,written-main,True,identify,identify,Use the diagram labels or names only. Do not add a long explanation unless it helps clarity.,"Use the labels, diagram or question clue to name the correct item(s). Keep the answer concise.","Look carefully at the label, diagram or clue. | Name the correct item(s), part(s) or feature(s). | Use letters/names clearly if the diagram uses labels.",9B Summary sheet p1 Getting light,exact-source-answer
y9r-013-9e-what-do-exothermic-reactions-do-to-the-surroundings,9E,written-main,True,state,state,Use one short sentence or a compact list. Include the exact science term.,"Give the exact fact, term, equation or short list. Keep it short and use the science key words.","Find the exact fact the question is asking for. | Write the key word, equation or short list. | Do not add a long explanation unless the question asks for it.",9E Summary sheet p2 Endothermic and exothermic reactions,exact-source-answer
y9r-014-9e-what-do-endothermic-reactions-do-to-the-surroundings,9E,written-main,True,state,state,Use one short sentence or a compact list. Include the exact science term.,"Give the exact fact, term, equation or short list. Keep it short and use the science key words.","Find the exact fact the question is asking for. | Write the key word, equation or short list. | Do not add a long explanation unless the question asks for it.",9E Summary sheet p2 Endothermic and exothermic reactions,exact-source-answer
y9r-015-9e-give-an-example-of-an-endothermic-reaction-from-the-revision-sheet,9E,written-recall,True,state,state,Use one short sentence or a compact list. Include the exact science term.,"Give the exact fact, term, equation or short list. Keep it short and use the science key words.","Find the exact fact the question is asking for. | Write the key word, equation or short list. | Do not add a long explanation unless the question asks for it.",9E Summary sheet p2 Endothermic and exothermic reactions,exact-source-answer
y9r-016-9e-what-do-the-state-symbols-s-l-g-and-aq-mean,9E,written-recall,True,state,state,Use one short sentence or a compact list. Include the exact science term.,"Give the exact fact, term, equation or short list. Keep it short and use the science key words.","Find the exact fact the question is asking for. | Write the key word, equation or short list. | Do not add a long explanation unless the question asks for it.",9E Summary sheet p2 Endothermic and exothermic reactions,exact-source-answer
y9r-017-9e-what-is-made-when-calcium-carbonate-thermally-decomposes,9E,written-recall,True,state,state,Use one short sentence or a compact list. Include the exact science term.,"Give the exact fact, term, equation or short list. Keep it short and use the science key words.","Find the exact fact the question is asking for. | Write the key word, equation or short list. | Do not add a long explanation unless the question asks for it.",9E Summary sheet p2 Thermal decomposition equation,exact-source-answer
y9r-018-9e-in-peer-review-what-do-scientists-check-in-a-paper,9E,written-main,True,state,state,Use one short sentence or a compact list. Include the exact science term.,"Give the exact fact, term, equation or short list. Keep it short and use the science key words.","Find the exact fact the question is asking for. | Write the key word, equation or short list. | Do not add a long explanation unless the question asks for it.",9E Summary sheet p2 Peer review,exact-source-answer
y9r-019-9e-after-peer-review-what-can-a-paper-be-recommended-for,9E,written-main,True,state,state,Use one short sentence or a compact list. Include the exact science term.,"Give the exact fact, term, equation or short list. Keep it short and use the science key words.","Find the exact fact the question is asking for. | Write the key word, equation or short list. | Do not add a long explanation unless the question asks for it.",9E Summary sheet p2 Peer review,exact-source-answer
y9r-020-9e-how-are-metals-recycled-according-to-the-revision-sheet,9E,written-main,True,describe,describe,"Use short linked sentences. Say what happens, what is shown, or what changes.","Say what happens, what changes, or what is shown. Use short linked points and include values or labels if given.","Give one clear feature, step or change. | Add another linked feature, step or comparison. | Use values, labels or context from the question where useful.",9E Summary sheet p2 Recycling materials,exact-source-answer
y9r-021-9e-how-is-glass-recycled-according-to-the-revision-sheet,9E,written-main,True,describe,describe,"Use short linked sentences. Say what happens, what is shown, or what changes.","Say what happens, what changes, or what is shown. Use short linked points and include values or labels if given.","Give one clear feature, step or change. | Add another linked feature, step or comparison. | Use values, labels or context from the question where useful.",9E Summary sheet p2 Recycling materials,exact-source-answer
y9r-022-9e-how-is-paper-recycled-according-to-the-revision-sheet,9E,written-main,True,describe,describe,"Use short linked sentences. Say what happens, what is shown, or what changes.","Say what happens, what changes, or what is shown. Use short linked points and include values or labels if given.","Give one clear feature, step or change. | Add another linked feature, step or comparison. | Use values, labels or context from the question where useful.",9E Summary sheet p2 Recycling materials,exact-source-answer
y9r-023-9e-how-is-concrete-recycled-according-to-the-revision-sheet,9E,written-main,True,describe,describe,"Use short linked sentences. Say what happens, what is shown, or what changes.","Say what happens, what changes, or what is shown. Use short linked points and include values or labels if given.","Give one clear feature, step or change. | Add another linked feature, step or comparison. | Use values, labels or context from the question where useful.",9E Summary sheet p2 Recycling materials,exact-source-answer
y9r-024-9e-give-two-reasons-why-recycling-materials-to-use-again-is-useful,9E,written-main,True,explain,explain,Use point → because → result. Link the cause to the science effect.,"Make the point, give the reason, then link it to the result. Use because/so and the key science term.","Make the science point. | Use because/so to link cause and effect. | Add the result, consequence or application.",9E Summary sheet p2 Recycling materials,exact-source-answer
y9r-025-9e-what-is-biomagnification,9E,written-main,True,explain,explain,Use point → because → result. Link the cause to the science effect.,"Make the point, give the reason, then link it to the result. Use because/so and the key science term.","Make the science point. | Use because/so to link cause and effect. | Add the result, consequence or application.",9E Summary sheet p2 Problems with materials,exact-source-answer
y9r-026-9f-in-reactions-and-physical-changes-what-happens-to-the-number-of-atoms,9F,written-main,True,explain,explain,Use point → because → result. Link the cause to the science effect.,"Make the point, give the reason, then link it to the result. Use because/so and the key science term.","Make the science point. | Use because/so to link cause and effect. | Add the result, consequence or application.",9F Summary sheet p1 Reactions and equations,exact-source-answer
y9r-027-9f-what-do-the-large-numbers-in-an-equation-show,9F,written-main,True,identify,identify,Use the diagram labels or names only. Do not add a long explanation unless it helps clarity.,"Use the labels, diagram or question clue to name the correct item(s). Keep the answer concise.","Look carefully at the label, diagram or clue. | Name the correct item(s), part(s) or feature(s). | Use letters/names clearly if the diagram uses labels.",9F Summary sheet p1 Reactions and equations,exact-source-answer
y9r-028-9f-what-do-the-letters-in-brackets-in-an-equation-show,9F,written-main,True,identify,identify,Use the diagram labels or names only. Do not add a long explanation unless it helps clarity.,"Use the labels, diagram or question clue to name the correct item(s). Keep the answer concise.","Look carefully at the label, diagram or clue. | Name the correct item(s), part(s) or feature(s). | Use letters/names clearly if the diagram uses labels.",9F Summary sheet p1 Reactions and equations,exact-source-answer
y9r-029-9f-what-does-an-atom-contain,9F,written-recall,True,state,state,Use one short sentence or a compact list. Include the exact science term.,"Give the exact fact, term, equation or short list. Keep it short and use the science key words.","Find the exact fact the question is asking for. | Write the key word, equation or short list. | Do not add a long explanation unless the question asks for it.",9F Summary sheet p2 Atomic structure,exact-source-answer
y9r-030-9f-what-is-the-atomic-number-or-proton-number,9F,written-recall,True,state,state,Use one short sentence or a compact list. Include the exact science term.,"Give the exact fact, term, equation or short list. Keep it short and use the science key words.","Find the exact fact the question is asking for. | Write the key word, equation or short list. | Do not add a long explanation unless the question asks for it.",9F Summary sheet p2 Atomic structure,exact-source-answer
y9r-031-9f-how-are-elements-arranged-in-the-periodic-table,9F,written-main,True,describe,describe,"Use short linked sentences. Say what happens, what is shown, or what changes.","Say what happens, what changes, or what is shown. Use short linked points and include values or labels if given.","Give one clear feature, step or change. | Add another linked feature, step or comparison. | Use values, labels or context from the question where useful.",9F Summary sheet p2 Atomic structure,exact-source-answer
y9r-032-9f-what-is-the-mass-number-of-an-atom,9F,written-recall,True,state,state,Use one short sentence or a compact list. Include the exact science term.,"Give the exact fact, term, equation or short list. Keep it short and use the science key words.","Find the exact fact the question is asking for. | Write the key word, equation or short list. | Do not add a long explanation unless the question asks for it.",9F Summary sheet p2 Atomic structure,exact-source-answer
y9r-033-9f-what-are-groups-and-periods-in-the-periodic-table,9F,written-recall,True,state,state,Use one short sentence or a compact list. Include the exact science term.,"Give the exact fact, term, equation or short list. Keep it short and use the science key words.","Find the exact fact the question is asking for. | Write the key word, equation or short list. | Do not add a long explanation unless the question asks for it.",9F Summary sheet p2 Atomic structure,exact-source-answer
y9r-034-9f-what-do-metals-that-react-with-water-produce,9F,written-main,True,state,state,Use one short sentence or a compact list. Include the exact science term.,"Give the exact fact, term, equation or short list. Keep it short and use the science key words.","Find the exact fact the question is asking for. | Write the key word, equation or short list. | Do not add a long explanation unless the question asks for it.",9F Summary sheet p1 The reactivity series,exact-source-answer
y9r-035-9f-what-do-metals-that-react-with-dilute-acids-produce,9F,written-main,True,state,state,Use one short sentence or a compact list. Include the exact science term.,"Give the exact fact, term, equation or short list. Keep it short and use the science key words.","Find the exact fact the question is asking for. | Write the key word, equation or short list. | Do not add a long explanation unless the question asks for it.",9F Summary sheet p1 The reactivity series,exact-source-answer
y9r-036-9f-what-is-an-oxidation-reaction-in-the-reactivity-series-section,9F,written-recall,True,state,state,Use one short sentence or a compact list. Include the exact science term.,"Give the exact fact, term, equation or short list. Keep it short and use the science key words.","Find the exact fact the question is asking for. | Write the key word, equation or short list. | Do not add a long explanation unless the question asks for it.",9F Summary sheet p1 The reactivity series,exact-source-answer
y9r-037-9f-what-is-a-hydrocarbon,9F,written-recall,True,state,state,Use one short sentence or a compact list. Include the exact science term.,"Give the exact fact, term, equation or short list. Keep it short and use the science key words.","Find the exact fact the question is asking for. | Write the key word, equation or short list. | Do not add a long explanation unless the question asks for it.",9F Summary sheet p3 Hydrocarbons,exact-source-answer
y9r-038-9f-what-is-the-word-equation-for-complete-combustion-of-a-hydrocarbon,9F,written-recall,True,state,state,Use one short sentence or a compact list. Include the exact science term.,"Give the exact fact, term, equation or short list. Keep it short and use the science key words.","Find the exact fact the question is asking for. | Write the key word, equation or short list. | Do not add a long explanation unless the question asks for it.",9F Summary sheet p3 Hydrocarbons,exact-source-answer
y9r-039-9f-what-is-the-test-for-oxygen,9F,written-recall,True,state,state,Use one short sentence or a compact list. Include the exact science term.,"Give the exact fact, term, equation or short list. Keep it short and use the science key words.","Find the exact fact the question is asking for. | Write the key word, equation or short list. | Do not add a long explanation unless the question asks for it.",9F Summary sheet p3 Hydrocarbons,exact-source-answer
y9r-040-9f-why-is-an-input-of-energy-from-a-flame-or-spark-needed-to-start-combustion,9F,written-main,True,explain,explain,Use point → because → result. Link the cause to the science effect.,"Make the point, give the reason, then link it to the result. Use because/so and the key science term.","Make the science point. | Use because/so to link cause and effect. | Add the result, consequence or application.",9F Summary sheet p3 Hydrocarbons,exact-source-answer
y9r-041-9f-what-increases-the-rate-of-reaction-according-to-the-revision-sheet,9F,written-recall,True,state,state,Use one short sentence or a compact list. Include the exact science term.,"Give the exact fact, term, equation or short list. Keep it short and use the science key words.","Find the exact fact the question is asking for. | Write the key word, equation or short list. | Do not add a long explanation unless the question asks for it.",9F Summary sheet p3 Rates of reaction,exact-source-answer
y9r-042-9f-what-is-a-displacement-reaction,9F,written-recall,True,state,state,Use one short sentence or a compact list. Include the exact science term.,"Give the exact fact, term, equation or short list. Keep it short and use the science key words.","Find the exact fact the question is asking for. | Write the key word, equation or short list. | Do not add a long explanation unless the question asks for it.",9F Summary sheet p3 Displacement reactions,exact-source-answer
y9r-043-9f-where-do-most-metals-occur,9F,written-main,True,state,state,Use one short sentence or a compact list. Include the exact science term.,"Give the exact fact, term, equation or short list. Keep it short and use the science key words.","Find the exact fact the question is asking for. | Write the key word, equation or short list. | Do not add a long explanation unless the question asks for it.",9F Summary sheet p3 Extracting metals,exact-source-answer
y9r-044-9f-which-metals-can-be-extracted-from-their-ores-by-heating-with-carbon,9F,written-main,True,identify,identify,Use the diagram labels or names only. Do not add a long explanation unless it helps clarity.,"Use the labels, diagram or question clue to name the correct item(s). Keep the answer concise.","Look carefully at the label, diagram or clue. | Name the correct item(s), part(s) or feature(s). | Use letters/names clearly if the diagram uses labels.",9F Summary sheet p3 Extracting metals,exact-source-answer
y9r-045-9f-which-metals-need-electrolysis-to-extract-them-from-their-ores,9F,written-main,True,explain,explain,Use point → because → result. Link the cause to the science effect.,"Make the point, give the reason, then link it to the result. Use because/so and the key science term.","Make the science point. | Use because/so to link cause and effect. | Add the result, consequence or application.",9F Summary sheet p3 Extracting metals,exact-source-answer
y9r-046-9f-what-are-oxidation-reduction-and-redox,9F,written-recall,True,state,state,Use one short sentence or a compact list. Include the exact science term.,"Give the exact fact, term, equation or short list. Keep it short and use the science key words.","Find the exact fact the question is asking for. | Write the key word, equation or short list. | Do not add a long explanation unless the question asks for it.",9F Summary sheet p3 Extracting metals,exact-source-answer
y9r-047-9i-what-can-forces-make-objects-do,9I,written-main,True,state,state,Use one short sentence or a compact list. Include the exact science term.,"Give the exact fact, term, equation or short list. Keep it short and use the science key words.","Find the exact fact the question is asking for. | Write the key word, equation or short list. | Do not add a long explanation unless the question asks for it.",9I Summary sheet p1 Forces and motion,exact-source-answer
y9r-048-9i-what-is-true-about-the-forces-on-an-object-moving-at-a-constant-speed,9I,written-recall,True,state,state,Use one short sentence or a compact list. Include the exact science term.,"Give the exact fact, term, equation or short list. Keep it short and use the science key words.","Find the exact fact the question is asking for. | Write the key word, equation or short list. | Do not add a long explanation unless the question asks for it.",9I Summary sheet p1 Forces and motion,exact-source-answer
y9r-049-9i-what-happens-to-air-resistance-as-a-falling-object-gets-faster,9I,written-main,True,describe,describe,"Use short linked sentences. Say what happens, what is shown, or what changes.","Say what happens, what changes, or what is shown. Use short linked points and include values or labels if given.","Give one clear feature, step or change. | Add another linked feature, step or comparison. | Use values, labels or context from the question where useful.",9I Summary sheet p1 Forces and motion,exact-source-answer
y9r-050-9i-what-has-happened-when-a-falling-object-reaches-terminal-velocity,9I,written-main,True,explain,explain,Use point → because → result. Link the cause to the science effect.,"Make the point, give the reason, then link it to the result. Use because/so and the key science term.","Make the science point. | Use because/so to link cause and effect. | Add the result, consequence or application.",9I Summary sheet p1 Forces and motion,exact-source-answer
y9r-051-9i-how-do-you-convert-a-speed-in-m-s-to-km-h,9I,written-main,True,explain,explain,Use point → because → result. Link the cause to the science effect.,"Make the point, give the reason, then link it to the result. Use because/so and the key science term.","Make the science point. | Use because/so to link cause and effect. | Add the result, consequence or application.",9I Summary sheet p1 Speed,exact-source-answer
y9r-052-9i-how-do-you-convert-a-speed-in-km-h-to-m-s,9I,written-main,True,explain,explain,Use point → because → result. Link the cause to the science effect.,"Make the point, give the reason, then link it to the result. Use because/so and the key science term.","Make the science point. | Use because/so to link cause and effect. | Add the result, consequence or application.",9I Summary sheet p1 Speed,exact-source-answer
y9r-053-9i-what-is-mean-speed,9I,written-recall,True,state,state,Use one short sentence or a compact list. Include the exact science term.,"Give the exact fact, term, equation or short list. Keep it short and use the science key words.","Find the exact fact the question is asking for. | Write the key word, equation or short list. | Do not add a long explanation unless the question asks for it.",9I Summary sheet p1 Speed,exact-source-answer
y9r-054-9i-what-is-the-relative-speed-of-a-car-travelling-at-50-km-h-compared-to-one-t,9I,written-main,True,calculate,calculate,"Write formula, substitution, answer and unit where possible.","Write the formula or method, substitute values, then give the answer with a unit or required rounding.",Write the equation or method. | Substitute the values and show working. | Give the final answer with the correct unit or rounding.,9I Summary sheet p1 Speed,exact-source-answer
y9r-055-9i-what-does-a-speed-time-graph-show,9I,written-main,True,graph,graph,"Read the axes, quote the trend or values, and describe the graph clearly.","Read the axes and scale first. Use values where useful, then describe or draw the trend/relationship.","Check the x-axis, y-axis and scale. | Use values, gradients or line shape where useful. | Describe the trend or draw/plot the requested relationship.",9I Summary sheet p1 Speed-time graphs,exact-source-answer
y9r-056-9i-what-do-horizontal-lines-show-on-a-speed-time-graph,9I,written-main,True,graph,graph,"Read the axes, quote the trend or values, and describe the graph clearly.","Read the axes and scale first. Use values where useful, then describe or draw the trend/relationship.","Check the x-axis, y-axis and scale. | Use values, gradients or line shape where useful. | Describe the trend or draw/plot the requested relationship.",9I Summary sheet p1 Speed-time graphs,exact-source-answer
y9r-057-9i-what-do-sloping-lines-show-on-a-speed-time-graph,9I,written-main,True,graph,graph,"Read the axes, quote the trend or values, and describe the graph clearly.","Read the axes and scale first. Use values where useful, then describe or draw the trend/relationship.","Check the x-axis, y-axis and scale. | Use values, gradients or line shape where useful. | Describe the trend or draw/plot the requested relationship.",9I Summary sheet p1 Speed-time graphs,exact-source-answer
y9r-058-9i-on-a-distance-time-graph-what-does-the-gradient-of-a-line-give,9I,written-main,True,graph,graph,"Read the axes, quote the trend or values, and describe the graph clearly.","Read the axes and scale first. Use values where useful, then describe or draw the trend/relationship.","Check the x-axis, y-axis and scale. | Use values, gradients or line shape where useful. | Describe the trend or draw/plot the requested relationship.",9I Summary sheet p2 Gradients,exact-source-answer
y9r-059-9i-what-is-a-pivot-also-known-as,9I,written-recall,True,state,state,Use one short sentence or a compact list. Include the exact science term.,"Give the exact fact, term, equation or short list. Keep it short and use the science key words.","Find the exact fact the question is asking for. | Write the key word, equation or short list. | Do not add a long explanation unless the question asks for it.",9I Summary sheet p2 Levers and moments,exact-source-answer
y9r-060-9i-what-is-a-turning-force-called,9I,written-recall,True,state,state,Use one short sentence or a compact list. Include the exact science term.,"Give the exact fact, term, equation or short list. Keep it short and use the science key words.","Find the exact fact the question is asking for. | Write the key word, equation or short list. | Do not add a long explanation unless the question asks for it.",9I Summary sheet p2 Levers and moments,exact-source-answer
y9r-061-9i-what-is-the-formula-for-moment,9I,written-recall,True,state,state,Use one short sentence or a compact list. Include the exact science term.,"Give the exact fact, term, equation or short list. Keep it short and use the science key words.","Find the exact fact the question is asking for. | Write the key word, equation or short list. | Do not add a long explanation unless the question asks for it.",9I Summary sheet p2 Levers and moments,exact-source-answer
y9r-062-9i-what-is-true-when-an-object-is-balanced,9I,written-recall,True,state,state,Use one short sentence or a compact list. Include the exact science term.,"Give the exact fact, term, equation or short list. Keep it short and use the science key words.","Find the exact fact the question is asking for. | Write the key word, equation or short list. | Do not add a long explanation unless the question asks for it.",9I Summary sheet p3 Levers and moments,exact-source-answer
y9r-063-9i-what-is-work-done,9I,written-recall,True,state,state,Use one short sentence or a compact list. Include the exact science term.,"Give the exact fact, term, equation or short list. Keep it short and use the science key words.","Find the exact fact the question is asking for. | Write the key word, equation or short list. | Do not add a long explanation unless the question asks for it.",9I Summary sheet p3 Simple machines,exact-source-answer
y9r-064-9i-what-is-the-formula-for-work-done,9I,written-recall,True,state,state,Use one short sentence or a compact list. Include the exact science term.,"Give the exact fact, term, equation or short list. Keep it short and use the science key words.","Find the exact fact the question is asking for. | Write the key word, equation or short list. | Do not add a long explanation unless the question asks for it.",9I Summary sheet p3 Simple machines,exact-source-answer
y9r-065-9j-what-is-a-force-field,9J,written-recall,True,state,state,Use one short sentence or a compact list. Include the exact science term.,"Give the exact fact, term, equation or short list. Keep it short and use the science key words.","Find the exact fact the question is asking for. | Write the key word, equation or short list. | Do not add a long explanation unless the question asks for it.",9J Summary sheet p1 Force fields,exact-source-answer
y9r-066-9j-what-is-the-earths-gravitational-field-strength-according-to-the-revision-s,9J,written-recall,True,state,state,Use one short sentence or a compact list. Include the exact science term.,"Give the exact fact, term, equation or short list. Keep it short and use the science key words.","Find the exact fact the question is asking for. | Write the key word, equation or short list. | Do not add a long explanation unless the question asks for it.",9J Summary sheet p1 Gravitational fields,exact-source-answer
y9r-067-9j-what-formula-is-used-to-calculate-weight,9J,written-main,True,calculate,calculate,"Write formula, substitution, answer and unit where possible.","Write the formula or method, substitute values, then give the answer with a unit or required rounding.",Write the equation or method. | Substitute the values and show working. | Give the final answer with the correct unit or rounding.,9J Summary sheet p1 Gravitational fields,exact-source-answer
y9r-068-9j-in-an-electric-field-diagram-what-do-the-arrows-show,9J,written-main,True,identify,identify,Use the diagram labels or names only. Do not add a long explanation unless it helps clarity.,"Use the labels, diagram or question clue to name the correct item(s). Keep the answer concise.","Look carefully at the label, diagram or clue. | Name the correct item(s), part(s) or feature(s). | Use letters/names clearly if the diagram uses labels.",9J Summary sheet p1 Static electricity,exact-source-answer
y9r-069-9j-what-is-current,9J,written-recall,True,state,state,Use one short sentence or a compact list. Include the exact science term.,"Give the exact fact, term, equation or short list. Keep it short and use the science key words.","Find the exact fact the question is asking for. | Write the key word, equation or short list. | Do not add a long explanation unless the question asks for it.",9J Summary sheet p1 Electric circuits,exact-source-answer
y9r-070-9j-how-do-we-measure-current,9J,written-main,True,explain,explain,Use point → because → result. Link the cause to the science effect.,"Make the point, give the reason, then link it to the result. Use because/so and the key science term.","Make the science point. | Use because/so to link cause and effect. | Add the result, consequence or application.",9J Summary sheet p1 Electric circuits,exact-source-answer
y9r-071-9j-how-do-we-measure-voltage,9J,written-main,True,explain,explain,Use point → because → result. Link the cause to the science effect.,"Make the point, give the reason, then link it to the result. Use because/so and the key science term.","Make the science point. | Use because/so to link cause and effect. | Add the result, consequence or application.",9J Summary sheet p1 Electric circuits,exact-source-answer
y9r-072-9j-what-is-resistance,9J,written-recall,True,state,state,Use one short sentence or a compact list. Include the exact science term.,"Give the exact fact, term, equation or short list. Keep it short and use the science key words.","Find the exact fact the question is asking for. | Write the key word, equation or short list. | Do not add a long explanation unless the question asks for it.",9J Summary sheet p2 Resistance,exact-source-answer
y9r-073-9j-if-resistance-stays-the-same-what-happens-when-voltage-is-higher,9J,written-main,True,explain,explain,Use point → because → result. Link the cause to the science effect.,"Make the point, give the reason, then link it to the result. Use because/so and the key science term.","Make the science point. | Use because/so to link cause and effect. | Add the result, consequence or application.",9J Summary sheet p2 Resistance,exact-source-answer
y9r-074-9j-if-voltage-stays-the-same-what-happens-when-resistance-is-higher,9J,written-main,True,explain,explain,Use point → because → result. Link the cause to the science effect.,"Make the point, give the reason, then link it to the result. Use because/so and the key science term.","Make the science point. | Use because/so to link cause and effect. | Add the result, consequence or application.",9J Summary sheet p2 Resistance,exact-source-answer
y9r-075-9j-what-three-things-does-the-resistance-of-a-wire-depend-on,9J,written-main,True,state,state,Use one short sentence or a compact list. Include the exact science term.,"Give the exact fact, term, equation or short list. Keep it short and use the science key words.","Find the exact fact the question is asking for. | Write the key word, equation or short list. | Do not add a long explanation unless the question asks for it.",9J Summary sheet p2 Resistance,exact-source-answer
y9r-076-9j-how-does-wire-length-affect-resistance,9J,written-main,True,explain,explain,Use point → because → result. Link the cause to the science effect.,"Make the point, give the reason, then link it to the result. Use because/so and the key science term.","Make the science point. | Use because/so to link cause and effect. | Add the result, consequence or application.",9J Summary sheet p2 Resistance,exact-source-answer
y9r-077-9j-how-does-wire-thickness-affect-resistance,9J,written-main,True,explain,explain,Use point → because → result. Link the cause to the science effect.,"Make the point, give the reason, then link it to the result. Use because/so and the key science term.","Make the science point. | Use because/so to link cause and effect. | Add the result, consequence or application.",9J Summary sheet p2 Resistance,exact-source-answer
y9r-078-9j-what-is-the-formula-for-calculating-resistance-from-voltage-and-current,9J,written-recall,True,state,state,Use one short sentence or a compact list. Include the exact science term.,"Give the exact fact, term, equation or short list. Keep it short and use the science key words.","Find the exact fact the question is asking for. | Write the key word, equation or short list. | Do not add a long explanation unless the question asks for it.",9J Summary sheet p2 Calculating resistance,exact-source-answer
y9r-079-9j-what-is-an-electromagnet,9J,written-recall,True,state,state,Use one short sentence or a compact list. Include the exact science term.,"Give the exact fact, term, equation or short list. Keep it short and use the science key words.","Find the exact fact the question is asking for. | Write the key word, equation or short list. | Do not add a long explanation unless the question asks for it.",9J Summary sheet p2 Electromagnets,exact-source-answer
y9r-080-9j-when-is-an-electromagnet-magnetic,9J,written-main,True,state,state,Use one short sentence or a compact list. Include the exact science term.,"Give the exact fact, term, equation or short list. Keep it short and use the science key words.","Find the exact fact the question is asking for. | Write the key word, equation or short list. | Do not add a long explanation unless the question asks for it.",9J Summary sheet p2 Electromagnets,exact-source-answer
y9r-081-9j-give-three-ways-to-make-an-electromagnet-stronger,9J,written-recall,True,state,state,Use one short sentence or a compact list. Include the exact science term.,"Give the exact fact, term, equation or short list. Keep it short and use the science key words.","Find the exact fact the question is asking for. | Write the key word, equation or short list. | Do not add a long explanation unless the question asks for it.",9J Summary sheet p2 Electromagnets,exact-source-answer
y9r-082-9j-what-is-the-motor-effect,9J,written-recall,True,state,state,Use one short sentence or a compact list. Include the exact science term.,"Give the exact fact, term, equation or short list. Keep it short and use the science key words.","Find the exact fact the question is asking for. | Write the key word, equation or short list. | Do not add a long explanation unless the question asks for it.",9J Summary sheet p3 Motors,exact-source-answer
y9r-083-9j-what-does-an-electric-motor-consist-of,9J,written-recall,True,state,state,Use one short sentence or a compact list. Include the exact science term.,"Give the exact fact, term, equation or short list. Keep it short and use the science key words.","Find the exact fact the question is asking for. | Write the key word, equation or short list. | Do not add a long explanation unless the question asks for it.",9J Summary sheet p3 Motors,exact-source-answer
y9r-084-9j-what-makes-the-coil-in-an-electric-motor-turn,9J,written-main,True,explain,explain,Use point → because → result. Link the cause to the science effect.,"Make the point, give the reason, then link it to the result. Use because/so and the key science term.","Make the science point. | Use because/so to link cause and effect. | Add the result, consequence or application.",9J Summary sheet p3 Motors,exact-source-answer
y9r-085-9j-how-can-the-speed-of-the-motor-or-the-force-it-provides-be-increased,9J,written-main,True,explain,explain,Use point → because → result. Link the cause to the science effect.,"Make the point, give the reason, then link it to the result. Use because/so and the key science term.","Make the science point. | Use because/so to link cause and effect. | Add the result, consequence or application.",9J Summary sheet p3 Motors,exact-source-answer
y9p-001-9a-what-is-an-abiotic-factor,9A,written-recall,True,state,state,Use one short sentence or a compact list. Include the exact science term.,"Give the exact fact, term, equation or short list. Keep it short and use the science key words.","Find the exact fact the question is asking for. | Write the key word, equation or short list. | Do not add a long explanation unless the question asks for it.",9A Word sheet 9Aa Environmental variation,exact-source-answer
y9p-002-9a-what-is-a-biotic-factor,9A,written-recall,True,state,state,Use one short sentence or a compact list. Include the exact science term.,"Give the exact fact, term, equation or short list. Keep it short and use the science key words.","Find the exact fact the question is asking for. | Write the key word, equation or short list. | Do not add a long explanation unless the question asks for it.",9A Word sheet 9Aa Environmental variation,exact-source-answer
y9p-003-9a-give-three-examples-of-living-or-biotic-factors-from-the-revision-sheet,9A,written-recall,True,state,state,Use one short sentence or a compact list. Include the exact science term.,"Give the exact fact, term, equation or short list. Keep it short and use the science key words.","Find the exact fact the question is asking for. | Write the key word, equation or short list. | Do not add a long explanation unless the question asks for it.",9A Summary sheet p1 Environmental variation,exact-source-answer
y9p-004-9a-what-are-abiotic-factors,9A,written-recall,True,state,state,Use one short sentence or a compact list. Include the exact science term.,"Give the exact fact, term, equation or short list. Keep it short and use the science key words.","Find the exact fact the question is asking for. | Write the key word, equation or short list. | Do not add a long explanation unless the question asks for it.",9A Summary sheet p1 Environmental variation,exact-source-answer
y9p-005-9a-what-forms-an-ecosystem,9A,written-main,True,state,state,Use one short sentence or a compact list. Include the exact science term.,"Give the exact fact, term, equation or short list. Keep it short and use the science key words.","Find the exact fact the question is asking for. | Write the key word, equation or short list. | Do not add a long explanation unless the question asks for it.",9A Summary sheet p1 Environmental variation,exact-source-answer
y9p-006-9a-how-can-probabilities-be-shown-in-inheritance-questions,9A,written-main,True,explain,explain,Use point → because → result. Link the cause to the science effect.,"Make the point, give the reason, then link it to the result. Use because/so and the key science term.","Make the science point. | Use because/so to link cause and effect. | Add the result, consequence or application.","9A Summary sheet p1 Chromosomes, genes and DNA",exact-source-answer
y9p-007-9a-what-does-probability-mean,9A,written-recall,True,state,state,Use one short sentence or a compact list. Include the exact science term.,"Give the exact fact, term, equation or short list. Keep it short and use the science key words.","Find the exact fact the question is asking for. | Write the key word, equation or short list. | Do not add a long explanation unless the question asks for it.",9A Word sheet 9Ab Probability,exact-source-answer
y9p-008-9a-write-25-as-a-decimal-and-as-a-fraction,9A,written-recall,True,state,state,Use one short sentence or a compact list. Include the exact science term.,"Give the exact fact, term, equation or short list. Keep it short and use the science key words.","Find the exact fact the question is asking for. | Write the key word, equation or short list. | Do not add a long explanation unless the question asks for it.","9A Summary sheet p1 Chromosomes, genes and DNA",source-traceable-application
y9p-009-9f-what-is-neutralisation,9F,written-recall,True,state,state,Use one short sentence or a compact list. Include the exact science term.,"Give the exact fact, term, equation or short list. Keep it short and use the science key words.","Find the exact fact the question is asking for. | Write the key word, equation or short list. | Do not add a long explanation unless the question asks for it.",9F Word sheet 9Fc Energy and reactions,exact-source-answer
y9p-010-9f-what-is-a-thermite-reaction,9F,written-recall,True,state,state,Use one short sentence or a compact list. Include the exact science term.,"Give the exact fact, term, equation or short list. Keep it short and use the science key words.","Find the exact fact the question is asking for. | Write the key word, equation or short list. | Do not add a long explanation unless the question asks for it.",9F Word sheet 9Fd Displacement,exact-source-answer
y9p-012-9f-in-the-thermite-reaction-which-metal-displaces-iron,9F,written-main,True,identify,identify,Use the diagram labels or names only. Do not add a long explanation unless it helps clarity.,"Use the labels, diagram or question clue to name the correct item(s). Keep the answer concise.","Look carefully at the label, diagram or clue. | Name the correct item(s), part(s) or feature(s). | Use letters/names clearly if the diagram uses labels.",9F Quick Quiz 9Fd Q4,exact-source-answer
y9p-013-9f-what-is-thermal-decomposition,9F,written-recall,True,state,state,Use one short sentence or a compact list. Include the exact science term.,"Give the exact fact, term, equation or short list. Keep it short and use the science key words.","Find the exact fact the question is asking for. | Write the key word, equation or short list. | Do not add a long explanation unless the question asks for it.",9E Word sheet 9Ec/9Ed Thermal decomposition,exact-source-answer
y9p-014-9f-what-energy-supply-do-thermal-decomposition-reactions-need-to-keep-going,9F,written-main,True,state,state,Use one short sentence or a compact list. Include the exact science term.,"Give the exact fact, term, equation or short list. Keep it short and use the science key words.","Find the exact fact the question is asking for. | Write the key word, equation or short list. | Do not add a long explanation unless the question asks for it.",9F Summary sheet p3 Hydrocarbons,exact-source-answer
y9p-015-9f-what-is-an-oxidising-agent,9F,written-recall,True,state,state,Use one short sentence or a compact list. Include the exact science term.,"Give the exact fact, term, equation or short list. Keep it short and use the science key words.","Find the exact fact the question is asking for. | Write the key word, equation or short list. | Do not add a long explanation unless the question asks for it.",9F Word sheet 9Fc Energy and reactions,exact-source-answer
y9p-016-9f-what-is-a-reducing-agent,9F,written-recall,True,state,state,Use one short sentence or a compact list. Include the exact science term.,"Give the exact fact, term, equation or short list. Keep it short and use the science key words.","Find the exact fact the question is asking for. | Write the key word, equation or short list. | Do not add a long explanation unless the question asks for it.",9F Word sheet 9Fe Extracting metals,exact-source-answer
y9p-017-9f-when-has-a-substance-been-reduced,9F,written-main,True,state,state,Use one short sentence or a compact list. Include the exact science term.,"Give the exact fact, term, equation or short list. Keep it short and use the science key words.","Find the exact fact the question is asking for. | Write the key word, equation or short list. | Do not add a long explanation unless the question asks for it.",9F Word sheet 9Fe Extracting metals,exact-source-answer
y9p-018-9f-what-is-a-redox-reaction,9F,written-recall,True,state,state,Use one short sentence or a compact list. Include the exact science term.,"Give the exact fact, term, equation or short list. Keep it short and use the science key words.","Find the exact fact the question is asking for. | Write the key word, equation or short list. | Do not add a long explanation unless the question asks for it.",9F Word sheet 9Fe Extracting metals,exact-source-answer
y9p-019-9f-what-is-oxidation,9F,written-recall,True,state,state,Use one short sentence or a compact list. Include the exact science term.,"Give the exact fact, term, equation or short list. Keep it short and use the science key words.","Find the exact fact the question is asking for. | Write the key word, equation or short list. | Do not add a long explanation unless the question asks for it.",9F Word sheet 9Fb Reactivity,exact-source-answer
y9p-020-9f-what-is-the-percentage-loss-or-gain-formula-from-the-revision-sheet,9F,written-recall,True,state,state,Use one short sentence or a compact list. Include the exact science term.,"Give the exact fact, term, equation or short list. Keep it short and use the science key words.","Find the exact fact the question is asking for. | Write the key word, equation or short list. | Do not add a long explanation unless the question asks for it.",9F Summary sheet p3 Percentage loss or gain,exact-source-answer
y9p-021-9j-what-is-a-decimal-place,9J,written-recall,True,state,state,Use one short sentence or a compact list. Include the exact science term.,"Give the exact fact, term, equation or short list. Keep it short and use the science key words.","Find the exact fact the question is asking for. | Write the key word, equation or short list. | Do not add a long explanation unless the question asks for it.",9J Word sheet 9Jd WS Rounding numbers,exact-source-answer
y9p-022-9j-how-do-you-find-the-number-of-decimal-places-in-a-number,9J,written-main,True,explain,explain,Use point → because → result. Link the cause to the science effect.,"Make the point, give the reason, then link it to the result. Use because/so and the key science term.","Make the science point. | Use because/so to link cause and effect. | Add the result, consequence or application.",9J Word sheet 9Jd WS Rounding numbers,exact-source-answer
y9p-023-9j-what-is-the-first-significant-figure-in-a-number,9J,written-recall,True,state,state,Use one short sentence or a compact list. Include the exact science term.,"Give the exact fact, term, equation or short list. Keep it short and use the science key words.","Find the exact fact the question is asking for. | Write the key word, equation or short list. | Do not add a long explanation unless the question asks for it.",9J Word sheet 9Jd WS Rounding numbers,exact-source-answer
y9p-024-9j-what-is-the-second-significant-figure-in-a-number,9J,written-recall,True,state,state,Use one short sentence or a compact list. Include the exact science term.,"Give the exact fact, term, equation or short list. Keep it short and use the science key words.","Find the exact fact the question is asking for. | Write the key word, equation or short list. | Do not add a long explanation unless the question asks for it.",9J Word sheet 9Jd WS Rounding numbers,exact-source-answer
y9p-025-9j-in-the-number-3-407-how-many-decimal-places-are-there,9J,written-main,True,calculate,calculate,Write the answer clearly. Show rounding or working where it helps.,"Write the formula or method, substitute values, then give the answer with a unit or required rounding.",Write the equation or method. | Substitute the values and show working. | Give the final answer with the correct unit or rounding.,9J Word sheet 9Jd WS Rounding numbers,source-traceable-application
y9p-026-9j-in-the-number-0-0632-what-is-the-first-significant-figure,9J,written-main,True,identify,identify,Use the diagram labels or names only. Do not add a long explanation unless it helps clarity.,"Use the labels, diagram or question clue to name the correct item(s). Keep the answer concise.","Look carefully at the label, diagram or clue. | Name the correct item(s), part(s) or feature(s). | Use letters/names clearly if the diagram uses labels.",9J Word sheet 9Jd WS Rounding numbers,source-traceable-application
y9p-027-9j-round-42-786-to-one-decimal-place,9J,written-main,True,calculate,calculate,Write the answer clearly. Show rounding or working where it helps.,"Write the formula or method, substitute values, then give the answer with a unit or required rounding.",Write the equation or method. | Substitute the values and show working. | Give the final answer with the correct unit or rounding.,9J Word sheet 9Jd WS Rounding numbers,source-traceable-application
y9p-028-9j-round-42-786-to-two-decimal-places,9J,written-main,True,calculate,calculate,Write the answer clearly. Show rounding or working where it helps.,"Write the formula or method, substitute values, then give the answer with a unit or required rounding.",Write the equation or method. | Substitute the values and show working. | Give the final answer with the correct unit or rounding.,9J Word sheet 9Jd WS Rounding numbers,source-traceable-application
y9p-029-9j-round-0-0632-to-one-significant-figure,9J,written-main,True,calculate,calculate,Write the answer clearly. Show rounding or working where it helps.,"Write the formula or method, substitute values, then give the answer with a unit or required rounding.",Write the equation or method. | Substitute the values and show working. | Give the final answer with the correct unit or rounding.,9J Word sheet 9Jd WS Rounding numbers,source-traceable-application
y9p-030-9j-round-0-0632-to-two-significant-figures,9J,written-main,True,calculate,calculate,Write the answer clearly. Show rounding or working where it helps.,"Write the formula or method, substitute values, then give the answer with a unit or required rounding.",Write the equation or method. | Substitute the values and show working. | Give the final answer with the correct unit or rounding.,9J Word sheet 9Jd WS Rounding numbers,source-traceable-application
y9p-031-9j-what-is-the-difference-between-decimal-places-and-significant-figures,9J,written-recall,True,state,state,Use one short sentence or a compact list. Include the exact science term.,"Give the exact fact, term, equation or short list. Keep it short and use the science key words.","Find the exact fact the question is asking for. | Write the key word, equation or short list. | Do not add a long explanation unless the question asks for it.",9J Word sheet 9Jd WS Rounding numbers,source-traceable-synthesis
y9qb-001-9b-farming-benefit-problem-compare,9B,written-main,True,explain,explain,Use point → because → result. Link the cause to the science effect.,"Make the point, give the reason, then link it to the result. Use because/so and the key science term.","Make the science point. | Use because/so to link cause and effect. | Add the result, consequence or application.",9B revision pack farming methods / sustainability notes,source-traceable-synthesis
y9qb-002-9e-thermal-decomposition-state-symbols,9E,written-recall,True,state,state,Use one short sentence or a compact list. Include the exact science term.,"Give the exact fact, term, equation or short list. Keep it short and use the science key words.","Find the exact fact the question is asking for. | Write the key word, equation or short list. | Do not add a long explanation unless the question asks for it.",9E revision pack thermal decomposition / state symbols,source-traceable-synthesis
y9qb-003-9f-redox-thermite-application,9F,written-main,True,explain,explain,Use point → because → result. Link the cause to the science effect.,"Make the point, give the reason, then link it to the result. Use because/so and the key science term.","Make the science point. | Use because/so to link cause and effect. | Add the result, consequence or application.","9F revision pack thermite / oxidation, reduction and redox",source-traceable-synthesis
y9qb-004-9i-moments-balanced-application,9I,written-main,True,calculate,calculate,"Write formula, substitution, answer and unit where possible.","Write the formula or method, substitute values, then give the answer with a unit or required rounding.",Write the equation or method. | Substitute the values and show working. | Give the final answer with the correct unit or rounding.,9I revision pack moments / balanced moments,source-traceable-synthesis
y9qb-005-9j-wire-resistance-investigation-variables,9J,written-main,True,identify,identify,Use the diagram labels or names only. Do not add a long explanation unless it helps clarity.,"Use the labels, diagram or question clue to name the correct item(s). Keep the answer concise.","Look carefully at the label, diagram or clue. | Name the correct item(s), part(s) or feature(s). | Use letters/names clearly if the diagram uses labels.",9J revision pack wire resistance investigation,source-traceable-synthesis
y9qb-006-9j-significant-figures-application,9J,written-recall,True,state,calculate,Use one short sentence or a compact list. Include the exact science term.,"Write the formula or method, substitute values, then give the answer with a unit or required rounding.",Write the equation or method. | Substitute the values and show working. | Give the final answer with the correct unit or rounding.,9J Word sheet 9Jd WS Rounding numbers,source-traceable-synthesis
y9cgp-004-I-pressure-calculate-the-pressure-when-a-120-n-force-acts-on-an-area-of,9I,written-main,True,calculate,calculate,"Write formula, substitution, answer and unit where possible.","Write the formula or method, substitute values, then give the answer with a unit or required rounding.",Write the equation or method. | Substitute the values and show working. | Give the final answer with the correct unit or rounding.,CGP KS3 Science syllabus map Year 9 Topic 1 Pressure; Oak pressure/floating lessons,new-cgp-bridge-derived
y9cgp-005-I-pressure-a-force-of-60-n-produces-a-pressure-of-300-pa-calculate-the-,9I,written-main,True,calculate,calculate,"Write formula, substitution, answer and unit where possible.","Write the formula or method, substitute values, then give the answer with a unit or required rounding.",Write the equation or method. | Substitute the values and show working. | Give the final answer with the correct unit or rounding.,CGP KS3 Science syllabus map Year 9 Topic 1 Pressure; Oak pressure/floating lessons,new-cgp-bridge-derived
y9cgp-006-I-pressure-describe-how-liquid-pressure-changes-with-depth,9I,written-main,True,describe,describe,"Use short linked sentences. Say what happens, what is shown, or what changes.","Say what happens, what changes, or what is shown. Use short linked points and include values or labels if given.","Give one clear feature, step or change. | Add another linked feature, step or comparison. | Use values, labels or context from the question where useful.",CGP KS3 Science syllabus map Year 9 Topic 1 Pressure; Oak pressure/floating lessons,new-cgp-bridge-derived
y9cgp-007-I-pressure-why-does-a-dam-wall-need-to-be-stronger-near-the-bottom,9I,written-main,True,explain,explain,Use point → because → result. Link the cause to the science effect.,"Make the point, give the reason, then link it to the result. Use because/so and the key science term.","Make the science point. | Use because/so to link cause and effect. | Add the result, consequence or application.",CGP KS3 Science syllabus map Year 9 Topic 1 Pressure; Oak pressure/floating lessons,new-cgp-bridge-derived
y9cgp-009-I-pressure-describe-how-atmospheric-pressure-changes-with-height,9I,written-main,True,describe,describe,"Use short linked sentences. Say what happens, what is shown, or what changes.","Say what happens, what changes, or what is shown. Use short linked points and include values or labels if given.","Give one clear feature, step or change. | Add another linked feature, step or comparison. | Use values, labels or context from the question where useful.",CGP KS3 Science syllabus map Year 9 Topic 1 Pressure; Oak pressure/floating lessons,new-cgp-bridge-derived
y9cgp-010-I-pressure-why-can-a-large-ship-float-even-though-it-is-made-from-dense,9I,written-main,True,explain,explain,Use point → because → result. Link the cause to the science effect.,"Make the point, give the reason, then link it to the result. Use because/so and the key science term.","Make the science point. | Use because/so to link cause and effect. | Add the result, consequence or application.",CGP KS3 Science syllabus map Year 9 Topic 1 Pressure; Oak pressure/floating lessons,new-cgp-bridge-derived
y9cgp-011-I-pressure-what-does-it-mean-if-an-object-floats,9I,written-recall,True,state,state,Use one short sentence or a compact list. Include the exact science term.,"Give the exact fact, term, equation or short list. Keep it short and use the science key words.","Find the exact fact the question is asking for. | Write the key word, equation or short list. | Do not add a long explanation unless the question asks for it.",CGP KS3 Science syllabus map Year 9 Topic 1 Pressure; Oak pressure/floating lessons,new-cgp-bridge-derived
y9cgp-013-I-pressure-why-do-snowshoes-help-a-person-walk-on-soft-snow,9I,written-main,True,explain,explain,Use point → because → result. Link the cause to the science effect.,"Make the point, give the reason, then link it to the result. Use because/so and the key science term.","Make the science point. | Use because/so to link cause and effect. | Add the result, consequence or application.",CGP KS3 Science syllabus map Year 9 Topic 1 Pressure; Oak pressure/floating lessons,new-cgp-bridge-derived
y9cgp-014-I-pressure-a-block-underwater-has-equal-sized-top-and-bottom-faces-expl,9I,written-main,True,explain,explain,Use point → because → result. Link the cause to the science effect.,"Make the point, give the reason, then link it to the result. Use because/so and the key science term.","Make the science point. | Use because/so to link cause and effect. | Add the result, consequence or application.",CGP KS3 Science syllabus map Year 9 Topic 1 Pressure; Oak pressure/floating lessons,new-cgp-bridge-derived
y9cgp-015-I-pressure-correct-the-misconception-liquid-pressure-at-the-bottom-depe,9I,written-main,True,explain,explain,Use point → because → result. Link the cause to the science effect.,"Make the point, give the reason, then link it to the result. Use because/so and the key science term.","Make the science point. | Use because/so to link cause and effect. | Add the result, consequence or application.",CGP KS3 Science syllabus map Year 9 Topic 1 Pressure; Oak pressure/floating lessons,new-cgp-bridge-derived
y9cgp-048-E-heating-cooling-what-happens-to-particles-in-a-solid-when-it-is-heated,9E,written-main,True,describe,describe,"Use short linked sentences. Say what happens, what is shown, or what changes.","Say what happens, what changes, or what is shown. Use short linked points and include values or labels if given.","Give one clear feature, step or change. | Add another linked feature, step or comparison. | Use values, labels or context from the question where useful.",CGP KS3 Science syllabus map Year 9 Topic 5 Heating and cooling; Oak heating/cooling lessons,new-cgp-bridge-derived
y9cgp-049-E-heating-cooling-what-happens-to-particles-in-a-hot-object-as-it-cools,9E,written-main,True,describe,describe,"Use short linked sentences. Say what happens, what is shown, or what changes.","Say what happens, what changes, or what is shown. Use short linked points and include values or labels if given.","Give one clear feature, step or change. | Add another linked feature, step or comparison. | Use values, labels or context from the question where useful.",CGP KS3 Science syllabus map Year 9 Topic 5 Heating and cooling; Oak heating/cooling lessons,new-cgp-bridge-derived
y9cgp-052-E-heating-cooling-describe-conduction-using-particles,9E,written-main,True,describe,describe,"Use short linked sentences. Say what happens, what is shown, or what changes.","Say what happens, what changes, or what is shown. Use short linked points and include values or labels if given.","Give one clear feature, step or change. | Add another linked feature, step or comparison. | Use values, labels or context from the question where useful.",CGP KS3 Science syllabus map Year 9 Topic 5 Heating and cooling; Oak heating/cooling lessons,new-cgp-bridge-derived
y9cgp-053-E-heating-cooling-why-does-a-metal-spoon-in-hot-soup-become-hot-quickly,9E,written-main,True,explain,explain,Use point → because → result. Link the cause to the science effect.,"Make the point, give the reason, then link it to the result. Use because/so and the key science term.","Make the science point. | Use because/so to link cause and effect. | Add the result, consequence or application.",CGP KS3 Science syllabus map Year 9 Topic 5 Heating and cooling; Oak heating/cooling lessons,new-cgp-bridge-derived
y9cgp-054-E-heating-cooling-why-does-a-plastic-handle-help-protect-your-hand-from-a-hot-,9E,written-main,True,explain,explain,Use point → because → result. Link the cause to the science effect.,"Make the point, give the reason, then link it to the result. Use because/so and the key science term.","Make the science point. | Use because/so to link cause and effect. | Add the result, consequence or application.",CGP KS3 Science syllabus map Year 9 Topic 5 Heating and cooling; Oak heating/cooling lessons,new-cgp-bridge-derived
y9cgp-055-E-heating-cooling-what-does-a-cooling-curve-show,9E,written-recall,True,state,state,Use one short sentence or a compact list. Include the exact science term.,"Give the exact fact, term, equation or short list. Keep it short and use the science key words.","Find the exact fact the question is asking for. | Write the key word, equation or short list. | Do not add a long explanation unless the question asks for it.",CGP KS3 Science syllabus map Year 9 Topic 5 Heating and cooling; Oak heating/cooling lessons,new-cgp-bridge-derived
y9cgp-056-E-heating-cooling-why-does-a-very-hot-drink-cool-faster-at-first-than-later,9E,written-main,True,explain,explain,Use point → because → result. Link the cause to the science effect.,"Make the point, give the reason, then link it to the result. Use because/so and the key science term.","Make the science point. | Use because/so to link cause and effect. | Add the result, consequence or application.",CGP KS3 Science syllabus map Year 9 Topic 5 Heating and cooling; Oak heating/cooling lessons,new-cgp-bridge-derived
y9cgp-057-E-heating-cooling-correct-the-misconception-energy-disappears-when-an-object-c,9E,written-main,True,explain,explain,Use point → because → result. Link the cause to the science effect.,"Make the point, give the reason, then link it to the result. Use because/so and the key science term.","Make the science point. | Use because/so to link cause and effect. | Add the result, consequence or application.",CGP KS3 Science syllabus map Year 9 Topic 5 Heating and cooling; Oak heating/cooling lessons,new-cgp-bridge-derived
y9cgp-059-E-heating-cooling-explain-why-insulation-does-not-make-heat-it-helps-keep-some,9E,written-main,True,explain,explain,Use point → because → result. Link the cause to the science effect.,"Make the point, give the reason, then link it to the result. Use because/so and the key science term.","Make the science point. | Use because/so to link cause and effect. | Add the result, consequence or application.",CGP KS3 Science syllabus map Year 9 Topic 5 Heating and cooling; Oak heating/cooling lessons,new-cgp-bridge-derived
y9cgp-061-F-periodic-table-bridge-what-does-an-atom-contain,9F,written-recall,True,state,state,Use one short sentence or a compact list. Include the exact science term.,"Give the exact fact, term, equation or short list. Keep it short and use the science key words.","Find the exact fact the question is asking for. | Write the key word, equation or short list. | Do not add a long explanation unless the question asks for it.",9F Summary sheet p2 Atomic structure; CGP KS3 Year 9 Topic 7 Periodic table; Oak periodic table lessons,exact-source-answer
y9cgp-062-F-periodic-table-bridge-what-is-the-atomic-number-or-proton-number,9F,written-recall,True,state,state,Use one short sentence or a compact list. Include the exact science term.,"Give the exact fact, term, equation or short list. Keep it short and use the science key words.","Find the exact fact the question is asking for. | Write the key word, equation or short list. | Do not add a long explanation unless the question asks for it.",9F Summary sheet p2 Atomic structure; CGP KS3 Year 9 Topic 7 Periodic table; Oak periodic table lessons,exact-source-answer
y9cgp-063-F-periodic-table-bridge-what-is-the-mass-number-of-an-atom,9F,written-recall,True,state,state,Use one short sentence or a compact list. Include the exact science term.,"Give the exact fact, term, equation or short list. Keep it short and use the science key words.","Find the exact fact the question is asking for. | Write the key word, equation or short list. | Do not add a long explanation unless the question asks for it.",9F Summary sheet p2 Atomic structure; CGP KS3 Year 9 Topic 7 Periodic table; Oak periodic table lessons,exact-source-answer
y9cgp-064-F-periodic-table-bridge-what-are-groups-and-periods-in-the-periodic-table,9F,written-recall,True,state,state,Use one short sentence or a compact list. Include the exact science term.,"Give the exact fact, term, equation or short list. Keep it short and use the science key words.","Find the exact fact the question is asking for. | Write the key word, equation or short list. | Do not add a long explanation unless the question asks for it.",9F Summary sheet p2 Atomic structure; CGP KS3 Year 9 Topic 7 Periodic table; Oak periodic table lessons,exact-source-answer
y9cgp-067-F-periodic-table-bridge-where-are-metals-usually-found-in-the-periodic-table,9F,written-main,True,identify,identify,Use the diagram labels or names only. Do not add a long explanation unless it helps clarity.,"Use the labels, diagram or question clue to name the correct item(s). Keep the answer concise.","Look carefully at the label, diagram or clue. | Name the correct item(s), part(s) or feature(s). | Use letters/names clearly if the diagram uses labels.",9F Summary sheet p2 Atomic structure; CGP KS3 Year 9 Topic 7 Periodic table; Oak periodic table lessons,new-cgp-bridge-derived
y9cgp-068-F-periodic-table-bridge-give-two-general-properties-of-metals,9F,written-recall,True,state,state,Use one short sentence or a compact list. Include the exact science term.,"Give the exact fact, term, equation or short list. Keep it short and use the science key words.","Find the exact fact the question is asking for. | Write the key word, equation or short list. | Do not add a long explanation unless the question asks for it.",9F Summary sheet p2 Atomic structure; CGP KS3 Year 9 Topic 7 Periodic table; Oak periodic table lessons,new-cgp-bridge-derived
y9cgp-069-F-periodic-table-bridge-give-two-general-properties-of-non-metals,9F,written-recall,True,state,state,Use one short sentence or a compact list. Include the exact science term.,"Give the exact fact, term, equation or short list. Keep it short and use the science key words.","Find the exact fact the question is asking for. | Write the key word, equation or short list. | Do not add a long explanation unless the question asks for it.",9F Summary sheet p2 Atomic structure; CGP KS3 Year 9 Topic 7 Periodic table; Oak periodic table lessons,new-cgp-bridge-derived
y9cgp-071-F-periodic-table-bridge-describe-the-reactivity-trend-down-group-1,9F,written-main,True,describe,describe,"Use short linked sentences. Say what happens, what is shown, or what changes.","Say what happens, what changes, or what is shown. Use short linked points and include values or labels if given.","Give one clear feature, step or change. | Add another linked feature, step or comparison. | Use values, labels or context from the question where useful.",9F Summary sheet p2 Atomic structure; CGP KS3 Year 9 Topic 7 Periodic table; Oak periodic table lessons,new-cgp-bridge-derived
y9cgp-073-F-periodic-table-bridge-describe-the-reactivity-trend-down-group-7,9F,written-main,True,describe,describe,"Use short linked sentences. Say what happens, what is shown, or what changes.","Say what happens, what changes, or what is shown. Use short linked points and include values or labels if given.","Give one clear feature, step or change. | Add another linked feature, step or comparison. | Use values, labels or context from the question where useful.",9F Summary sheet p2 Atomic structure; CGP KS3 Year 9 Topic 7 Periodic table; Oak periodic table lessons,new-cgp-bridge-derived
y9cgp-076-E-climate-bridge-what-causes-the-natural-greenhouse-effect,9E,written-main,True,explain,explain,Use point → because → result. Link the cause to the science effect.,"Make the point, give the reason, then link it to the result. Use because/so and the key science term.","Make the science point. | Use because/so to link cause and effect. | Add the result, consequence or application.",9E environmental impacts/greenhouse gas revision content; CGP KS3 Year 9 Topic 11 Climate; Oak climate lessons,new-cgp-bridge-derived
y9cgp-077-E-climate-bridge-why-can-extra-greenhouse-gases-increase-global-temperature,9E,written-main,True,explain,explain,Use point → because → result. Link the cause to the science effect.,"Make the point, give the reason, then link it to the result. Use because/so and the key science term.","Make the science point. | Use because/so to link cause and effect. | Add the result, consequence or application.",9E environmental impacts/greenhouse gas revision content; CGP KS3 Year 9 Topic 11 Climate; Oak climate lessons,new-cgp-bridge-derived
y9cgp-079-E-climate-bridge-give-two-examples-of-evidence-used-for-global-warming,9E,written-recall,True,state,state,Use one short sentence or a compact list. Include the exact science term.,"Give the exact fact, term, equation or short list. Keep it short and use the science key words.","Find the exact fact the question is asking for. | Write the key word, equation or short list. | Do not add a long explanation unless the question asks for it.",9E environmental impacts/greenhouse gas revision content; CGP KS3 Year 9 Topic 11 Climate; Oak climate lessons,new-cgp-bridge-derived
y9cgp-080-E-climate-bridge-how-can-cutting-fossil-fuel-use-help-reduce-global-warming,9E,written-main,True,explain,explain,Use point → because → result. Link the cause to the science effect.,"Make the point, give the reason, then link it to the result. Use because/so and the key science term.","Make the science point. | Use because/so to link cause and effect. | Add the result, consequence or application.",9E environmental impacts/greenhouse gas revision content; CGP KS3 Year 9 Topic 11 Climate; Oak climate lessons,new-cgp-bridge-derived
y9cgp-081-E-climate-bridge-explain-one-environmental-problem-caused-by-making-materials,9E,written-main,True,explain,explain,Use point → because → result. Link the cause to the science effect.,"Make the point, give the reason, then link it to the result. Use because/so and the key science term.","Make the science point. | Use because/so to link cause and effect. | Add the result, consequence or application.",9E environmental impacts/greenhouse gas revision content; CGP KS3 Year 9 Topic 11 Climate; Oak climate lessons,exact-source-answer
y9cgp-083-E-climate-bridge-why-is-climate-change-more-than-just-one-hot-day,9E,written-main,True,explain,explain,Use point → because → result. Link the cause to the science effect.,"Make the point, give the reason, then link it to the result. Use because/so and the key science term.","Make the science point. | Use because/so to link cause and effect. | Add the result, consequence or application.",9E environmental impacts/greenhouse gas revision content; CGP KS3 Year 9 Topic 11 Climate; Oak climate lessons,new-cgp-bridge-derived
y9cgp-084-E-climate-bridge-why-do-scientists-compare-modern-temperatures-with-long-term,9E,written-main,True,explain,explain,Use point → because → result. Link the cause to the science effect.,"Make the point, give the reason, then link it to the result. Use because/so and the key science term.","Make the science point. | Use because/so to link cause and effect. | Add the result, consequence or application.",9E environmental impacts/greenhouse gas revision content; CGP KS3 Year 9 Topic 11 Climate; Oak climate lessons,new-cgp-bridge-derived
y9cgp-085-E-climate-bridge-explain-why-a-correlation-between-greenhouse-gas-emissions-a,9E,written-main,True,explain,explain,Use point → because → result. Link the cause to the science effect.,"Make the point, give the reason, then link it to the result. Use because/so and the key science term.","Make the science point. | Use because/so to link cause and effect. | Add the result, consequence or application.",9E environmental impacts/greenhouse gas revision content; CGP KS3 Year 9 Topic 11 Climate; Oak climate lessons,new-cgp-bridge-derived
y9cgp-098-F-chemical-energy-bridge-what-do-exothermic-reactions-do-to-the-surroundings,9F,written-main,True,state,state,Use one short sentence or a compact list. Include the exact science term.,"Give the exact fact, term, equation or short list. Keep it short and use the science key words.","Find the exact fact the question is asking for. | Write the key word, equation or short list. | Do not add a long explanation unless the question asks for it.",9E/9F Summary sheet exothermic and endothermic reactions; CGP KS3 Year 9 Topic 10 Chemical energy; Oak chemical energy lesson,exact-source-answer
y9cgp-099-F-chemical-energy-bridge-what-do-endothermic-reactions-do-to-the-surroundings,9F,written-main,True,state,state,Use one short sentence or a compact list. Include the exact science term.,"Give the exact fact, term, equation or short list. Keep it short and use the science key words.","Find the exact fact the question is asking for. | Write the key word, equation or short list. | Do not add a long explanation unless the question asks for it.",9E/9F Summary sheet exothermic and endothermic reactions; CGP KS3 Year 9 Topic 10 Chemical energy; Oak chemical energy lesson,exact-source-answer
y9cgp-102-F-chemical-energy-bridge-why-should-temperature-be-measured-before-and-after-a-reacti,9F,written-main,True,explain,explain,Use point → because → result. Link the cause to the science effect.,"Make the point, give the reason, then link it to the result. Use because/so and the key science term.","Make the science point. | Use because/so to link cause and effect. | Add the result, consequence or application.",9E/9F Summary sheet exothermic and endothermic reactions; CGP KS3 Year 9 Topic 10 Chemical energy; Oak chemical energy lesson,new-cgp-bridge-derived
y9cgp-103-F-chemical-energy-bridge-give-one-example-of-an-endothermic-reaction-from-the-revisio,9F,written-recall,True,state,state,Use one short sentence or a compact list. Include the exact science term.,"Give the exact fact, term, equation or short list. Keep it short and use the science key words.","Find the exact fact the question is asking for. | Write the key word, equation or short list. | Do not add a long explanation unless the question asks for it.",9E/9F Summary sheet exothermic and endothermic reactions; CGP KS3 Year 9 Topic 10 Chemical energy; Oak chemical energy lesson,exact-source-answer
y9cgp-104-F-chemical-energy-bridge-why-is-combustion-usually-described-as-exothermic,9F,written-main,True,explain,explain,Use point → because → result. Link the cause to the science effect.,"Make the point, give the reason, then link it to the result. Use because/so and the key science term.","Make the science point. | Use because/so to link cause and effect. | Add the result, consequence or application.",9E/9F Summary sheet exothermic and endothermic reactions; CGP KS3 Year 9 Topic 10 Chemical energy; Oak chemical energy lesson,new-cgp-bridge-derived
y9cgp-105-F-chemical-energy-bridge-correct-the-misconception-a-cold-reaction-makes-cold-energy,9F,written-main,True,explain,explain,Use point → because → result. Link the cause to the science effect.,"Make the point, give the reason, then link it to the result. Use because/so and the key science term.","Make the science point. | Use because/so to link cause and effect. | Add the result, consequence or application.",9E/9F Summary sheet exothermic and endothermic reactions; CGP KS3 Year 9 Topic 10 Chemical energy; Oak chemical energy lesson,new-cgp-bridge-derived
y9img-001-9i-density-water-displacement-calculate-density,9I,written-main,True,calculate,calculate,"Write formula, substitution, answer and unit where possible.","Write the formula or method, substitute values, then give the answer with a unit or required rounding.",Write the equation or method. | Substitute the values and show working. | Give the final answer with the correct unit or rounding.,Visual integration v1.52.0,source-style-redraw
y9img-002-9i-density-cuboid-calculate-density,9I,written-main,True,calculate,calculate,"Write formula, substitution, answer and unit where possible.","Write the formula or method, substitute values, then give the answer with a unit or required rounding.",Write the equation or method. | Substitute the values and show working. | Give the final answer with the correct unit or rounding.,Visual integration v1.52.0,source-style-redraw
y9img-003-9i-pressure-solid-block-calculate-pressure,9I,written-main,True,calculate,calculate,"Write formula, substitution, answer and unit where possible.","Write the formula or method, substitute values, then give the answer with a unit or required rounding.",Write the equation or method. | Substitute the values and show working. | Give the final answer with the correct unit or rounding.,Visual integration v1.52.0,source-style-redraw
y9img-005-9i-moment-balanced-missing-distance,9I,written-main,True,calculate,calculate,"Write formula, substitution, answer and unit where possible.","Write the formula or method, substitute values, then give the answer with a unit or required rounding.",Write the equation or method. | Substitute the values and show working. | Give the final answer with the correct unit or rounding.,Visual integration v1.52.0,source-style-redraw
y9r6-004-9j-current-voltage-resistance-calculate,9J,written-main,True,calculate,calculate,"Write formula, substitution, answer and unit where possible.","Write the formula or method, substitute values, then give the answer with a unit or required rounding.",Write the equation or method. | Substitute the values and show working. | Give the final answer with the correct unit or rounding.,Reaction images r6 integration v1.53.0,source-style-redraw
